galaxy,model,n_outer,n_valid,fit_failed,failure_reason
CamB,adaptive_primary,2,2,False,
CamB,baryon_only,2,2,False,
CamB,compact_plummer,2,2,False,
CamB,extended,2,2,False,
CamB,nfw,2,2,False,
CamB,profiled_baryons,2,2,False,
CamB,scalar_core,2,2,False,
D631-7,adaptive_primary,4,4,False,
D631-7,baryon_only,4,4,False,
D631-7,compact_plummer,4,4,False,
D631-7,extended,4,4,False,
D631-7,nfw,4,4,False,
D631-7,profiled_baryons,4,4,False,
D631-7,scalar_core,4,4,False,
DDO064,adaptive_primary,3,3,False,
DDO064,baryon_only,3,3,False,
DDO064,compact_plummer,3,3,False,
DDO064,extended,3,3,False,
DDO064,nfw,3,3,False,
DDO064,profiled_baryons,3,3,False,
DDO064,scalar_core,3,3,False,
DDO154,adaptive_primary,3,3,False,
DDO154,baryon_only,3,3,False,
DDO154,compact_plummer,3,3,False,
DDO154,extended,3,3,False,
DDO154,nfw,3,3,False,
DDO154,profiled_baryons,3,3,False,
DDO154,scalar_core,3,3,False,
DDO161,adaptive_primary,7,7,False,
DDO161,baryon_only,7,7,False,
DDO161,compact_plummer,7,7,False,
DDO161,extended,7,7,False,
DDO161,nfw,7,7,False,
DDO161,profiled_baryons,7,7,False,
DDO161,scalar_core,7,7,False,
DDO168,adaptive_primary,2,2,False,
DDO168,baryon_only,2,2,False,
DDO168,compact_plummer,2,2,False,
DDO168,extended,2,2,False,
DDO168,nfw,2,2,False,
DDO168,profiled_baryons,2,2,False,
DDO168,scalar_core,2,2,False,
DDO170,adaptive_primary,2,2,False,
DDO170,baryon_only,2,2,False,
DDO170,compact_plummer,2,2,False,
DDO170,extended,2,2,False,
DDO170,nfw,2,2,False,
DDO170,profiled_baryons,2,2,False,
DDO170,scalar_core,2,2,False,
ESO079-G014,adaptive_primary,3,3,False,
ESO079-G014,baryon_only,3,3,False,
ESO079-G014,compact_plummer,3,3,False,
ESO079-G014,extended,3,3,False,
ESO079-G014,nfw,3,3,False,
ESO079-G014,profiled_baryons,3,3,False,
ESO079-G014,scalar_core,3,3,False,
ESO116-G012,adaptive_primary,3,3,False,
ESO116-G012,baryon_only,3,3,False,
ESO116-G012,compact_plummer,3,3,False,
ESO116-G012,extended,3,3,False,
ESO116-G012,nfw,3,3,False,
ESO116-G012,profiled_baryons,3,3,False,
ESO116-G012,scalar_core,3,3,False,
ESO563-G021,adaptive_primary,6,6,False,
ESO563-G021,baryon_only,6,6,False,
ESO563-G021,compact_plummer,6,6,False,
ESO563-G021,extended,6,6,False,
ESO563-G021,nfw,6,6,False,
ESO563-G021,profiled_baryons,6,6,False,
ESO563-G021,scalar_core,6,6,False,
F568-3,adaptive_primary,4,4,False,
F568-3,baryon_only,4,4,False,
F568-3,compact_plummer,4,4,False,
F568-3,extended,4,4,False,
F568-3,nfw,4,4,False,
F568-3,profiled_baryons,4,4,False,
F568-3,scalar_core,4,4,False,
F568-V1,adaptive_primary,3,3,False,
F568-V1,baryon_only,3,3,False,
F568-V1,compact_plummer,3,3,False,
F568-V1,extended,3,3,False,
F568-V1,nfw,3,3,False,
F568-V1,profiled_baryons,3,3,False,
F568-V1,scalar_core,3,3,False,
F571-8,adaptive_primary,3,3,False,
F571-8,baryon_only,3,3,False,
F571-8,compact_plummer,3,3,False,
F571-8,extended,3,3,False,
F571-8,nfw,3,3,False,
F571-8,profiled_baryons,3,3,False,
F571-8,scalar_core,3,3,False,
F574-1,adaptive_primary,3,3,False,
F574-1,baryon_only,3,3,False,
F574-1,compact_plummer,3,3,False,
F574-1,extended,3,3,False,
F574-1,nfw,3,3,False,
F574-1,profiled_baryons,3,3,False,
F574-1,scalar_core,3,3,False,
F583-1,adaptive_primary,5,5,False,
F583-1,baryon_only,5,5,False,
F583-1,compact_plummer,5,5,False,
F583-1,extended,5,5,False,
F583-1,nfw,5,5,False,
F583-1,profiled_baryons,5,5,False,
F583-1,scalar_core,5,5,False,
F583-4,adaptive_primary,3,3,False,
F583-4,baryon_only,3,3,False,
F583-4,compact_plummer,3,3,False,
F583-4,extended,3,3,False,
F583-4,nfw,3,3,False,
F583-4,profiled_baryons,3,3,False,
F583-4,scalar_core,3,3,False,
IC2574,adaptive_primary,7,7,False,
IC2574,baryon_only,7,7,False,
IC2574,compact_plummer,7,7,False,
IC2574,extended,7,7,False,
IC2574,nfw,7,7,False,
IC2574,profiled_baryons,7,7,False,
IC2574,scalar_core,7,7,False,
IC4202,adaptive_primary,7,7,False,
IC4202,baryon_only,7,7,False,
IC4202,compact_plummer,7,7,False,
IC4202,extended,7,7,False,
IC4202,nfw,7,7,False,
IC4202,profiled_baryons,7,7,False,
IC4202,scalar_core,7,7,False,
KK98-251,adaptive_primary,3,3,False,
KK98-251,baryon_only,3,3,False,
KK98-251,compact_plummer,3,3,False,
KK98-251,extended,3,3,False,
KK98-251,nfw,3,3,False,
KK98-251,profiled_baryons,3,3,False,
KK98-251,scalar_core,3,3,False,
NGC0024,adaptive_primary,6,6,False,
NGC0024,baryon_only,6,6,False,
NGC0024,compact_plummer,6,6,False,
NGC0024,extended,6,6,False,
NGC0024,nfw,6,6,False,
NGC0024,profiled_baryons,6,6,False,
NGC0024,scalar_core,6,6,False,
NGC0055,adaptive_primary,5,5,False,
NGC0055,baryon_only,5,5,False,
NGC0055,compact_plummer,5,5,False,
NGC0055,extended,5,5,False,
NGC0055,nfw,5,5,False,
NGC0055,profiled_baryons,5,5,False,
NGC0055,scalar_core,5,5,False,
NGC0100,adaptive_primary,5,5,False,
NGC0100,baryon_only,5,5,False,
NGC0100,compact_plummer,5,5,False,
NGC0100,extended,5,5,False,
NGC0100,nfw,5,5,False,
NGC0100,profiled_baryons,5,5,False,
NGC0100,scalar_core,5,5,False,
NGC0247,adaptive_primary,6,6,False,
NGC0247,baryon_only,6,6,False,
NGC0247,compact_plummer,6,6,False,
NGC0247,extended,6,6,False,
NGC0247,nfw,6,6,False,
NGC0247,profiled_baryons,6,6,False,
NGC0247,scalar_core,6,6,False,
NGC0289,adaptive_primary,6,6,False,
NGC0289,baryon_only,6,6,False,
NGC0289,compact_plummer,6,6,False,
NGC0289,extended,6,6,False,
NGC0289,nfw,6,6,False,
NGC0289,profiled_baryons,6,6,False,
NGC0289,scalar_core,6,6,False,
NGC0300,adaptive_primary,5,5,False,
NGC0300,baryon_only,5,5,False,
NGC0300,compact_plummer,5,5,False,
NGC0300,extended,5,5,False,
NGC0300,nfw,5,5,False,
NGC0300,profiled_baryons,5,5,False,
NGC0300,scalar_core,5,5,False,
NGC0801,adaptive_primary,3,3,False,
NGC0801,baryon_only,3,3,False,
NGC0801,compact_plummer,3,3,False,
NGC0801,extended,3,3,False,
NGC0801,nfw,3,3,False,
NGC0801,profiled_baryons,3,3,False,
NGC0801,scalar_core,3,3,False,
NGC0891,adaptive_primary,4,4,False,
NGC0891,baryon_only,4,4,False,
NGC0891,compact_plummer,4,4,False,
NGC0891,extended,4,4,False,
NGC0891,nfw,4,4,False,
NGC0891,profiled_baryons,4,4,False,
NGC0891,scalar_core,4,4,False,
NGC1003,adaptive_primary,8,8,False,
NGC1003,baryon_only,8,8,False,
NGC1003,compact_plummer,8,8,False,
NGC1003,extended,8,8,False,
NGC1003,nfw,8,8,False,
NGC1003,profiled_baryons,8,8,False,
NGC1003,scalar_core,8,8,False,
NGC1090,adaptive_primary,5,5,False,
NGC1090,baryon_only,5,5,False,
NGC1090,compact_plummer,5,5,False,
NGC1090,extended,5,5,False,
NGC1090,nfw,5,5,False,
NGC1090,profiled_baryons,5,5,False,
NGC1090,scalar_core,5,5,False,
NGC2403,adaptive_primary,15,15,False,
NGC2403,baryon_only,15,15,False,
NGC2403,compact_plummer,15,15,False,
NGC2403,extended,15,15,False,
NGC2403,nfw,15,15,False,
NGC2403,profiled_baryons,15,15,False,
NGC2403,scalar_core,15,15,False,
NGC2683,adaptive_primary,3,3,False,
NGC2683,baryon_only,3,3,False,
NGC2683,compact_plummer,3,3,False,
NGC2683,extended,3,3,False,
NGC2683,nfw,3,3,False,
NGC2683,profiled_baryons,3,3,False,
NGC2683,scalar_core,3,3,False,
NGC2841,adaptive_primary,10,10,False,
NGC2841,baryon_only,10,10,False,
NGC2841,compact_plummer,10,10,False,
NGC2841,extended,10,10,False,
NGC2841,nfw,10,10,False,
NGC2841,profiled_baryons,10,10,False,
NGC2841,scalar_core,10,10,False,
NGC2903,adaptive_primary,7,7,False,
NGC2903,baryon_only,7,7,False,
NGC2903,compact_plummer,7,7,False,
NGC2903,extended,7,7,False,
NGC2903,nfw,7,7,False,
NGC2903,profiled_baryons,7,7,False,
NGC2903,scalar_core,7,7,False,
NGC2915,adaptive_primary,6,6,False,
NGC2915,baryon_only,6,6,False,
NGC2915,compact_plummer,6,6,False,
NGC2915,extended,6,6,False,
NGC2915,nfw,6,6,False,
NGC2915,profiled_baryons,6,6,False,
NGC2915,scalar_core,6,6,False,
NGC2955,adaptive_primary,5,5,False,
NGC2955,baryon_only,5,5,False,
NGC2955,compact_plummer,5,5,False,
NGC2955,extended,5,5,False,
NGC2955,nfw,5,5,False,
NGC2955,profiled_baryons,5,5,False,
NGC2955,scalar_core,5,5,False,
NGC2976,adaptive_primary,6,6,False,
NGC2976,baryon_only,6,6,False,
NGC2976,compact_plummer,6,6,False,
NGC2976,extended,6,6,False,
NGC2976,nfw,6,6,False,
NGC2976,profiled_baryons,6,6,False,
NGC2976,scalar_core,6,6,False,
NGC2998,adaptive_primary,3,3,False,
NGC2998,baryon_only,3,3,False,
NGC2998,compact_plummer,3,3,False,
NGC2998,extended,3,3,False,
NGC2998,nfw,3,3,False,
NGC2998,profiled_baryons,3,3,False,
NGC2998,scalar_core,3,3,False,
NGC3109,adaptive_primary,5,5,False,
NGC3109,baryon_only,5,5,False,
NGC3109,compact_plummer,5,5,False,
NGC3109,extended,5,5,False,
NGC3109,nfw,5,5,False,
NGC3109,profiled_baryons,5,5,False,
NGC3109,scalar_core,5,5,False,
NGC3198,adaptive_primary,9,9,False,
NGC3198,baryon_only,9,9,False,
NGC3198,compact_plummer,9,9,False,
NGC3198,extended,9,9,False,
NGC3198,nfw,9,9,False,
NGC3198,profiled_baryons,9,9,False,
NGC3198,scalar_core,9,9,False,
NGC3521,adaptive_primary,9,9,False,
NGC3521,baryon_only,9,9,False,
NGC3521,compact_plummer,9,9,False,
NGC3521,extended,9,9,False,
NGC3521,nfw,9,9,False,
NGC3521,profiled_baryons,9,9,False,
NGC3521,scalar_core,9,9,False,
NGC3726,adaptive_primary,3,3,False,
NGC3726,baryon_only,3,3,False,
NGC3726,compact_plummer,3,3,False,
NGC3726,extended,3,3,False,
NGC3726,nfw,3,3,False,
NGC3726,profiled_baryons,3,3,False,
NGC3726,scalar_core,3,3,False,
NGC3741,adaptive_primary,5,5,False,
NGC3741,baryon_only,5,5,False,
NGC3741,compact_plummer,5,5,False,
NGC3741,extended,5,5,False,
NGC3741,nfw,5,5,False,
NGC3741,profiled_baryons,5,5,False,
NGC3741,scalar_core,5,5,False,
NGC3769,adaptive_primary,3,3,False,
NGC3769,baryon_only,3,3,False,
NGC3769,compact_plummer,3,3,False,
NGC3769,extended,3,3,False,
NGC3769,nfw,3,3,False,
NGC3769,profiled_baryons,3,3,False,
NGC3769,scalar_core,3,3,False,
NGC3877,adaptive_primary,3,3,False,
NGC3877,baryon_only,3,3,False,
NGC3877,compact_plummer,3,3,False,
NGC3877,extended,3,3,False,
NGC3877,nfw,3,3,False,
NGC3877,profiled_baryons,3,3,False,
NGC3877,scalar_core,3,3,False,
NGC3893,adaptive_primary,2,2,False,
NGC3893,baryon_only,2,2,False,
NGC3893,compact_plummer,2,2,False,
NGC3893,extended,2,2,False,
NGC3893,nfw,2,2,False,
NGC3893,profiled_baryons,2,2,False,
NGC3893,scalar_core,2,2,False,
NGC3917,adaptive_primary,4,4,False,
NGC3917,baryon_only,4,4,False,
NGC3917,compact_plummer,4,4,False,
NGC3917,extended,4,4,False,
NGC3917,nfw,4,4,False,
NGC3917,profiled_baryons,4,4,False,
NGC3917,scalar_core,4,4,False,
NGC3953,adaptive_primary,2,2,False,
NGC3953,baryon_only,2,2,False,
NGC3953,compact_plummer,2,2,False,
NGC3953,extended,2,2,False,
NGC3953,nfw,2,2,False,
NGC3953,profiled_baryons,2,2,False,
NGC3953,scalar_core,2,2,False,
NGC3972,adaptive_primary,2,2,False,
NGC3972,baryon_only,2,2,False,
NGC3972,compact_plummer,2,2,False,
NGC3972,extended,2,2,False,
NGC3972,nfw,2,2,False,
NGC3972,profiled_baryons,2,2,False,
NGC3972,scalar_core,2,2,False,
NGC3992,adaptive_primary,2,2,False,
NGC3992,baryon_only,2,2,False,
NGC3992,compact_plummer,2,2,False,
NGC3992,extended,2,2,False,
NGC3992,nfw,2,2,False,
NGC3992,profiled_baryons,2,2,False,
NGC3992,scalar_core,2,2,False,
NGC4010,adaptive_primary,3,3,False,
NGC4010,baryon_only,3,3,False,
NGC4010,compact_plummer,3,3,False,
NGC4010,extended,3,3,False,
NGC4010,nfw,3,3,False,
NGC4010,profiled_baryons,3,3,False,
NGC4010,scalar_core,3,3,False,
NGC4013,adaptive_primary,8,8,False,
NGC4013,baryon_only,8,8,False,
NGC4013,compact_plummer,8,8,False,
NGC4013,extended,8,8,False,
NGC4013,nfw,8,8,False,
NGC4013,profiled_baryons,8,8,False,
NGC4013,scalar_core,8,8,False,
NGC4088,adaptive_primary,3,3,False,
NGC4088,baryon_only,3,3,False,
NGC4088,compact_plummer,3,3,False,
NGC4088,extended,3,3,False,
NGC4088,nfw,3,3,False,
NGC4088,profiled_baryons,3,3,False,
NGC4088,scalar_core,3,3,False,
NGC4100,adaptive_primary,5,5,False,
NGC4100,baryon_only,5,5,False,
NGC4100,compact_plummer,5,5,False,
NGC4100,extended,5,5,False,
NGC4100,nfw,5,5,False,
NGC4100,profiled_baryons,5,5,False,
NGC4100,scalar_core,5,5,False,
NGC4157,adaptive_primary,4,4,False,
NGC4157,baryon_only,4,4,False,
NGC4157,compact_plummer,4,4,False,
NGC4157,extended,4,4,False,
NGC4157,nfw,4,4,False,
NGC4157,profiled_baryons,4,4,False,
NGC4157,scalar_core,4,4,False,
NGC4183,adaptive_primary,5,5,False,
NGC4183,baryon_only,5,5,False,
NGC4183,compact_plummer,5,5,False,
NGC4183,extended,5,5,False,
NGC4183,nfw,5,5,False,
NGC4183,profiled_baryons,5,5,False,
NGC4183,scalar_core,5,5,False,
NGC4217,adaptive_primary,4,4,False,
NGC4217,baryon_only,4,4,False,
NGC4217,compact_plummer,4,4,False,
NGC4217,extended,4,4,False,
NGC4217,nfw,4,4,False,
NGC4217,profiled_baryons,4,4,False,
NGC4217,scalar_core,4,4,False,
NGC4559,adaptive_primary,7,7,False,
NGC4559,baryon_only,7,7,False,
NGC4559,compact_plummer,7,7,False,
NGC4559,extended,7,7,False,
NGC4559,nfw,7,7,False,
NGC4559,profiled_baryons,7,7,False,
NGC4559,scalar_core,7,7,False,
NGC5005,adaptive_primary,4,4,False,
NGC5005,baryon_only,4,4,False,
NGC5005,compact_plummer,4,4,False,
NGC5005,extended,4,4,False,
NGC5005,nfw,4,4,False,
NGC5005,profiled_baryons,4,4,False,
NGC5005,scalar_core,4,4,False,
NGC5033,adaptive_primary,5,5,False,
NGC5033,baryon_only,5,5,False,
NGC5033,compact_plummer,5,5,False,
NGC5033,extended,5,5,False,
NGC5033,nfw,5,5,False,
NGC5033,profiled_baryons,5,5,False,
NGC5033,scalar_core,5,5,False,
NGC5055,adaptive_primary,6,6,False,
NGC5055,baryon_only,6,6,False,
NGC5055,compact_plummer,6,6,False,
NGC5055,extended,6,6,False,
NGC5055,nfw,6,6,False,
NGC5055,profiled_baryons,6,6,False,
NGC5055,scalar_core,6,6,False,
NGC5371,adaptive_primary,4,4,False,
NGC5371,baryon_only,4,4,False,
NGC5371,compact_plummer,4,4,False,
NGC5371,extended,4,4,False,
NGC5371,nfw,4,4,False,
NGC5371,profiled_baryons,4,4,False,
NGC5371,scalar_core,4,4,False,
NGC5585,adaptive_primary,5,5,False,
NGC5585,baryon_only,5,5,False,
NGC5585,compact_plummer,5,5,False,
NGC5585,extended,5,5,False,
NGC5585,nfw,5,5,False,
NGC5585,profiled_baryons,5,5,False,
NGC5585,scalar_core,5,5,False,
NGC5907,adaptive_primary,4,4,False,
NGC5907,baryon_only,4,4,False,
NGC5907,compact_plummer,4,4,False,
NGC5907,extended,4,4,False,
NGC5907,nfw,4,4,False,
NGC5907,profiled_baryons,4,4,False,
NGC5907,scalar_core,4,4,False,
NGC5985,adaptive_primary,7,7,False,
NGC5985,baryon_only,7,7,False,
NGC5985,compact_plummer,7,7,False,
NGC5985,extended,7,7,False,
NGC5985,nfw,7,7,False,
NGC5985,profiled_baryons,7,7,False,
NGC5985,scalar_core,7,7,False,
NGC6015,adaptive_primary,9,9,False,
NGC6015,baryon_only,9,9,False,
NGC6015,compact_plummer,9,9,False,
NGC6015,extended,9,9,False,
NGC6015,nfw,9,9,False,
NGC6015,profiled_baryons,9,9,False,
NGC6015,scalar_core,9,9,False,
NGC6195,adaptive_primary,5,5,False,
NGC6195,baryon_only,5,5,False,
NGC6195,compact_plummer,5,5,False,
NGC6195,extended,5,5,False,
NGC6195,nfw,5,5,False,
NGC6195,profiled_baryons,5,5,False,
NGC6195,scalar_core,5,5,False,
NGC6503,adaptive_primary,7,7,False,
NGC6503,baryon_only,7,7,False,
NGC6503,compact_plummer,7,7,False,
NGC6503,extended,7,7,False,
NGC6503,nfw,7,7,False,
NGC6503,profiled_baryons,7,7,False,
NGC6503,scalar_core,7,7,False,
NGC6674,adaptive_primary,3,3,False,
NGC6674,baryon_only,3,3,False,
NGC6674,compact_plummer,3,3,False,
NGC6674,extended,3,3,False,
NGC6674,nfw,3,3,False,
NGC6674,profiled_baryons,3,3,False,
NGC6674,scalar_core,3,3,False,
NGC6946,adaptive_primary,12,12,False,
NGC6946,baryon_only,12,12,False,
NGC6946,compact_plummer,12,12,False,
NGC6946,extended,12,12,False,
NGC6946,nfw,12,12,False,
NGC6946,profiled_baryons,12,12,False,
NGC6946,scalar_core,12,12,False,
NGC7331,adaptive_primary,8,8,False,
NGC7331,baryon_only,8,8,False,
NGC7331,compact_plummer,8,8,False,
NGC7331,extended,8,8,False,
NGC7331,nfw,8,8,False,
NGC7331,profiled_baryons,8,8,False,
NGC7331,scalar_core,8,8,False,
NGC7793,adaptive_primary,10,10,False,
NGC7793,baryon_only,10,10,False,
NGC7793,compact_plummer,10,10,False,
NGC7793,extended,10,10,False,
NGC7793,nfw,10,10,False,
NGC7793,profiled_baryons,10,10,False,
NGC7793,scalar_core,10,10,False,
NGC7814,adaptive_primary,4,4,False,
NGC7814,baryon_only,4,4,False,
NGC7814,compact_plummer,4,4,False,
NGC7814,extended,4,4,False,
NGC7814,nfw,4,4,False,
NGC7814,profiled_baryons,4,4,False,
NGC7814,scalar_core,4,4,False,
UGC00128,adaptive_primary,5,5,False,
UGC00128,baryon_only,5,5,False,
UGC00128,compact_plummer,5,5,False,
UGC00128,extended,5,5,False,
UGC00128,nfw,5,5,False,
UGC00128,profiled_baryons,5,5,False,
UGC00128,scalar_core,5,5,False,
UGC00191,adaptive_primary,2,2,False,
UGC00191,baryon_only,2,2,False,
UGC00191,compact_plummer,2,2,False,
UGC00191,extended,2,2,False,
UGC00191,nfw,2,2,False,
UGC00191,profiled_baryons,2,2,False,
UGC00191,scalar_core,2,2,False,
UGC00731,adaptive_primary,3,3,False,
UGC00731,baryon_only,3,3,False,
UGC00731,compact_plummer,3,3,False,
UGC00731,extended,3,3,False,
UGC00731,nfw,3,3,False,
UGC00731,profiled_baryons,3,3,False,
UGC00731,scalar_core,3,3,False,
UGC01281,adaptive_primary,5,5,False,
UGC01281,baryon_only,5,5,False,
UGC01281,compact_plummer,5,5,False,
UGC01281,extended,5,5,False,
UGC01281,nfw,5,5,False,
UGC01281,profiled_baryons,5,0,True,training_infeasible_within_prior_bounds
UGC01281,scalar_core,5,5,False,
UGC02259,adaptive_primary,2,2,False,
UGC02259,baryon_only,2,2,False,
UGC02259,compact_plummer,2,2,False,
UGC02259,extended,2,2,False,
UGC02259,nfw,2,2,False,
UGC02259,profiled_baryons,2,2,False,
UGC02259,scalar_core,2,2,False,
UGC02487,adaptive_primary,4,4,False,
UGC02487,baryon_only,4,4,False,
UGC02487,compact_plummer,4,4,False,
UGC02487,extended,4,4,False,
UGC02487,nfw,4,4,False,
UGC02487,profiled_baryons,4,4,False,
UGC02487,scalar_core,4,4,False,
UGC02885,adaptive_primary,4,4,False,
UGC02885,baryon_only,4,4,False,
UGC02885,compact_plummer,4,4,False,
UGC02885,extended,4,4,False,
UGC02885,nfw,4,4,False,
UGC02885,profiled_baryons,4,4,False,
UGC02885,scalar_core,4,4,False,
UGC02916,adaptive_primary,9,9,False,
UGC02916,baryon_only,9,9,False,
UGC02916,compact_plummer,9,9,False,
UGC02916,extended,9,9,False,
UGC02916,nfw,9,9,False,
UGC02916,profiled_baryons,9,9,False,
UGC02916,scalar_core,9,9,False,
UGC02953,adaptive_primary,23,23,False,
UGC02953,baryon_only,23,23,False,
UGC02953,compact_plummer,23,23,False,
UGC02953,extended,23,23,False,
UGC02953,nfw,23,23,False,
UGC02953,profiled_baryons,23,23,False,
UGC02953,scalar_core,23,23,False,
UGC03205,adaptive_primary,10,10,False,
UGC03205,baryon_only,10,10,False,
UGC03205,compact_plummer,10,10,False,
UGC03205,extended,10,10,False,
UGC03205,nfw,10,10,False,
UGC03205,profiled_baryons,10,10,False,
UGC03205,scalar_core,10,10,False,
UGC03546,adaptive_primary,6,6,False,
UGC03546,baryon_only,6,6,False,
UGC03546,compact_plummer,6,6,False,
UGC03546,extended,6,6,False,
UGC03546,nfw,6,6,False,
UGC03546,profiled_baryons,6,6,False,
UGC03546,scalar_core,6,6,False,
UGC03580,adaptive_primary,10,10,False,
UGC03580,baryon_only,10,10,False,
UGC03580,compact_plummer,10,10,False,
UGC03580,extended,10,10,False,
UGC03580,nfw,10,10,False,
UGC03580,profiled_baryons,10,10,False,
UGC03580,scalar_core,10,10,False,
UGC04278,adaptive_primary,5,5,False,
UGC04278,baryon_only,5,5,False,
UGC04278,compact_plummer,5,5,False,
UGC04278,extended,5,5,False,
UGC04278,nfw,5,5,False,
UGC04278,profiled_baryons,5,5,False,
UGC04278,scalar_core,5,5,False,
UGC04325,adaptive_primary,2,2,False,
UGC04325,baryon_only,2,2,False,
UGC04325,compact_plummer,2,2,False,
UGC04325,extended,2,2,False,
UGC04325,nfw,2,2,False,
UGC04325,profiled_baryons,2,2,False,
UGC04325,scalar_core,2,2,False,
UGC04483,adaptive_primary,2,2,False,
UGC04483,baryon_only,2,2,False,
UGC04483,compact_plummer,2,2,False,
UGC04483,extended,2,2,False,
UGC04483,nfw,2,2,False,
UGC04483,profiled_baryons,2,2,False,
UGC04483,scalar_core,2,2,False,
UGC04499,adaptive_primary,2,2,False,
UGC04499,baryon_only,2,2,False,
UGC04499,compact_plummer,2,2,False,
UGC04499,extended,2,2,False,
UGC04499,nfw,2,2,False,
UGC04499,profiled_baryons,2,2,False,
UGC04499,scalar_core,2,2,False,
UGC05005,adaptive_primary,3,3,False,
UGC05005,baryon_only,3,3,False,
UGC05005,compact_plummer,3,3,False,
UGC05005,extended,3,3,False,
UGC05005,nfw,3,3,False,
UGC05005,profiled_baryons,3,3,False,
UGC05005,scalar_core,3,3,False,
UGC05253,adaptive_primary,15,15,False,
UGC05253,baryon_only,15,15,False,
UGC05253,compact_plummer,15,15,False,
UGC05253,extended,15,15,False,
UGC05253,nfw,15,15,False,
UGC05253,profiled_baryons,15,15,False,
UGC05253,scalar_core,15,15,False,
UGC05716,adaptive_primary,3,3,False,
UGC05716,baryon_only,3,3,False,
UGC05716,compact_plummer,3,3,False,
UGC05716,extended,3,3,False,
UGC05716,nfw,3,3,False,
UGC05716,profiled_baryons,3,3,False,
UGC05716,scalar_core,3,3,False,
UGC05721,adaptive_primary,5,5,False,
UGC05721,baryon_only,5,5,False,
UGC05721,compact_plummer,5,5,False,
UGC05721,extended,5,5,False,
UGC05721,nfw,5,5,False,
UGC05721,profiled_baryons,5,5,False,
UGC05721,scalar_core,5,5,False,
UGC05750,adaptive_primary,3,3,False,
UGC05750,baryon_only,3,3,False,
UGC05750,compact_plummer,3,3,False,
UGC05750,extended,3,3,False,
UGC05750,nfw,3,3,False,
UGC05750,profiled_baryons,3,3,False,
UGC05750,scalar_core,3,3,False,
UGC05764,adaptive_primary,2,2,False,
UGC05764,baryon_only,2,2,False,
UGC05764,compact_plummer,2,2,False,
UGC05764,extended,2,2,False,
UGC05764,nfw,2,2,False,
UGC05764,profiled_baryons,2,2,False,
UGC05764,scalar_core,2,2,False,
UGC05829,adaptive_primary,3,3,False,
UGC05829,baryon_only,3,3,False,
UGC05829,compact_plummer,3,3,False,
UGC05829,extended,3,3,False,
UGC05829,nfw,3,3,False,
UGC05829,profiled_baryons,3,3,False,
UGC05829,scalar_core,3,3,False,
UGC05918,adaptive_primary,2,2,False,
UGC05918,baryon_only,2,2,False,
UGC05918,compact_plummer,2,2,False,
UGC05918,extended,2,2,False,
UGC05918,nfw,2,2,False,
UGC05918,profiled_baryons,2,2,False,
UGC05918,scalar_core,2,2,False,
UGC05986,adaptive_primary,3,3,False,
UGC05986,baryon_only,3,3,False,
UGC05986,compact_plummer,3,3,False,
UGC05986,extended,3,3,False,
UGC05986,nfw,3,3,False,
UGC05986,profiled_baryons,3,3,False,
UGC05986,scalar_core,3,3,False,
UGC06399,adaptive_primary,2,2,False,
UGC06399,baryon_only,2,2,False,
UGC06399,compact_plummer,2,2,False,
UGC06399,extended,2,2,False,
UGC06399,nfw,2,2,False,
UGC06399,profiled_baryons,2,2,False,
UGC06399,scalar_core,2,2,False,
UGC06446,adaptive_primary,4,4,False,
UGC06446,baryon_only,4,4,False,
UGC06446,compact_plummer,4,4,False,
UGC06446,extended,4,4,False,
UGC06446,nfw,4,4,False,
UGC06446,profiled_baryons,4,4,False,
UGC06446,scalar_core,4,4,False,
UGC06614,adaptive_primary,3,3,False,
UGC06614,baryon_only,3,3,False,
UGC06614,compact_plummer,3,3,False,
UGC06614,extended,3,3,False,
UGC06614,nfw,3,3,False,
UGC06614,profiled_baryons,3,3,False,
UGC06614,scalar_core,3,3,False,
UGC06667,adaptive_primary,2,2,False,
UGC06667,baryon_only,2,2,False,
UGC06667,compact_plummer,2,2,False,
UGC06667,extended,2,2,False,
UGC06667,nfw,2,2,False,
UGC06667,profiled_baryons,2,2,False,
UGC06667,scalar_core,2,2,False,
UGC06786,adaptive_primary,9,9,False,
UGC06786,baryon_only,9,9,False,
UGC06786,compact_plummer,9,9,False,
UGC06786,extended,9,9,False,
UGC06786,nfw,9,9,False,
UGC06786,profiled_baryons,9,9,False,
UGC06786,scalar_core,9,9,False,
UGC06787,adaptive_primary,15,15,False,
UGC06787,baryon_only,15,15,False,
UGC06787,compact_plummer,15,15,False,
UGC06787,extended,15,15,False,
UGC06787,nfw,15,15,False,
UGC06787,profiled_baryons,15,15,False,
UGC06787,scalar_core,15,15,False,
UGC06818,adaptive_primary,2,2,False,
UGC06818,baryon_only,2,2,False,
UGC06818,compact_plummer,2,2,False,
UGC06818,extended,2,2,False,
UGC06818,nfw,2,2,False,
UGC06818,profiled_baryons,2,2,False,
UGC06818,scalar_core,2,2,False,
UGC06917,adaptive_primary,3,3,False,
UGC06917,baryon_only,3,3,False,
UGC06917,compact_plummer,3,3,False,
UGC06917,extended,3,3,False,
UGC06917,nfw,3,3,False,
UGC06917,profiled_baryons,3,3,False,
UGC06917,scalar_core,3,3,False,
UGC06930,adaptive_primary,2,2,False,
UGC06930,baryon_only,2,2,False,
UGC06930,compact_plummer,2,2,False,
UGC06930,extended,2,2,False,
UGC06930,nfw,2,2,False,
UGC06930,profiled_baryons,2,2,False,
UGC06930,scalar_core,2,2,False,
UGC06983,adaptive_primary,4,4,False,
UGC06983,baryon_only,4,4,False,
UGC06983,compact_plummer,4,4,False,
UGC06983,extended,4,4,False,
UGC06983,nfw,4,4,False,
UGC06983,profiled_baryons,4,4,False,
UGC06983,scalar_core,4,4,False,
UGC07089,adaptive_primary,3,3,False,
UGC07089,baryon_only,3,3,False,
UGC07089,compact_plummer,3,3,False,
UGC07089,extended,3,3,False,
UGC07089,nfw,3,3,False,
UGC07089,profiled_baryons,3,3,False,
UGC07089,scalar_core,3,3,False,
UGC07125,adaptive_primary,3,3,False,
UGC07125,baryon_only,3,3,False,
UGC07125,compact_plummer,3,3,False,
UGC07125,extended,3,3,False,
UGC07125,nfw,3,3,False,
UGC07125,profiled_baryons,3,3,False,
UGC07125,scalar_core,3,3,False,
UGC07151,adaptive_primary,3,3,False,
UGC07151,baryon_only,3,3,False,
UGC07151,compact_plummer,3,3,False,
UGC07151,extended,3,3,False,
UGC07151,nfw,3,3,False,
UGC07151,profiled_baryons,3,3,False,
UGC07151,scalar_core,3,3,False,
UGC07323,adaptive_primary,2,2,False,
UGC07323,baryon_only,2,2,False,
UGC07323,compact_plummer,2,2,False,
UGC07323,extended,2,2,False,
UGC07323,nfw,2,2,False,
UGC07323,profiled_baryons,2,2,False,
UGC07323,scalar_core,2,2,False,
UGC07399,adaptive_primary,2,2,False,
UGC07399,baryon_only,2,2,False,
UGC07399,compact_plummer,2,2,False,
UGC07399,extended,2,2,False,
UGC07399,nfw,2,2,False,
UGC07399,profiled_baryons,2,2,False,
UGC07399,scalar_core,2,2,False,
UGC07524,adaptive_primary,7,7,False,
UGC07524,baryon_only,7,7,False,
UGC07524,compact_plummer,7,7,False,
UGC07524,extended,7,7,False,
UGC07524,nfw,7,7,False,
UGC07524,profiled_baryons,7,7,False,
UGC07524,scalar_core,7,7,False,
UGC07577,adaptive_primary,2,2,False,
UGC07577,baryon_only,2,2,False,
UGC07577,compact_plummer,2,2,False,
UGC07577,extended,2,2,False,
UGC07577,nfw,2,2,False,
UGC07577,profiled_baryons,2,2,False,
UGC07577,scalar_core,2,2,False,
UGC07603,adaptive_primary,3,3,False,
UGC07603,baryon_only,3,3,False,
UGC07603,compact_plummer,3,3,False,
UGC07603,extended,3,3,False,
UGC07603,nfw,3,3,False,
UGC07603,profiled_baryons,3,3,False,
UGC07603,scalar_core,3,3,False,
UGC08286,adaptive_primary,4,4,False,
UGC08286,baryon_only,4,4,False,
UGC08286,compact_plummer,4,4,False,
UGC08286,extended,4,4,False,
UGC08286,nfw,4,4,False,
UGC08286,profiled_baryons,4,4,False,
UGC08286,scalar_core,4,4,False,
UGC08490,adaptive_primary,6,6,False,
UGC08490,baryon_only,6,6,False,
UGC08490,compact_plummer,6,6,False,
UGC08490,extended,6,6,False,
UGC08490,nfw,6,6,False,
UGC08490,profiled_baryons,6,6,False,
UGC08490,scalar_core,6,6,False,
UGC08550,adaptive_primary,3,3,False,
UGC08550,baryon_only,3,3,False,
UGC08550,compact_plummer,3,3,False,
UGC08550,extended,3,3,False,
UGC08550,nfw,3,3,False,
UGC08550,profiled_baryons,3,3,False,
UGC08550,scalar_core,3,3,False,
UGC08699,adaptive_primary,9,9,False,
UGC08699,baryon_only,9,9,False,
UGC08699,compact_plummer,9,9,False,
UGC08699,extended,9,9,False,
UGC08699,nfw,9,9,False,
UGC08699,profiled_baryons,9,9,False,
UGC08699,scalar_core,9,9,False,
UGC08837,adaptive_primary,2,2,False,
UGC08837,baryon_only,2,2,False,
UGC08837,compact_plummer,2,2,False,
UGC08837,extended,2,2,False,
UGC08837,nfw,2,2,False,
UGC08837,profiled_baryons,2,2,False,
UGC08837,scalar_core,2,2,False,
UGC09037,adaptive_primary,5,5,False,
UGC09037,baryon_only,5,5,False,
UGC09037,compact_plummer,5,5,False,
UGC09037,extended,5,5,False,
UGC09037,nfw,5,5,False,
UGC09037,profiled_baryons,5,5,False,
UGC09037,scalar_core,5,5,False,
UGC09133,adaptive_primary,14,14,False,
UGC09133,baryon_only,14,14,False,
UGC09133,compact_plummer,14,14,False,
UGC09133,extended,14,14,False,
UGC09133,nfw,14,14,False,
UGC09133,profiled_baryons,14,14,False,
UGC09133,scalar_core,14,14,False,
UGC11455,adaptive_primary,8,8,False,
UGC11455,baryon_only,8,8,False,
UGC11455,compact_plummer,8,8,False,
UGC11455,extended,8,8,False,
UGC11455,nfw,8,8,False,
UGC11455,profiled_baryons,8,8,False,
UGC11455,scalar_core,8,8,False,
UGC11557,adaptive_primary,3,3,False,
UGC11557,baryon_only,3,3,False,
UGC11557,compact_plummer,3,3,False,
UGC11557,extended,3,3,False,
UGC11557,nfw,3,3,False,
UGC11557,profiled_baryons,3,3,False,
UGC11557,scalar_core,3,3,False,
UGC11820,adaptive_primary,2,2,False,
UGC11820,baryon_only,2,2,False,
UGC11820,compact_plummer,2,2,False,
UGC11820,extended,2,2,False,
UGC11820,nfw,2,2,False,
UGC11820,profiled_baryons,2,2,False,
UGC11820,scalar_core,2,2,False,
UGC11914,adaptive_primary,13,13,False,
UGC11914,baryon_only,13,13,False,
UGC11914,compact_plummer,13,13,False,
UGC11914,extended,13,13,False,
UGC11914,nfw,13,13,False,
UGC11914,profiled_baryons,13,13,False,
UGC11914,scalar_core,13,13,False,
UGC12506,adaptive_primary,7,7,False,
UGC12506,baryon_only,7,7,False,
UGC12506,compact_plummer,7,7,False,
UGC12506,extended,7,7,False,
UGC12506,nfw,7,7,False,
UGC12506,profiled_baryons,7,7,False,
UGC12506,scalar_core,7,7,False,
UGC12632,adaptive_primary,3,3,False,
UGC12632,baryon_only,3,3,False,
UGC12632,compact_plummer,3,3,False,
UGC12632,extended,3,3,False,
UGC12632,nfw,3,3,False,
UGC12632,profiled_baryons,3,3,False,
UGC12632,scalar_core,3,3,False,
UGC12732,adaptive_primary,4,4,False,
UGC12732,baryon_only,4,4,False,
UGC12732,compact_plummer,4,4,False,
UGC12732,extended,4,4,False,
UGC12732,nfw,4,4,False,
UGC12732,profiled_baryons,4,4,False,
UGC12732,scalar_core,4,4,False,
UGCA442,adaptive_primary,2,2,False,
UGCA442,baryon_only,2,2,False,
UGCA442,compact_plummer,2,2,False,
UGCA442,extended,2,2,False,
UGCA442,nfw,2,2,False,
UGCA442,profiled_baryons,2,2,False,
UGCA442,scalar_core,2,2,False,
UGCA444,adaptive_primary,8,8,False,
UGCA444,baryon_only,8,8,False,
UGCA444,compact_plummer,8,8,False,
UGCA444,extended,8,8,False,
UGCA444,nfw,8,8,False,
UGCA444,profiled_baryons,8,8,False,
UGCA444,scalar_core,8,8,False,
