galaxy,model,n_outer,valid,loss,rmse_kms
CamB,adaptive_primary,2,True,16.905718321589262,6.167484594514675
CamB,baryon_only,2,True,23.613066862697867,7.288991730072836
CamB,compact_plummer,2,True,16.905718321589262,6.167484594514675
CamB,extended,2,True,16.90571832158926,6.167484594514674
CamB,nfw,2,True,22.038687988227206,7.041807152536288
CamB,profiled_baryons,2,True,22.038693442917573,7.041808023978255
CamB,scalar_core,2,True,16.90571832154023,6.167484594505731
D631-7,adaptive_primary,4,True,1.8479547551244238,5.39305106598572
D631-7,baryon_only,4,True,109.1023259117705,39.36971346403505
D631-7,compact_plummer,4,True,1.8479547551244244,5.393051065985721
D631-7,extended,4,True,1.8479547551244244,5.393051065985721
D631-7,nfw,4,True,0.7692628172098102,3.047686610884562
D631-7,profiled_baryons,4,True,62.36546264316252,29.84258837164023
D631-7,scalar_core,4,True,1.8479547742625944,5.393051093319352
DDO064,adaptive_primary,3,True,0.4454895711302016,4.574719146089808
DDO064,baryon_only,3,True,13.226302356588276,21.852054640152982
DDO064,compact_plummer,3,True,0.3198396464531727,3.9287339225850255
DDO064,extended,3,True,0.3800657119607107,4.256712430281227
DDO064,nfw,3,True,0.1229078000095256,2.983934211250474
DDO064,profiled_baryons,3,True,0.4932605528955738,4.204792269916587
DDO064,scalar_core,3,True,0.4454895701505434,4.574719141602168
DDO154,adaptive_primary,3,True,3.2544055936624474,1.1567673644069438
DDO154,baryon_only,3,True,1611.4922193209443,29.610733358377882
DDO154,compact_plummer,3,True,3.0483125856519386,1.116915091667309
DDO154,extended,3,True,3.2492856310018516,1.1544779913289172
DDO154,nfw,3,True,21.741567215625707,4.687661784463014
DDO154,profiled_baryons,3,True,1013.170365611059,23.529090196740288
DDO154,scalar_core,3,True,2.8600427682733227,1.079466660597766
DDO161,adaptive_primary,7,True,3.982072567909721,2.090809313011114
DDO161,baryon_only,7,True,947.3869820694362,32.976334586239325
DDO161,compact_plummer,7,True,4.522180853126215,2.2281431133246987
DDO161,extended,7,True,4.223920453952181,2.1539408199558854
DDO161,nfw,7,True,24.071295212343188,4.762085921833166
DDO161,profiled_baryons,7,True,130.3328680109467,11.547048919718625
DDO161,scalar_core,7,True,3.982072569815494,2.0908093135232027
DDO168,adaptive_primary,2,True,13.11960433509488,9.608959249152203
DDO168,baryon_only,2,True,132.53788130308465,29.759903644370663
DDO168,compact_plummer,2,True,13.119604291990315,9.608959233652607
DDO168,extended,2,True,13.119604389728886,9.608959268797571
DDO168,nfw,2,True,2.7420987767928735,4.466049778696536
DDO168,profiled_baryons,2,True,21.76227239862757,12.026443603250225
DDO168,scalar_core,2,True,13.119604293252996,9.608959234106644
DDO170,adaptive_primary,2,True,24.375868056547763,5.073392275252973
DDO170,baryon_only,2,True,847.7590910269892,32.09452222645283
DDO170,compact_plummer,2,True,56.152253384381716,7.787532998409579
DDO170,extended,2,True,24.375867096135156,5.073392172324621
DDO170,nfw,2,True,1.3135354676205908,1.2013567250095025
DDO170,profiled_baryons,2,True,60.91799042981648,8.063144568284342
DDO170,scalar_core,2,True,54.16752330807257,7.639394994510652
ESO079-G014,adaptive_primary,3,True,15.660279308606782,8.24177815268729
ESO079-G014,baryon_only,3,True,1685.7502882923616,87.76941060282793
ESO079-G014,compact_plummer,3,True,15.660279308606782,8.24177815268729
ESO079-G014,extended,3,True,15.66027931252575,8.241778153746376
ESO079-G014,nfw,3,True,48.17110123119022,14.523850827400068
ESO079-G014,profiled_baryons,3,True,33.542180741530125,12.112136800434373
ESO079-G014,scalar_core,3,True,15.66027898749796,8.241778065908676
ESO116-G012,adaptive_primary,3,True,1.3926647454228627,4.498913451211841
ESO116-G012,baryon_only,3,True,415.14342246717365,53.469077595741375
ESO116-G012,compact_plummer,3,True,1.558018895535417,4.680770664620327
ESO116-G012,extended,3,True,1.3841333739317687,4.464899345138125
ESO116-G012,nfw,3,True,10.346351363849385,9.000336733025886
ESO116-G012,profiled_baryons,3,True,50.42279611061084,19.994308104740227
ESO116-G012,scalar_core,3,True,1.3926647567630817,4.498913463879444
ESO563-G021,adaptive_primary,6,True,43.78827185269659,58.86433617581448
ESO563-G021,baryon_only,6,True,599.1129539396942,223.66674307287786
ESO563-G021,compact_plummer,6,True,43.78827185269659,58.86433617581448
ESO563-G021,extended,6,True,22.61888286653283,42.046891970041315
ESO563-G021,nfw,6,True,1.6929467447847921,11.048625696820418
ESO563-G021,profiled_baryons,6,True,85.84125675042982,82.99978792664477
ESO563-G021,scalar_core,6,True,43.788274011877924,58.86433767053927
F568-3,adaptive_primary,4,True,3.048020831124534,20.57519006317139
F568-3,baryon_only,4,True,39.61726418077201,70.61617422096178
F568-3,compact_plummer,4,True,3.048020830493618,20.57519006111388
F568-3,extended,4,True,3.048020830493618,20.57519006111388
F568-3,nfw,4,True,0.038487721704269354,2.086749449441705
F568-3,profiled_baryons,4,True,3.3117539189179706,21.00907096032302
F568-3,scalar_core,4,True,3.048021125589856,20.575191023468463
F568-V1,adaptive_primary,3,True,0.4005599083364048,9.154386584008462
F568-V1,baryon_only,3,True,22.672064860107856,70.60432885485167
F568-V1,compact_plummer,3,True,2.497164976427953,22.649154156877454
F568-V1,extended,3,True,0.8647872372906106,13.36671229988669
F568-V1,nfw,3,True,1.1245161148610092,15.24101944137511
F568-V1,profiled_baryons,3,True,0.9908231338817911,14.47126974823707
F568-V1,scalar_core,3,True,2.373312378203215,22.07514771068191
F571-8,adaptive_primary,3,True,4.582737013281906,10.511192485677986
F571-8,baryon_only,3,True,662.5133231928752,110.78463494787692
F571-8,compact_plummer,3,True,4.582737013281906,10.511192485677986
F571-8,extended,3,True,4.582737021658372,10.511192494407782
F571-8,nfw,3,True,22.251974009325384,22.771323725900487
F571-8,profiled_baryons,3,True,372.17809673493167,83.74248471554776
F571-8,scalar_core,3,True,4.5827369353740846,10.511192404483902
F574-1,adaptive_primary,3,True,0.0034002603875285336,0.26612639524521126
F574-1,baryon_only,3,True,120.57977595696146,51.44466149921336
F574-1,compact_plummer,3,True,3.8428598015801025,9.294168212869096
F574-1,extended,3,True,1.4202071242583487,5.659697953896281
F574-1,nfw,3,True,3.245582652629231,8.587970654315248
F574-1,profiled_baryons,3,True,1.2765869096758342,5.286669400018422
F574-1,scalar_core,3,True,3.5524529336874426,8.949668546977684
F583-1,adaptive_primary,5,True,3.6221041253210884,12.580537677492213
F583-1,baryon_only,5,True,39.236097687932855,48.720526646717516
F583-1,compact_plummer,5,True,3.6221041212044547,12.580537669792026
F583-1,extended,5,True,3.622104131858324,12.58053768972014
F583-1,nfw,5,True,8.6527199186241,19.88063604990707
F583-1,profiled_baryons,5,True,3.125718586659692,13.673120482988056
F583-1,scalar_core,5,True,3.622104121193425,12.580537669771394
F583-4,adaptive_primary,3,True,1.435669435635938,5.871151773682816
F583-4,baryon_only,3,True,50.57742999706996,34.84772724625883
F583-4,compact_plummer,3,True,4.888283716942181,10.833637064429553
F583-4,extended,3,True,1.0955632296983981,5.12878866254582
F583-4,nfw,3,True,0.11470738235392074,1.6595554375547796
F583-4,profiled_baryons,3,True,3.38733245952818,9.018306512492888
F583-4,scalar_core,3,True,4.496707119353793,10.390665904343408
IC2574,adaptive_primary,7,True,1.4801002784008173,2.848135467764691
IC2574,baryon_only,7,True,117.07613801825097,30.78436260157142
IC2574,compact_plummer,7,True,1.7755684407765095,3.14828429482914
IC2574,extended,7,True,2.042890689286377,3.4038962996132898
IC2574,nfw,7,True,9.600929347606405,8.026794862700514
IC2574,profiled_baryons,7,True,33.156943931651846,16.051862413233536
IC2574,scalar_core,7,True,1.4801003096351333,2.8481355007117988
IC4202,adaptive_primary,7,True,32.02934458555864,38.78685538552802
IC4202,baryon_only,7,True,108.90174888791078,76.0405743428762
IC4202,compact_plummer,7,True,32.02934458555864,38.78685538552802
IC4202,extended,7,True,22.100007722292624,31.877603568362666
IC4202,nfw,7,True,4.119906856155298,17.746327214460724
IC4202,profiled_baryons,7,True,8.671732959126462,19.090834809170868
IC4202,scalar_core,7,True,32.02934534313694,38.78685589746757
KK98-251,adaptive_primary,3,True,10.754134351861529,6.558699368582625
KK98-251,baryon_only,3,True,53.11240606821824,14.575651761512175
KK98-251,compact_plummer,3,True,10.75413435181298,6.55869936856782
KK98-251,extended,3,True,10.75413435181298,6.55869936856782
KK98-251,nfw,3,True,2.361968712782438,3.0737395548630584
KK98-251,profiled_baryons,3,True,3.6148822295676717,3.802568726304718
KK98-251,scalar_core,3,True,10.754134351861525,6.558699368582623
NGC0024,adaptive_primary,6,True,5.493751106048767,7.558847857692985
NGC0024,baryon_only,6,True,324.28971532396116,63.30639870013276
NGC0024,compact_plummer,6,True,136.601968984568,36.672480050972986
NGC0024,extended,6,True,55.63021245121686,23.432623830280217
NGC0024,nfw,6,True,303.7729356088992,53.938206711625455
NGC0024,profiled_baryons,6,True,99.53579414241445,31.31947405747819
NGC0024,scalar_core,6,True,137.2716434810228,36.700193093536896
NGC0055,adaptive_primary,5,True,0.18555767875475027,1.3908399108672096
NGC0055,baryon_only,5,True,95.2428769904138,39.24222689651145
NGC0055,compact_plummer,5,True,0.18555767875475027,1.3908399108672096
NGC0055,extended,5,True,0.18555767875475027,1.3908399108672096
NGC0055,nfw,5,True,4.895323998117299,8.942025004673921
NGC0055,profiled_baryons,5,True,10.5694794315582,12.863732909856964
NGC0055,scalar_core,5,True,0.18555767933078696,1.390839912567828
NGC0100,adaptive_primary,5,True,1.1121058624432625,7.728974516003543
NGC0100,baryon_only,5,True,54.2985842595034,51.952896692162966
NGC0100,compact_plummer,5,True,1.1358218831481728,7.814913867452519
NGC0100,extended,5,True,1.1121058624886413,7.7289745161345484
NGC0100,nfw,5,True,0.2761944353592156,3.812231157004715
NGC0100,profiled_baryons,5,True,15.587598444194185,28.05421184757398
NGC0100,scalar_core,5,True,1.097629622388073,7.68687691479217
NGC0247,adaptive_primary,6,True,0.9474316245279576,8.228135563781693
NGC0247,baryon_only,6,True,4.7083089754663225,18.44063700575709
NGC0247,compact_plummer,6,True,1.3740508255619417,9.92467327860954
NGC0247,extended,6,True,0.9904027062360568,8.414316957016073
NGC0247,nfw,6,True,0.14360458293476955,3.166048329434415
NGC0247,profiled_baryons,6,True,3.7929505594810906,16.539065100091932
NGC0247,scalar_core,6,True,0.9474316245277387,8.228135563780732
NGC0289,adaptive_primary,6,True,0.6814491572901525,5.986295889518224
NGC0289,baryon_only,6,True,59.05512524094985,65.93857109719822
NGC0289,compact_plummer,6,True,0.5966832670481286,6.0994199804219615
NGC0289,extended,6,True,0.6400210753734689,5.662665332444657
NGC0289,nfw,6,True,4.192816884348642,13.803931657547986
NGC0289,profiled_baryons,6,True,4.715096015638988,20.513210756475413
NGC0289,scalar_core,6,True,0.6814491904721244,5.9862958937642
NGC0300,adaptive_primary,5,True,4.274379227469811,5.113137040125183
NGC0300,baryon_only,5,True,305.67005017483416,47.52272016088289
NGC0300,compact_plummer,5,True,16.1242446370286,11.656871963827715
NGC0300,extended,5,True,14.047834381479188,10.511031930895859
NGC0300,nfw,5,True,0.21833329166220744,3.6090948255137687
NGC0300,profiled_baryons,5,True,111.15117988569209,29.61764679508807
NGC0300,scalar_core,5,True,14.372749499900312,11.060012424966418
NGC0801,adaptive_primary,3,True,35.655921446974126,23.69624854853208
NGC0801,baryon_only,3,True,282.7157229244833,64.26796956695507
NGC0801,compact_plummer,3,True,40.557482365390214,25.400298362368712
NGC0801,extended,3,True,22.326397275879497,18.373328583388194
NGC0801,nfw,3,True,7.740340007818728,10.406939992464954
NGC0801,profiled_baryons,3,True,149.05325793140364,46.738836249947404
NGC0801,scalar_core,3,True,36.52180018123596,24.203444767822678
NGC0891,adaptive_primary,4,True,2.024183703902788,6.008774592340712
NGC0891,baryon_only,4,True,592.0415477916838,91.65363573981874
NGC0891,compact_plummer,4,True,2.024183703902788,6.008774592340712
NGC0891,extended,4,True,2.024183703902788,6.008774592340712
NGC0891,nfw,4,True,4.824140716684242,8.995335207112735
NGC0891,profiled_baryons,4,True,81.48031869815279,35.01684947839233
NGC0891,scalar_core,4,True,2.024183701741245,6.008774589418773
NGC1003,adaptive_primary,8,True,12.637488568235455,7.34195981990043
NGC1003,baryon_only,8,True,821.0354919783024,60.89936687172888
NGC1003,compact_plummer,8,True,12.637488564921654,7.341959818916822
NGC1003,extended,8,True,16.054568624414188,8.295768876978181
NGC1003,nfw,8,True,3.665998374462597,4.273343364290972
NGC1003,profiled_baryons,8,True,353.11124628546827,40.84035284366936
NGC1003,scalar_core,8,True,12.637490540462679,7.341960405302582
NGC1090,adaptive_primary,5,True,0.4089732062388286,1.4261075896667372
NGC1090,baryon_only,5,True,568.5506161223615,53.17278776700439
NGC1090,compact_plummer,5,True,0.6518640064028117,1.800459529520323
NGC1090,extended,5,True,1.2299596034347124,2.473149027438598
NGC1090,nfw,5,True,1.2075614409932258,2.4505269412751236
NGC1090,profiled_baryons,5,True,73.05027780005624,19.05968851980272
NGC1090,scalar_core,5,True,0.40897353495058564,1.4261081627828118
NGC2403,adaptive_primary,15,True,152.9993066235683,24.01203024688844
NGC2403,baryon_only,15,True,2116.5957411628287,68.2345845810499
NGC2403,compact_plummer,15,True,154.1176059387919,24.070760290154976
NGC2403,extended,15,True,152.999306623376,24.012030246878496
NGC2403,nfw,15,True,18.994552812426498,8.406788646514295
NGC2403,profiled_baryons,15,True,933.2367942009424,48.146941666118536
NGC2403,scalar_core,15,True,152.99930721671686,24.012030277591283
NGC2683,adaptive_primary,3,True,5.183807916541086,24.211464796183154
NGC2683,baryon_only,3,True,44.97940353403745,70.72700477340314
NGC2683,compact_plummer,3,True,5.4438664528379235,24.80359824954725
NGC2683,extended,3,True,3.001826924829444,18.37765371625653
NGC2683,nfw,3,True,0.041318041900506204,2.0468376551732295
NGC2683,profiled_baryons,3,True,22.772389308412034,50.42169190842904
NGC2683,scalar_core,3,True,5.183807969049678,24.211464917236018
NGC2841,adaptive_primary,10,True,53.692112498949385,39.80076643463266
NGC2841,baryon_only,10,True,741.1303937334717,133.5569891277046
NGC2841,compact_plummer,10,True,53.81337780843701,39.847259330734126
NGC2841,extended,10,True,53.20786414017431,39.622677871597205
NGC2841,nfw,10,True,23.49549871057827,26.334447009976486
NGC2841,profiled_baryons,10,True,341.74569097549835,92.37355972766083
NGC2841,scalar_core,10,True,53.57628791920092,39.76974916440316
NGC2903,adaptive_primary,7,True,11.697688674281519,12.882677337731119
NGC2903,baryon_only,7,True,699.8462604770842,88.96186672833267
NGC2903,compact_plummer,7,True,27.730761891557403,19.523221169794773
NGC2903,extended,7,True,11.697688678001457,12.882677339907763
NGC2903,nfw,7,True,0.5159669166352362,2.990243065323565
NGC2903,profiled_baryons,7,True,230.69528933407076,51.862009815112536
NGC2903,scalar_core,7,True,25.240265727065484,18.73637083008811
NGC2915,adaptive_primary,6,True,5.866557480040799,14.300655549390857
NGC2915,baryon_only,6,True,104.58644171918338,62.387938664151825
NGC2915,compact_plummer,6,True,5.866557480040799,14.300655549390857
NGC2915,extended,6,True,5.866557480040799,14.300655549390857
NGC2915,nfw,6,True,0.07146935079341295,1.6682387205591047
NGC2915,profiled_baryons,6,True,48.953513841448334,42.48711255094967
NGC2915,scalar_core,6,True,5.866557488673027,14.300655560261607
NGC2955,adaptive_primary,5,True,5.750789570490722,30.052470032472623
NGC2955,baryon_only,5,True,45.31680748609867,88.57500637106679
NGC2955,compact_plummer,5,True,5.750789569368691,30.05247002942487
NGC2955,extended,5,True,5.750789569368516,30.052470029424402
NGC2955,nfw,5,True,30.775505050546986,65.96997294470005
NGC2955,profiled_baryons,5,True,13.421186841925834,47.75988015546244
NGC2955,scalar_core,5,True,5.750786497668459,30.052461685819917
NGC2976,adaptive_primary,6,True,0.4412693706636886,3.1503214666443777
NGC2976,baryon_only,6,True,29.954704141595855,23.550576461550932
NGC2976,compact_plummer,6,True,0.44126937027530433,3.1503214653784632
NGC2976,extended,6,True,0.4412693706636886,3.1503214666443777
NGC2976,nfw,6,True,1.4434228884469575,5.629923172684181
NGC2976,profiled_baryons,6,True,1.4434258557539483,5.629928659291632
NGC2976,scalar_core,6,True,0.44126937097561614,3.150321467661085
NGC2998,adaptive_primary,3,True,12.505503487097421,10.11243543530326
NGC2998,baryon_only,3,True,525.6254481170012,59.349893224826914
NGC2998,compact_plummer,3,True,12.505503487097421,10.11243543530326
NGC2998,extended,3,True,12.505503489247412,10.112435436102334
NGC2998,nfw,3,True,7.761412502661423,7.47142617271674
NGC2998,profiled_baryons,3,True,110.9870771978542,28.52041756650575
NGC2998,scalar_core,3,True,12.505503971775752,10.11243561543953
NGC3109,adaptive_primary,5,True,1.3712930848659053,3.673737163628098
NGC3109,baryon_only,5,True,203.60998802885192,44.621572877264185
NGC3109,compact_plummer,5,True,1.6641696250645654,4.046774622380111
NGC3109,extended,5,True,1.5652030013275087,3.925068544897407
NGC3109,nfw,5,True,5.035835746587415,7.017096218559415
NGC3109,profiled_baryons,5,True,112.07932838109056,33.09823343127226
NGC3109,scalar_core,5,True,1.3712930859704517,3.673737165106597
NGC3198,adaptive_primary,9,True,60.47409435213793,18.102257853382532
NGC3198,baryon_only,9,True,1028.0723857734847,69.17295403541102
NGC3198,compact_plummer,9,True,62.925275594084596,18.432928807411777
NGC3198,extended,9,True,59.60787139299053,17.954618327033277
NGC3198,nfw,9,True,3.4084328840015217,3.7046702701734193
NGC3198,profiled_baryons,9,True,564.4220443605864,51.487507264741616
NGC3198,scalar_core,9,True,60.47409418264044,18.102257830297663
NGC3521,adaptive_primary,9,True,2.131940590578337,15.520447022116448
NGC3521,baryon_only,9,True,39.51861677312313,51.43827170103359
NGC3521,compact_plummer,9,True,2.131940590586554,15.52044702213454
NGC3521,extended,9,True,2.131940590586554,15.52044702213454
NGC3521,nfw,9,True,18.679539255845697,34.94518970333633
NGC3521,profiled_baryons,9,True,37.97854609585539,50.178057057040476
NGC3521,scalar_core,9,True,2.1319405905347986,15.520447022020562
NGC3726,adaptive_primary,3,True,2.7659126574198147,19.603820457081753
NGC3726,baryon_only,3,True,41.747327324948905,75.88841513043147
NGC3726,compact_plummer,3,True,2.7659126574198147,19.603820457081753
NGC3726,extended,3,True,2.9203568393119,20.14064846592957
NGC3726,nfw,3,True,0.6496500528630547,8.806953104841492
NGC3726,profiled_baryons,3,True,29.109442719569994,63.593436541097496
NGC3726,scalar_core,3,True,2.7659133290840345,19.60382282038285
NGC3741,adaptive_primary,5,True,8.761499662653392,7.888761234867635
NGC3741,baryon_only,5,True,197.25040940343547,35.359381428721385
NGC3741,compact_plummer,5,True,9.637997831574008,8.247643085832554
NGC3741,extended,5,True,11.437220210315015,8.929707418177589
NGC3741,nfw,5,True,0.7383936268785158,2.365433132396374
NGC3741,profiled_baryons,5,True,158.64526581854827,31.764690763047067
NGC3741,scalar_core,5,True,8.761498570068833,7.888760777608838
NGC3769,adaptive_primary,3,True,13.354735346430537,37.86013680391781
NGC3769,baryon_only,3,True,48.60325280611509,72.21378551841785
NGC3769,compact_plummer,3,True,13.354735346430537,37.86013680391781
NGC3769,extended,3,True,11.08481106850171,34.48666965751376
NGC3769,nfw,3,True,0.06603935358849639,2.6854015043702555
NGC3769,profiled_baryons,3,True,25.76069667348469,52.57698586452219
NGC3769,scalar_core,3,True,13.354735347981597,37.86013680611562
NGC3877,adaptive_primary,3,True,3.7955518970093656,12.036223986470473
NGC3877,baryon_only,3,True,123.318828070587,63.577969540863236
NGC3877,compact_plummer,3,True,3.7955518970093656,12.036223986470473
NGC3877,extended,3,True,3.3747416145489786,11.36888844656026
NGC3877,nfw,3,True,2.7984025489320583,9.762273815754325
NGC3877,profiled_baryons,3,True,1.4487364517991395,6.076412580852196
NGC3877,scalar_core,3,True,3.7955523931975925,12.036224707117448
NGC3893,adaptive_primary,2,True,0.1556501302204691,4.659029435293323
NGC3893,baryon_only,2,True,34.92305151986329,73.53343223024214
NGC3893,compact_plummer,2,True,0.7406100624536233,10.588918211949904
NGC3893,extended,2,True,0.155650125326582,4.659029357957712
NGC3893,nfw,2,True,1.046760436421066,13.367961009297133
NGC3893,profiled_baryons,2,True,13.765199380669731,46.13145484387951
NGC3893,scalar_core,2,True,0.7104131573804617,10.367816102643198
NGC3917,adaptive_primary,4,True,1.7235434803045786,7.45179108094393
NGC3917,baryon_only,4,True,207.85024072696336,69.4212321105224
NGC3917,compact_plummer,4,True,4.956310845307838,12.395959902084934
NGC3917,extended,4,True,1.7235434701870345,7.451791060029495
NGC3917,nfw,4,True,0.07398614108510464,1.2320535072417258
NGC3917,profiled_baryons,4,True,10.102951238178104,17.567624301354474
NGC3917,scalar_core,4,True,4.886222933492661,12.320557689085675
NGC3953,adaptive_primary,2,True,3.4840977798922825,14.29786041436922
NGC3953,baryon_only,2,True,42.300117181819914,47.779018261417725
NGC3953,compact_plummer,2,True,3.468978751888324,14.232611876883057
NGC3953,extended,2,True,2.6765886289903458,12.5004156548325
NGC3953,nfw,2,True,0.09527020198271194,1.9304847038760562
NGC3953,profiled_baryons,2,True,1.4152103385676587,9.558014511827745
NGC3953,scalar_core,2,True,3.4840977833104807,14.297860420974658
NGC3972,adaptive_primary,2,True,1.0375188085469014,5.48836829192804
NGC3972,baryon_only,2,True,121.25744504179048,59.13526606137559
NGC3972,compact_plummer,2,True,9.23729718922413,15.96404939668939
NGC3972,extended,2,True,1.037518789706803,5.488368242196542
NGC3972,nfw,2,True,0.07185313638001806,1.3640322784702443
NGC3972,profiled_baryons,2,True,13.0018326868934,18.914086648812987
NGC3972,scalar_core,2,True,8.284912513277575,15.096766192906003
NGC3992,adaptive_primary,2,True,0.5490178023209227,5.403515121497846
NGC3992,baryon_only,2,True,91.5206010771193,69.01281745215161
NGC3992,compact_plummer,2,True,0.5702727720229047,5.49849249751617
NGC3992,extended,2,True,0.4768864794153501,5.027710252561129
NGC3992,nfw,2,True,0.3967364940915934,4.6940041699098884
NGC3992,profiled_baryons,2,True,45.45682368704184,49.13003752654543
NGC3992,scalar_core,2,True,0.20094731866450782,3.2492341223166683
NGC4010,adaptive_primary,3,True,22.951239373762206,20.61369269180101
NGC4010,baryon_only,3,True,119.76525307846812,50.11850893055692
NGC4010,compact_plummer,3,True,21.445868281887485,19.90727175715066
NGC4010,extended,3,True,22.78697509676103,20.538373277638673
NGC4010,nfw,3,True,6.228878256667056,10.414127651593114
NGC4010,profiled_baryons,3,True,17.772897379323116,19.060731223322442
NGC4010,scalar_core,3,True,22.951239114357673,20.613692570091025
NGC4013,adaptive_primary,8,True,0.7885943122411408,5.031154474223539
NGC4013,baryon_only,8,True,209.12165676180314,80.92279512558552
NGC4013,compact_plummer,8,True,0.8362831676951712,5.1589296584074855
NGC4013,extended,8,True,0.8775832207985182,5.26761411674751
NGC4013,nfw,8,True,0.5341591709585889,5.054693014700098
NGC4013,profiled_baryons,8,True,116.17372670557978,60.26506894862263
NGC4013,scalar_core,8,True,0.7885942842843834,5.031154397487739
NGC4088,adaptive_primary,3,True,1.2487996906119385,8.744164565445852
NGC4088,baryon_only,3,True,51.7253279297499,52.38582788876157
NGC4088,compact_plummer,3,True,1.2379589654865608,8.706208380108599
NGC4088,extended,3,True,1.2432872497043792,8.724587414727065
NGC4088,nfw,3,True,0.402933490335998,4.880668724608641
NGC4088,profiled_baryons,3,True,28.828343070650817,39.85287742544103
NGC4088,scalar_core,3,True,1.097085530566108,8.177956035182714
NGC4100,adaptive_primary,5,True,1.479605567775926,8.807751252401674
NGC4100,baryon_only,5,True,50.97564871356222,51.822029833453016
NGC4100,compact_plummer,5,True,0.2996985827329179,3.6829440866610885
NGC4100,extended,5,True,0.43599615736381764,4.455337686011446
NGC4100,nfw,5,True,3.320723469577586,13.379512743216301
NGC4100,profiled_baryons,5,True,14.992128029485201,28.56594895539566
NGC4100,scalar_core,5,True,0.5461120358546041,4.980919783689633
NGC4157,adaptive_primary,4,True,0.14569995882207018,4.6329102655665215
NGC4157,baryon_only,4,True,43.768616470035305,77.0134583516331
NGC4157,compact_plummer,4,True,0.11509581177713174,4.137008234357225
NGC4157,extended,4,True,0.12735265176360777,4.3447709222662905
NGC4157,nfw,4,True,0.09829428897638061,4.228437031139788
NGC4157,profiled_baryons,4,True,23.086941159780324,56.59572271966713
NGC4157,scalar_core,4,True,0.11509581177381747,4.13700823430077
NGC4183,adaptive_primary,5,True,1.280336567547843,8.609904070068994
NGC4183,baryon_only,5,True,64.76411019115866,50.68167352011682
NGC4183,compact_plummer,5,True,8.270580789236964,20.113958888108595
NGC4183,extended,5,True,0.5924047495846523,6.3733068736560545
NGC4183,nfw,5,True,0.279957639773927,4.679634804651519
NGC4183,profiled_baryons,5,True,13.284563114471315,24.70348810512408
NGC4183,scalar_core,5,True,6.964780953985013,18.72830547454172
NGC4217,adaptive_primary,4,True,0.421109320359584,6.803941745785267
NGC4217,baryon_only,4,True,148.9999495404918,99.64162185649741
NGC4217,compact_plummer,4,True,0.4211093156075699,6.803941714255255
NGC4217,extended,4,True,0.4211093156075699,6.803941714255255
NGC4217,nfw,4,True,5.92218234256687,20.627633056066554
NGC4217,profiled_baryons,4,True,18.448275750109786,36.5453178408838
NGC4217,scalar_core,4,True,0.42110931559953424,6.803941714201938
NGC4559,adaptive_primary,7,True,0.5205216739494766,4.318889056001026
NGC4559,baryon_only,7,True,51.963043180942016,43.00110714477019
NGC4559,compact_plummer,7,True,0.47702780786361615,4.13441060064562
NGC4559,extended,7,True,0.503014832722086,4.245725463403792
NGC4559,nfw,7,True,2.237113920238901,8.994437467671965
NGC4559,profiled_baryons,7,True,3.1112343196093972,10.478753167657876
NGC4559,scalar_core,7,True,0.5205216752937699,4.3188890615697195
NGC5005,adaptive_primary,4,True,0.42141242263603207,14.267979279511392
NGC5005,baryon_only,4,True,7.127427660298388,58.75921488252189
NGC5005,compact_plummer,4,True,0.376412521511191,13.484542703547506
NGC5005,extended,4,True,0.36563438107751334,13.29007574306741
NGC5005,nfw,4,True,0.04564103298351438,4.699977957264915
NGC5005,profiled_baryons,4,True,2.328917689616163,33.56959533412196
NGC5005,scalar_core,4,True,0.42141241916298516,14.267979220670044
NGC5033,adaptive_primary,5,True,9.551767490937726,13.09838597964063
NGC5033,baryon_only,5,True,678.5068541965845,90.18605384029621
NGC5033,compact_plummer,5,True,10.496775677470632,13.646421007056412
NGC5033,extended,5,True,3.128506455767992,6.565623915742025
NGC5033,nfw,5,True,12.154930160015534,10.749404657325709
NGC5033,profiled_baryons,5,True,112.66832942519218,38.70570084483903
NGC5033,scalar_core,5,True,9.551767377060267,13.098385911263884
NGC5055,adaptive_primary,6,True,377.5457962149837,23.6206427600591
NGC5055,baryon_only,6,True,6819.454347985801,85.70068993490885
NGC5055,compact_plummer,6,True,428.25756381380506,25.218997789332942
NGC5055,extended,6,True,426.6671585197344,25.14807455103094
NGC5055,nfw,6,True,1.5012595404274214,1.9303500988756186
NGC5055,profiled_baryons,6,True,4490.429447967466,69.91248025928031
NGC5055,scalar_core,6,True,427.9417898244761,25.211640326444755
NGC5371,adaptive_primary,4,True,73.74324569177716,39.6019311856879
NGC5371,baryon_only,4,True,88.14293243056204,43.01716317985296
NGC5371,compact_plummer,4,True,72.71724926449741,39.34574985539471
NGC5371,extended,4,True,57.08250233696248,35.08763509019817
NGC5371,nfw,4,True,21.607942688273013,22.150321519906857
NGC5371,profiled_baryons,4,True,70.16672981923013,38.71165117970164
NGC5371,scalar_core,4,True,73.74324555070459,39.60193115067817
NGC5585,adaptive_primary,5,True,0.10119769364247226,0.5459941929990825
NGC5585,baryon_only,5,True,789.869469991866,45.00709726185599
NGC5585,compact_plummer,5,True,0.10119769364247226,0.5459941929990825
NGC5585,extended,5,True,0.10119769364247226,0.5459941929990825
NGC5585,nfw,5,True,61.7838950250881,14.181106129167036
NGC5585,profiled_baryons,5,True,140.60439089166147,18.941499657105293
NGC5585,scalar_core,5,True,0.10119763345065964,0.545994046488493
NGC5907,adaptive_primary,4,True,2.2513949184439928,5.992544398867743
NGC5907,baryon_only,4,True,356.95525537594216,70.41711216745504
NGC5907,compact_plummer,4,True,2.806291402520261,6.656922456234604
NGC5907,extended,4,True,2.251394909376308,5.9925443877679205
NGC5907,nfw,4,True,10.174603994743375,12.653253032269985
NGC5907,profiled_baryons,4,True,162.51481270846028,48.34617340217526
NGC5907,scalar_core,4,True,2.2513949223220213,5.992544403614862
NGC5985,adaptive_primary,7,True,56.72713618166876,31.272004376681746
NGC5985,baryon_only,7,True,165.24635983093327,54.61376536104229
NGC5985,compact_plummer,7,True,55.10903560286712,30.804344266902007
NGC5985,extended,7,True,47.959394912369454,28.71268920575119
NGC5985,nfw,7,True,6.954402391323621,10.858583539418653
NGC5985,profiled_baryons,7,True,36.75385737656676,25.038252030658402
NGC5985,scalar_core,7,True,56.72713623035402,31.272004390802444
NGC6015,adaptive_primary,9,True,77.65371151658441,38.227493124238215
NGC6015,baryon_only,9,True,172.6264554848584,61.14665731319756
NGC6015,compact_plummer,9,True,69.03058415689735,35.976609821398334
NGC6015,extended,9,True,77.65371151250226,38.2274931231946
NGC6015,nfw,9,True,6.384722025823633,11.767004062392138
NGC6015,profiled_baryons,9,True,80.49398922949412,41.60022020235669
NGC6015,scalar_core,9,True,77.65371151658441,38.227493124238215
NGC6195,adaptive_primary,5,True,47.32973573789356,36.81624261678419
NGC6195,baryon_only,5,True,60.59871464219043,42.33661115276355
NGC6195,compact_plummer,5,True,44.985840878698255,35.801054408599754
NGC6195,extended,5,True,38.364986258244734,33.04985794948534
NGC6195,nfw,5,True,1.9707533744308783,6.741617483548368
NGC6195,profiled_baryons,5,True,57.86347724398077,41.405815266315734
NGC6195,scalar_core,5,True,47.32973626007627,36.816242847389525
NGC6503,adaptive_primary,7,True,9.092796074296617,8.886012022703403
NGC6503,baryon_only,7,True,682.0864123310039,64.72501713057503
NGC6503,compact_plummer,7,True,19.288262474367134,12.771587230914383
NGC6503,extended,7,True,9.09279606719617,8.886012019261257
NGC6503,nfw,7,True,0.9875198157051159,3.2341797709051407
NGC6503,profiled_baryons,7,True,210.99484549922983,37.11413962815009
NGC6503,scalar_core,7,True,18.343645737726767,12.509629547651205
NGC6674,adaptive_primary,3,True,1.4374328758678143,2.84736450865782
NGC6674,baryon_only,3,True,895.0169643682274,89.84198090197874
NGC6674,compact_plummer,3,True,1.4925434584853232,2.8323122056774386
NGC6674,extended,3,True,1.6027386569537818,2.811435723526084
NGC6674,nfw,3,True,2.8742070977108973,3.484962073551322
NGC6674,profiled_baryons,3,True,343.7960497363229,57.719229691934814
NGC6674,scalar_core,3,True,1.4374328971502361,2.847364506004611
NGC6946,adaptive_primary,12,True,0.05102371307260356,3.05610324458913
NGC6946,baryon_only,12,True,17.005192724814194,50.36704195865695
NGC6946,compact_plummer,12,True,0.05102371307260356,3.05610324458913
NGC6946,extended,12,True,0.05110689230984813,3.0697258823858653
NGC6946,nfw,12,True,0.5143566838011634,8.584114991508681
NGC6946,profiled_baryons,12,True,5.268554216006854,28.565393989391474
NGC6946,scalar_core,12,True,0.051023713145501415,3.056103252206261
NGC7331,adaptive_primary,8,True,0.36044025836609916,2.9475347896871877
NGC7331,baryon_only,8,True,492.7259255343156,103.83796036286726
NGC7331,compact_plummer,8,True,9.336280919391799,16.792348762001186
NGC7331,extended,8,True,8.569657127527208,15.863719122711936
NGC7331,nfw,8,True,1.481717705446414,6.200379261275715
NGC7331,profiled_baryons,8,True,178.76275031264234,64.78299099230996
NGC7331,scalar_core,8,True,8.728524146626455,16.316514625647343
NGC7793,adaptive_primary,10,True,22.877247849919172,26.875205020450075
NGC7793,baryon_only,10,True,13.448693559671465,27.4282011940781
NGC7793,compact_plummer,10,True,19.828205048025943,24.950516792030967
NGC7793,extended,10,True,22.877247849919172,26.875205020450075
NGC7793,nfw,10,True,10.045169565516304,17.8089643995689
NGC7793,profiled_baryons,10,True,7.690656884306323,20.83064618768282
NGC7793,scalar_core,10,True,22.877247849919172,26.875205020450075
NGC7814,adaptive_primary,4,True,5.61718899718514,11.462357310705883
NGC7814,baryon_only,4,True,446.06546707606503,101.15275052058341
NGC7814,compact_plummer,4,True,18.28021485497828,20.676436700129603
NGC7814,extended,4,True,5.61718875386541,11.46235706240882
NGC7814,nfw,4,True,1.1798553132981138,5.258816920776443
NGC7814,profiled_baryons,4,True,107.24924594028029,49.80434514960571
NGC7814,scalar_core,4,True,17.404803410090807,20.179292390155478
UGC00128,adaptive_primary,5,True,7.22029181255049,7.38178154082924
UGC00128,baryon_only,5,True,292.42336803024875,47.1775297557076
UGC00128,compact_plummer,5,True,8.06549087664952,7.806486757719916
UGC00128,extended,5,True,7.647324287690324,7.595842772402196
UGC00128,nfw,5,True,5.1441929372762845,5.879527408619134
UGC00128,profiled_baryons,5,True,150.60848047753908,34.56063992617816
UGC00128,scalar_core,5,True,7.220291818200653,7.3817815436772385
UGC00191,adaptive_primary,2,True,304.5589267117417,15.56227753324736
UGC00191,baryon_only,2,True,2259.6245465803877,37.33262017500733
UGC00191,compact_plummer,2,True,309.2533354192716,15.658808002404978
UGC00191,extended,2,True,280.6566923310439,14.965488400587283
UGC00191,nfw,2,True,45.3814510478428,5.246324270603572
UGC00191,profiled_baryons,2,True,25.769939708982943,5.24674196139553
UGC00191,scalar_core,2,True,304.5589278904796,15.56227755789915
UGC00731,adaptive_primary,3,True,1.019423934691228,3.2259272320787016
UGC00731,baryon_only,3,True,71.84473625262724,26.423475767405257
UGC00731,compact_plummer,3,True,5.098304906309822,7.189730941056194
UGC00731,extended,3,True,0.3400204501301775,1.8745986326676067
UGC00731,nfw,3,True,1.0817038607632268,3.381019757400172
UGC00731,profiled_baryons,3,True,1.22962170680292,3.5210822314334984
UGC00731,scalar_core,3,True,4.169937791913169,6.526274560933056
UGC01281,adaptive_primary,5,True,0.5194473195892979,2.8829077531944662
UGC01281,baryon_only,5,True,28.08467237022071,21.197989478333348
UGC01281,compact_plummer,5,True,16.93017522507991,16.458517661116343
UGC01281,extended,5,True,4.1642906222149785,8.16263743868608
UGC01281,nfw,5,True,0.8144600315220792,3.6098975753272096
UGC01281,profiled_baryons,5,False,inf,inf
UGC01281,scalar_core,5,True,28.01650125940722,21.172246459705583
UGC02259,adaptive_primary,2,True,1.1487063699695343,3.1345305088086506
UGC02259,baryon_only,2,True,245.92871529964276,41.05446718683
UGC02259,compact_plummer,2,True,26.774772805160367,14.160961944810593
UGC02259,extended,2,True,7.160078856770191,7.492058272259492
UGC02259,nfw,2,True,1.9312337699302202,3.9265599814624563
UGC02259,profiled_baryons,2,True,14.136734764137259,10.559577931596184
UGC02259,scalar_core,2,True,23.023419004435546,13.2042677135932
UGC02487,adaptive_primary,4,True,25.393861561549638,32.63416209814027
UGC02487,baryon_only,4,True,1197.0653518526435,137.37758928589818
UGC02487,compact_plummer,4,True,25.4760937131523,32.66417903932838
UGC02487,extended,4,True,18.96252574294264,28.780626613698413
UGC02487,nfw,4,True,4.968948096705343,16.55363934916315
UGC02487,profiled_baryons,4,True,143.0903863655135,58.59084678732713
UGC02487,scalar_core,4,True,25.39386135927993,32.63416202772863
UGC02885,adaptive_primary,4,True,0.05251077671958644,2.2915230027120925
UGC02885,baryon_only,4,True,150.52368925203518,122.68809610228499
UGC02885,compact_plummer,4,True,3.460316836852215,18.60192688097718
UGC02885,extended,4,True,2.656431728078469,16.298563519765995
UGC02885,nfw,4,True,0.06247904081987258,2.4995807812485795
UGC02885,profiled_baryons,4,True,52.39912262805291,72.38723825927669
UGC02885,scalar_core,4,True,2.871910582373856,16.94671231352517
UGC02916,adaptive_primary,9,True,0.31172201045791426,5.793730945142034
UGC02916,baryon_only,9,True,0.2852986793614812,5.694397698320509
UGC02916,compact_plummer,9,True,0.32241477399190427,5.903328903841713
UGC02916,extended,9,True,0.3125059006639297,5.803723719424503
UGC02916,nfw,9,True,0.30837737443502433,5.840700148050786
UGC02916,profiled_baryons,9,True,0.32031112642990267,6.243232757388682
UGC02916,scalar_core,9,True,0.3117220111203967,5.793730952148961
UGC02953,adaptive_primary,23,True,43.06320228644455,29.64948365391568
UGC02953,baryon_only,23,True,1417.1840523955168,115.86648080773114
UGC02953,compact_plummer,23,True,43.06320268340717,29.64948375277147
UGC02953,extended,23,True,43.02807257062449,29.602672271209958
UGC02953,nfw,23,True,8.187147156363675,13.121932694636412
UGC02953,profiled_baryons,23,True,646.8004592351392,82.44398612583801
UGC02953,scalar_core,23,True,43.06320268317816,29.64948375271444
UGC03205,adaptive_primary,10,True,180.80166379617938,40.14674678618486
UGC03205,baryon_only,10,True,736.876084145644,63.382902820073596
UGC03205,compact_plummer,10,True,112.1352088377992,32.585486355679954
UGC03205,extended,10,True,138.60009288228486,35.50951229106061
UGC03205,nfw,10,True,45.95716247831218,20.75910638098272
UGC03205,profiled_baryons,10,True,404.7924570221495,50.70507239624139
UGC03205,scalar_core,10,True,180.8016637962574,40.14674678619206
UGC03546,adaptive_primary,6,True,3.5863262300511956,16.676795394563317
UGC03546,baryon_only,6,True,679.7452831922889,81.05150930085175
UGC03546,compact_plummer,6,True,3.643179173435738,16.73524990409431
UGC03546,extended,6,True,2.6774761407753522,14.834675121165885
UGC03546,nfw,6,True,2.5856797581065707,3.917430194843835
UGC03546,profiled_baryons,6,True,61.87665711661799,37.05035160738197
UGC03546,scalar_core,6,True,3.5863262295764478,16.676795394101017
UGC03580,adaptive_primary,10,True,181.97791730368994,24.598638495252402
UGC03580,baryon_only,10,True,1830.7000545036121,69.28539934660758
UGC03580,compact_plummer,10,True,183.58839805521794,24.6976763359501
UGC03580,extended,10,True,172.8216685329425,23.94183511871535
UGC03580,nfw,10,True,25.274960642199787,9.085471599073617
UGC03580,profiled_baryons,10,True,647.0947619385481,42.51152282243267
UGC03580,scalar_core,10,True,181.97791357637638,24.598638266435344
UGC04278,adaptive_primary,5,True,3.2411321843494356,10.65920282982264
UGC04278,baryon_only,5,True,23.058680253096707,36.165462019380435
UGC04278,compact_plummer,5,True,2.6467138539721082,9.534214585644525
UGC04278,extended,5,True,2.730011446015004,9.71002464638929
UGC04278,nfw,5,True,0.38531242911412,5.316442008562624
UGC04278,profiled_baryons,5,True,2.039549200028432,12.074089910395301
UGC04278,scalar_core,5,True,3.2411323422480516,10.659203122294311
UGC04325,adaptive_primary,2,True,2.0957582203536855,4.415403814470445
UGC04325,baryon_only,2,True,226.99851009820526,45.952732673787246
UGC04325,compact_plummer,2,True,10.1212445396768,9.703240558202369
UGC04325,extended,2,True,5.974509263696687,7.455056835835554
UGC04325,nfw,2,True,3.647997191652249,5.825417914222553
UGC04325,profiled_baryons,2,True,0.2814536514880054,1.6180922696086182
UGC04325,scalar_core,2,True,10.473932676376332,9.870854001655117
UGC04483,adaptive_primary,2,True,2.3278373012473343,2.236824306558731
UGC04483,baryon_only,2,True,51.37094876820055,11.001439754262012
UGC04483,compact_plummer,2,True,2.3278373012473343,2.236824306558731
UGC04483,extended,2,True,2.3278373012473343,2.236824306558731
UGC04483,nfw,2,True,1.493559552571122,1.546467461737908
UGC04483,profiled_baryons,2,True,17.172926532068033,6.318638855754875
UGC04483,scalar_core,2,True,2.327837298511382,2.2368243051729015
UGC04499,adaptive_primary,2,True,0.06253436689695023,0.6666480626850557
UGC04499,baryon_only,2,True,158.45414279469486,33.547110723545444
UGC04499,compact_plummer,2,True,2.9886682666611457,4.611308485765425
UGC04499,extended,2,True,0.06253437952702096,0.666648130044928
UGC04499,nfw,2,True,3.621633570987111,5.0749160999507135
UGC04499,profiled_baryons,2,True,3.466637529023883,4.962039635389357
UGC04499,scalar_core,2,True,2.460229605018358,4.1841883113815515
UGC05005,adaptive_primary,3,True,0.4459369754795148,6.677851267282874
UGC05005,baryon_only,3,True,30.881187426158505,55.570844357593224
UGC05005,compact_plummer,3,True,0.5990085389781622,7.739564193016052
UGC05005,extended,3,True,0.5207809477489774,7.216515417769005
UGC05005,nfw,3,True,1.1810667846097793,10.867689656085048
UGC05005,profiled_baryons,3,True,9.65711475260989,31.075898623547303
UGC05005,scalar_core,3,True,0.44593697266905563,6.677851246239734
UGC05253,adaptive_primary,15,True,86.12513316421925,39.98463444037224
UGC05253,baryon_only,15,True,1056.7015015622644,93.91978131285619
UGC05253,compact_plummer,15,True,87.25231693456574,40.14425257102349
UGC05253,extended,15,True,10.186148986453706,12.622695216285752
UGC05253,nfw,15,True,140.0985512602943,53.40371428403346
UGC05253,profiled_baryons,15,True,297.12036536448096,57.274936201115565
UGC05253,scalar_core,15,True,86.12513356345269,39.98463449610698
UGC05716,adaptive_primary,3,True,3.174546947671016,3.30106036259012
UGC05716,baryon_only,3,True,528.9817113675126,24.782169059223023
UGC05716,compact_plummer,3,True,3.4823241639298477,3.459506394881385
UGC05716,extended,3,True,3.287680949876577,3.367851041421404
UGC05716,nfw,3,True,9.124653948944689,2.740225642338793
UGC05716,profiled_baryons,3,True,52.54184641021703,9.248316421288793
UGC05716,scalar_core,3,True,3.1745469530577637,3.301060365891252
UGC05721,adaptive_primary,5,True,4.654503633194399,9.85945449448912
UGC05721,baryon_only,5,True,95.52341006751492,44.66538779546241
UGC05721,compact_plummer,5,True,6.557518594453201,11.702697129008154
UGC05721,extended,5,True,4.654503585438858,9.859454443909765
UGC05721,nfw,5,True,1.2688697727939675,5.1478362753514935
UGC05721,profiled_baryons,5,True,24.457552659938198,22.60074205745341
UGC05721,scalar_core,5,True,6.202289062237642,11.381308660954897
UGC05750,adaptive_primary,3,True,0.16298668536561614,4.447927679463581
UGC05750,baryon_only,3,True,11.81794890436566,38.93550360401822
UGC05750,compact_plummer,3,True,0.16298668455303536,4.447927668736821
UGC05750,extended,3,True,0.16298668536561614,4.447927679463581
UGC05750,nfw,3,True,1.368848391723341,12.899200409570676
UGC05750,profiled_baryons,3,True,1.2638661244076468,12.450784007874748
UGC05750,scalar_core,3,True,0.16298668553372567,4.4479276816827715
UGC05764,adaptive_primary,2,True,0.2127125671201836,1.2224771374763619
UGC05764,baryon_only,2,True,76.10833941927666,23.638472628535606
UGC05764,compact_plummer,2,True,0.13500035850301303,0.9792881796874842
UGC05764,extended,2,True,0.7103725619476834,2.2515342312670072
UGC05764,nfw,2,True,7.5806762719362535,7.466704496289186
UGC05764,profiled_baryons,2,True,0.11919130699698334,0.9513895112541451
UGC05764,scalar_core,2,True,0.2127125547005229,1.222477102030024
UGC05829,adaptive_primary,3,True,0.4973927845672552,3.5686196069273306
UGC05829,baryon_only,3,True,24.863523175506007,25.230848221500313
UGC05829,compact_plummer,3,True,3.4820492320921734,9.442086407081602
UGC05829,extended,3,True,0.4973927681763408,3.568619548127785
UGC05829,nfw,3,True,0.030039420968617336,0.8769933401754489
UGC05829,profiled_baryons,3,True,0.9357195913426208,4.894669562789701
UGC05829,scalar_core,3,True,3.0234404416445937,8.798349827762676
UGC05918,adaptive_primary,2,True,0.018691480159871685,0.5372969773981631
UGC05918,baryon_only,2,True,38.452395004420026,24.369928100094324
UGC05918,compact_plummer,2,True,2.2716816225916503,5.923334828689476
UGC05918,extended,2,True,1.0506840317805033,4.028363166653014
UGC05918,nfw,2,True,0.21015283425882325,1.801607479403907
UGC05918,profiled_baryons,2,True,0.49193857862830803,2.756436495378835
UGC05918,scalar_core,2,True,2.0764885766437082,5.66314033177745
UGC05986,adaptive_primary,3,True,0.04879486599450592,0.8430044288013305
UGC05986,baryon_only,3,True,194.8126199083279,64.73747993256778
UGC05986,compact_plummer,3,True,0.2197835182831802,2.1165400741099765
UGC05986,extended,3,True,0.048794862470686734,0.843004393070669
UGC05986,nfw,3,True,9.135385323162273,16.231542588740204
UGC05986,profiled_baryons,3,True,24.413115795070468,22.90085552387084
UGC05986,scalar_core,3,True,0.18122471707836207,1.9149080333002877
UGC06399,adaptive_primary,2,True,0.1470153200900382,1.8787862665459896
UGC06399,baryon_only,2,True,94.76401774481846,47.6999377992581
UGC06399,compact_plummer,2,True,1.1702757443359229,5.300784906172435
UGC06399,extended,2,True,0.1470153209176514,1.878786271834242
UGC06399,nfw,2,True,2.97337899976574,8.44930942647832
UGC06399,profiled_baryons,2,True,7.367529243743661,13.300164553203293
UGC06399,scalar_core,2,True,0.9981438935445285,4.895450427080652
UGC06446,adaptive_primary,4,True,0.3696810047588611,3.6231177614659997
UGC06446,baryon_only,4,True,30.801323438876654,35.51432627500438
UGC06446,compact_plummer,4,True,2.650481567455017,10.57168057540673
UGC06446,extended,4,True,0.044326070699390256,2.112721622978271
UGC06446,nfw,4,True,0.0516421394383591,2.3571447337630986
UGC06446,profiled_baryons,4,True,1.6124074073113508,8.057933623125345
UGC06446,scalar_core,4,True,2.0676891497246985,9.360212614838519
UGC06614,adaptive_primary,3,True,0.9937057705312234,15.952706855481816
UGC06614,baryon_only,3,True,44.03370324755315,108.19260543797265
UGC06614,compact_plummer,3,True,1.0445495390638861,16.35797902999221
UGC06614,extended,3,True,1.010555676707465,16.08973163178147
UGC06614,nfw,3,True,3.0884649997339615,28.12293913193705
UGC06614,profiled_baryons,3,True,16.61012188578299,66.21490090066388
UGC06614,scalar_core,3,True,0.9937057734678452,15.952706879181386
UGC06667,adaptive_primary,2,True,2.8555655611018653,5.571271144610195
UGC06667,baryon_only,2,True,301.70296180284265,55.33103161484008
UGC06667,compact_plummer,2,True,0.5236928773542984,2.4234557376087205
UGC06667,extended,2,True,1.6022742612879335,4.19006125247375
UGC06667,nfw,2,True,7.290827552205939,8.801873386593208
UGC06667,profiled_baryons,2,True,84.97175503904117,29.304604873902807
UGC06667,scalar_core,2,True,2.855565566419436,5.571271149617916
UGC06786,adaptive_primary,9,True,16.138271763940697,14.832448689666872
UGC06786,baryon_only,9,True,2572.6527475452417,101.06265867544985
UGC06786,compact_plummer,9,True,19.83585538799169,15.811358058044483
UGC06786,extended,9,True,17.240280101218655,14.774154547694144
UGC06786,nfw,9,True,2.199882641787421,2.703671062820332
UGC06786,profiled_baryons,9,True,1066.0748224781796,70.90388792770194
UGC06786,scalar_core,9,True,16.13827174279656,14.83244868367016
UGC06787,adaptive_primary,15,True,600.0160158625594,69.44567963476575
UGC06787,baryon_only,15,True,3279.5792765358233,156.02445974527845
UGC06787,compact_plummer,15,True,600.0160158625594,69.44567963476575
UGC06787,extended,15,True,600.0160158625594,69.44567963476575
UGC06787,nfw,15,True,160.48783492086815,36.099463586102566
UGC06787,profiled_baryons,15,True,683.0655019080208,73.90351555285169
UGC06787,scalar_core,15,True,600.0160113643976,69.44567939093164
UGC06818,adaptive_primary,2,True,4.046265764644627,12.06919912534409
UGC06818,baryon_only,2,True,46.88302489008214,41.08270799305904
UGC06818,compact_plummer,2,True,4.046265764644631,12.069199125344099
UGC06818,extended,2,True,4.046265764644631,12.069199125344099
UGC06818,nfw,2,True,0.9135379502017915,5.734750753717593
UGC06818,profiled_baryons,2,True,19.738247024655408,26.656648193041725
UGC06818,scalar_core,2,True,4.046265764644631,12.069199125344099
UGC06917,adaptive_primary,3,True,3.8146318612467347,10.261890901329634
UGC06917,baryon_only,3,True,120.88748067392912,52.781324651611115
UGC06917,compact_plummer,3,True,4.484955642734669,11.124114704362901
UGC06917,extended,3,True,2.5961200539881646,8.521195084501693
UGC06917,nfw,3,True,0.560849195019971,3.5891532686121694
UGC06917,profiled_baryons,3,True,9.792523966686772,15.489698118139572
UGC06917,scalar_core,3,True,4.2979884651206,10.910032968869114
UGC06930,adaptive_primary,2,True,0.09777385874889835,2.313892068591289
UGC06930,baryon_only,2,True,38.14936466964853,45.70622724870161
UGC06930,compact_plummer,2,True,3.645877831507133,14.129694619960144
UGC06930,extended,2,True,0.9923690375032375,7.371711368039127
UGC06930,nfw,2,True,0.003504360997351316,0.43806256198739246
UGC06930,profiled_baryons,2,True,3.5314605939635726,13.906213795474498
UGC06930,scalar_core,2,True,3.2089895978562746,13.256103136993527
UGC06983,adaptive_primary,4,True,0.04853553155124088,2.5066072935882566
UGC06983,baryon_only,4,True,25.065789305047346,49.82790550076977
UGC06983,compact_plummer,4,True,1.0070340788671035,10.57398847061688
UGC06983,extended,4,True,0.017506966540742915,1.5485136428409312
UGC06983,nfw,4,True,0.2157805528233127,4.559857864724597
UGC06983,profiled_baryons,4,True,3.6712115993336853,19.641528643587176
UGC06983,scalar_core,4,True,0.794391997499051,9.47473454773791
UGC07089,adaptive_primary,3,True,0.6821756377211937,5.573836406239841
UGC07089,baryon_only,3,True,27.686122505620904,34.136173680623344
UGC07089,compact_plummer,3,True,0.9091542304713566,6.402514437731741
UGC07089,extended,3,True,0.7608737583773534,5.861585703550812
UGC07089,nfw,3,True,0.057370967959031106,1.6055172426630637
UGC07089,profiled_baryons,3,True,6.715714920518349,17.005360862843844
UGC07089,scalar_core,3,True,0.6821756455149582,5.573836436806837
UGC07125,adaptive_primary,3,True,1.4754578297609229,4.147826941697464
UGC07125,baryon_only,3,True,39.40615003249489,20.492639878546182
UGC07125,compact_plummer,3,True,1.5696272531717703,4.271778121472275
UGC07125,extended,3,True,0.9891099026566863,3.415995188034338
UGC07125,nfw,3,True,1.0099819395142757,3.253526504071123
UGC07125,profiled_baryons,3,True,1.0648727177654131,3.586672290679809
UGC07125,scalar_core,3,True,1.4754578326372165,4.147826945543276
UGC07151,adaptive_primary,3,True,6.730254220971289,8.416193799680133
UGC07151,baryon_only,3,True,91.29221519345158,31.120278338240123
UGC07151,compact_plummer,3,True,7.843239135706025,9.0868058475119
UGC07151,extended,3,True,3.798339920983775,6.316458439160623
UGC07151,nfw,3,True,1.5621764917669285,4.081480056525672
UGC07151,profiled_baryons,3,True,4.900682744391898,7.184470199459828
UGC07151,scalar_core,3,True,7.782178180770379,9.051115933092252
UGC07323,adaptive_primary,2,True,0.389975077951918,2.4167370036845304
UGC07323,baryon_only,2,True,48.56384991234092,26.96916616716466
UGC07323,compact_plummer,2,True,0.016424503215208625,0.49597191674918256
UGC07323,extended,2,True,0.030688384174912684,0.6779504856176812
UGC07323,nfw,2,True,0.31474599592985186,2.1711562141959746
UGC07323,profiled_baryons,2,True,3.3652646307852323,7.099382497711145
UGC07323,scalar_core,2,True,0.07500753262316334,1.059896370096556
UGC07399,adaptive_primary,2,True,3.0730655241170277,8.630558106704791
UGC07399,baryon_only,2,True,135.4984543883915,57.01121538128069
UGC07399,compact_plummer,2,True,12.379952631944343,17.306892974108266
UGC07399,extended,2,True,3.3394362366730883,9.005115936708574
UGC07399,nfw,2,True,0.037561265187224156,0.9614193681249384
UGC07399,profiled_baryons,2,True,21.328962884751455,22.657732303669448
UGC07399,scalar_core,2,True,10.840816635515026,16.20228175585287
UGC07524,adaptive_primary,7,True,1.4496853395388294,4.433655588360082
UGC07524,baryon_only,7,True,103.9154192778398,34.162036969306676
UGC07524,compact_plummer,7,True,1.7800699113168383,4.867096499996614
UGC07524,extended,7,True,0.6413629801656034,3.060074939745134
UGC07524,nfw,7,True,3.454354726437179,5.792370322888076
UGC07524,profiled_baryons,7,True,0.2558746248498847,1.6693571674576781
UGC07524,scalar_core,7,True,1.4496854112301043,4.433655687587902
UGC07577,adaptive_primary,2,True,1.7167175024022414,4.1534470635714
UGC07577,baryon_only,2,True,1.8767570571899284,4.342734621410324
UGC07577,compact_plummer,2,True,1.4167865712555945,3.773214355942469
UGC07577,extended,2,True,1.0965725412866463,3.3195403010259383
UGC07577,nfw,2,True,1.1614717352395705,3.416359659088738
UGC07577,profiled_baryons,2,True,1.6884413543652002,4.119099212920279
UGC07577,scalar_core,2,True,1.7167174715207567,4.153447026213881
UGC07603,adaptive_primary,3,True,3.8900468021764323,5.700005254072822
UGC07603,baryon_only,3,True,190.48289211313568,39.886490986524755
UGC07603,compact_plummer,3,True,3.9004427801978743,5.707616678132009
UGC07603,extended,3,True,3.846399960531183,5.667937641713474
UGC07603,nfw,3,True,4.9024402367795785,6.398880456892965
UGC07603,profiled_baryons,3,True,43.5732568300038,19.076902221531533
UGC07603,scalar_core,3,True,3.890046802356268,5.700005254204577
UGC08286,adaptive_primary,4,True,0.09269897100062392,0.6129639535199606
UGC08286,baryon_only,4,True,631.4451900673223,50.37596600499936
UGC08286,compact_plummer,4,True,43.580057905527,13.2284471094115
UGC08286,extended,4,True,0.09269901520252787,0.6129640990164577
UGC08286,nfw,4,True,0.1399963109678648,0.7520561714742547
UGC08286,profiled_baryons,4,True,240.92775579159166,31.11388894457754
UGC08286,scalar_core,4,True,37.5369030967744,12.27642682701542
UGC08490,adaptive_primary,6,True,1.6008955901875839,4.668827952018917
UGC08490,baryon_only,6,True,112.77934151270905,39.1869211851505
UGC08490,compact_plummer,6,True,1.7584954829486008,4.893245379640842
UGC08490,extended,6,True,1.4939814284598525,4.510232868494952
UGC08490,nfw,6,True,0.07223583342512026,0.9917511439367135
UGC08490,profiled_baryons,6,True,42.957406432608444,24.18496106523721
UGC08490,scalar_core,6,True,1.6008953636802261,4.66882762172757
UGC08550,adaptive_primary,3,True,1.8306440199684362,2.8325108416047797
UGC08550,baryon_only,3,True,143.99903386897043,24.984538055697882
UGC08550,compact_plummer,3,True,2.4646208115931816,3.2820028792481013
UGC08550,extended,3,True,2.4020797037142354,3.254049636363299
UGC08550,nfw,3,True,0.6451373395991787,1.6209556712693598
UGC08550,profiled_baryons,3,True,34.95498854474268,12.38432748338914
UGC08550,scalar_core,3,True,1.8306450085759256,2.832511601363528
UGC08699,adaptive_primary,9,True,34.98136320502621,33.27352430099552
UGC08699,baryon_only,9,True,155.8617742370971,62.30269813397783
UGC08699,compact_plummer,9,True,35.65444375109387,33.58494714997309
UGC08699,extended,9,True,35.393076807589466,33.480484967469486
UGC08699,nfw,9,True,1.7237598002497587,7.677594060044302
UGC08699,profiled_baryons,9,True,64.40889233557535,43.40033056764434
UGC08699,scalar_core,9,True,35.39307681357389,33.480484969849
UGC08837,adaptive_primary,2,True,0.45001318396808804,2.0275286836004964
UGC08837,baryon_only,2,True,39.29552441866299,19.266150477108464
UGC08837,compact_plummer,2,True,0.4500131839647816,2.0275286835935407
UGC08837,extended,2,True,0.4500131839647816,2.0275286835935407
UGC08837,nfw,2,True,8.187058603882232,8.814341068317507
UGC08837,profiled_baryons,2,True,17.002933717589556,12.65934542731283
UGC08837,scalar_core,2,True,0.45001318396808804,2.0275286836004964
UGC09037,adaptive_primary,5,True,0.4379504723090747,10.63601907355404
UGC09037,baryon_only,5,True,39.04714805205846,67.75897047791098
UGC09037,compact_plummer,5,True,0.1711710929860099,4.947082833873419
UGC09037,extended,5,True,0.14651302583699394,4.707643536341936
UGC09037,nfw,5,True,2.4385149404767548,22.242491637212453
UGC09037,profiled_baryons,5,True,7.96769378865226,29.674759521064473
UGC09037,scalar_core,5,True,0.16065319898308922,4.8610797562149015
UGC09133,adaptive_primary,14,True,99.67826555802074,17.203810251759215
UGC09133,baryon_only,14,True,1799.8921055462667,84.42137728844664
UGC09133,compact_plummer,14,True,98.74647495407388,17.118929182208582
UGC09133,extended,14,True,60.15320096260455,13.204777395764813
UGC09133,nfw,14,True,144.9631988317389,20.939073918209377
UGC09133,profiled_baryons,14,True,937.0691976727678,60.785946608618616
UGC09133,scalar_core,14,True,99.67827328561,17.203810967062076
UGC11455,adaptive_primary,8,True,41.05953957106246,41.252640677934814
UGC11455,baryon_only,8,True,456.40415329763846,133.7932440505608
UGC11455,compact_plummer,8,True,46.50131779501642,43.787383825295265
UGC11455,extended,8,True,5.7235730181572535,15.492885194930421
UGC11455,nfw,8,True,24.862084295690014,32.136784878356615
UGC11455,profiled_baryons,8,True,107.3952024107661,65.91583621198716
UGC11455,scalar_core,8,True,41.05953954509062,41.2526406654384
UGC11557,adaptive_primary,3,True,31.748616863101585,37.751760369347416
UGC11557,baryon_only,3,True,32.90671787333748,38.434132816210635
UGC11557,compact_plummer,3,True,31.74861686301701,37.75176036929713
UGC11557,extended,3,True,31.74861686301701,37.75176036929713
UGC11557,nfw,3,True,0.24391643975435193,3.308989117626841
UGC11557,profiled_baryons,3,True,2.6674955514824403,10.942754466131767
UGC11557,scalar_core,3,True,31.748616863194655,37.75176036940275
UGC11820,adaptive_primary,2,True,47.63404318954535,7.261574067637986
UGC11820,baryon_only,2,True,513.3475403669312,21.614761038161753
UGC11820,compact_plummer,2,True,110.22482666057398,11.05336125407262
UGC11820,extended,2,True,47.63404400772801,7.261574121613985
UGC11820,nfw,2,True,16.962077966701965,4.313291484814957
UGC11820,profiled_baryons,2,True,83.47127266433779,9.572822322599254
UGC11820,scalar_core,2,True,105.41688155058952,10.849162922535072
UGC11914,adaptive_primary,13,True,60.40114451483875,22.56945336795124
UGC11914,baryon_only,13,True,110.35380417147893,29.12550155098347
UGC11914,compact_plummer,13,True,60.40114457492021,22.569453376694785
UGC11914,extended,13,True,58.405425910767846,22.25858532569465
UGC11914,nfw,13,True,29.205252014516308,15.921720226589532
UGC11914,profiled_baryons,13,True,69.94127583528392,23.916432383274955
UGC11914,scalar_core,13,True,60.40114457488324,22.569453376689417
UGC12506,adaptive_primary,7,True,2.977798038325517,21.674388007391816
UGC12506,baryon_only,7,True,11.071139032452168,45.08918060367274
UGC12506,compact_plummer,7,True,1.4849765072580625,15.152799734578876
UGC12506,extended,7,True,2.159601873281306,18.40027326019126
UGC12506,nfw,7,True,0.25280856462808815,6.144427185697647
UGC12506,profiled_baryons,7,True,4.9633942792351835,29.958251978133568
UGC12506,scalar_core,7,True,2.977797365387559,21.67438545347687
UGC12632,adaptive_primary,3,True,0.9347384441253005,2.7756168907960266
UGC12632,baryon_only,3,True,128.10636155221704,32.44409978939172
UGC12632,compact_plummer,3,True,5.262776563954444,6.536254369838556
UGC12632,extended,3,True,1.2312421827490694,3.1691071548701424
UGC12632,nfw,3,True,0.47393272695567007,1.929947135230939
UGC12632,profiled_baryons,3,True,0.2590292273305347,1.5008242418497906
UGC12632,scalar_core,3,True,4.477864465216979,6.025530095741343
UGC12732,adaptive_primary,4,True,0.46749293357745136,2.1763839854126967
UGC12732,baryon_only,4,True,61.30532341825644,25.660665100892096
UGC12732,compact_plummer,4,True,4.6356649059501525,6.926265620456125
UGC12732,extended,4,True,0.4674929375006466,2.1763839946056462
UGC12732,nfw,4,True,0.8138996531098038,2.871943316611797
UGC12732,profiled_baryons,4,True,1.1790799438058115,3.512194667991316
UGC12732,scalar_core,4,True,3.758307270230242,6.222731243394589
UGCA442,adaptive_primary,2,True,29.695804912301128,4.480368593818194
UGCA442,baryon_only,2,True,1797.645426184389,37.56833985812601
UGCA442,compact_plummer,2,True,46.229822163574205,5.675632860679983
UGCA442,extended,2,True,23.639965615243426,4.279887171857823
UGCA442,nfw,2,True,52.00501588603073,4.894158714481999
UGCA442,profiled_baryons,2,True,969.1563713860545,26.890872748975926
UGCA442,scalar_core,2,True,29.69580537422848,4.480368631917789
UGCA444,adaptive_primary,8,True,0.14696088556021905,2.411391741243262
UGCA444,baryon_only,8,True,15.231649137179417,20.480405058070147
UGCA444,compact_plummer,8,True,1.848557796485863,7.634401145002395
UGCA444,extended,8,True,0.14696088617455152,2.4113917454994827
UGCA444,nfw,8,True,0.04845315091046203,1.4215500906609877
UGCA444,profiled_baryons,8,True,9.55045821556299,16.378771914677255
UGCA444,scalar_core,8,True,1.431725860310923,6.809334064082518
