galaxy,guard,loss,M_total_Msun,L_kpc,bound_hit
CamB,0.0001,14.421308588585172,0.0,0.0016000000000000005,False
D512-2,0.0001,0.5139590551618907,698178977.9007571,0.8015235192688949,False
D564-8,0.0001,0.2829945828912792,452646442.33043617,0.9949430469384101,False
D631-7,0.0001,2.9972355613109043,24352440898.0469,4.228092231404814,False
DDO064,0.0001,0.47323274364425155,2332335716.493468,1.1015215356802086,False
DDO154,0.0001,3.376431089546813,2775395327.2011423,1.5611933161194136,False
DDO161,0.0001,5.282369353421534,11776521684.911043,3.9509565163691063,False
DDO168,0.0001,16.57515653483818,12544599298.597044,2.472148684131384,False
DDO170,0.0001,52.48955913866222,6038750213.851707,2.4863635699219406,False
ESO079-G014,0.0001,12.35996518043873,81484160393.66418,4.359054497427578,False
ESO116-G012,0.0001,4.295572324231698,19914286272.312115,2.2279216621082276,False
ESO444-G084,0.0001,84.22227020083649,1431728479.4184353,0.6187832643800824,False
ESO563-G021,0.0001,40.069247340949055,398473474585.00916,5.580783515497893,False
F561-1,0.0001,0.31396083370297345,1844885137.6351538,1.8177580603585533,False
F563-1,0.0001,5.60503049468715,25969922285.130035,2.501805411575356,False
F563-V1,0.0001,0.31600903178279893,513553369.1573386,1.6031583045815205,False
F563-V2,0.0001,0.0775468393886901,21745572761.327385,1.7779526925633242,False
F565-V2,0.0001,0.3226285943162446,13501101505.838623,2.701834793610523,False
F567-2,0.0001,0.048356029360244274,3010041431.779294,1.7285391325010617,False
F568-1,0.0001,1.0265156283667467,30588359907.188236,2.2989694577245037,False
F568-3,0.0001,2.2514043738482687,25111956934.075096,3.250151646946949,False
F568-V1,0.0001,2.3224996017159154,21488677449.27285,1.9955960166399607,False
F571-8,0.0001,181.1470758410513,306063283347043.75,79.7612158835875,True
F571-V1,0.0001,0.8859845898949692,16139881225.735422,3.215081429093159,False
F574-1,0.0001,3.859064336150405,17199155488.289776,2.3421907928311185,False
F574-2,0.0001,0.003544720958678792,259090585.74888164,2.0007787184776715,False
F579-V1,0.0001,7.002587509955744,13259008361.820763,1.2776525309646147,False
F583-1,0.0001,3.2166178230461826,11470230651.368217,2.412502620143994,False
F583-4,0.0001,4.651724025708418,3801686930.2710834,1.3823300946365018,False
IC2574,0.0001,5.1727066686403145,9987965357.544683,3.8492117505379295,False
IC4202,0.0001,16.84478595710106,122959671004.86232,4.165311889582429,False
KK98-251,0.0001,9.983549186793697,389195040742479.75,101.42565722358607,True
NGC0024,0.0001,134.56072928079092,5191151116.665267,0.713559925116869,False
NGC0055,0.0001,0.07001478366780065,18675842958.58909,3.7402109464513593,False
NGC0100,0.0001,1.1605037576194488,12908942775.17146,2.4518143987553245,False
NGC0247,0.0001,9.64732740311107,11720429715.076199,2.131125652419649,False
NGC0289,0.0001,4.197246347970132,229897167691.6722,9.562911865185237,False
NGC0300,0.0001,25.451383678372242,13375262923.730911,2.150425858328742,False
NGC0801,0.0001,89.63652249925367,171014462689.0826,7.133569642074106,False
NGC0891,0.0001,11.03078273080569,384868898471.2904,9.836965979283551,False
NGC1003,0.0001,131.26696048994765,42470900008.41429,5.182177931458396,False
NGC1090,0.0001,22.21030960319492,95719598298.10533,5.865531723886942,False
NGC1705,0.0001,2.9452974494250306,3678400904.652099,0.7681677338035825,False
NGC2366,0.0001,0.3076272392602594,2797318331.7651544,1.5000185295198272,False
NGC2403,0.0001,257.5659582362795,33154917181.41684,2.8182467141192475,False
NGC2683,0.0001,6.475664577286927,77640945698.18451,3.6322306173321803,False
NGC2841,0.0001,127.9696623175304,494817992924.0433,6.151521556444915,False
NGC2903,0.0001,15.856578839035665,100061153122.66016,4.6218291396753335,False
NGC2915,0.0001,5.546111182432981,9819802913.158916,1.5220641036589153,False
NGC2955,0.0001,16.407487844425763,787757589217.8326,13.01645802404997,False
NGC2976,0.0001,0.4337529111402938,14274311965.611471,1.6696842459886252,False
NGC2998,0.0001,39.28128400379499,208315829658.17664,7.644176838718338,False
NGC3109,0.0001,1.2245004491575653,6859863697.117345,2.059300132206449,False
NGC3198,0.0001,153.82417910097317,85658775245.44154,4.754841234201552,False
NGC3521,0.0001,42.427454831423596,7621383438.712061,0.8222064126898063,False
NGC3726,0.0001,10.25901544815961,71140400049.3472,6.048049439384512,False
NGC3741,0.0001,11.448501432922988,2300247146.5706315,1.3907737361286205,False
NGC3769,0.0001,12.029367404248324,35440467302.160645,3.767224618449228,False
NGC3877,0.0001,0.9897821860377715,17398867648.864437,1.6946143229064943,False
NGC3893,0.0001,0.7486348537439861,71896592804.11269,3.6088231522236836,False
NGC3917,0.0001,4.657442922269203,34333680764.031673,2.9483088033689095,False
NGC3949,0.0001,0.6423926196887142,23191384216.679565,2.6661843146595934,False
NGC3953,0.0001,3.7814746997804685,52802551055.69131,2.6263901301465293,False
NGC3972,0.0001,8.03192975749339,18707894927.67555,2.0485233829371476,False
NGC3992,0.0001,13.876901496984601,314932339581.317,6.645513549570622,False
NGC4010,0.0001,25.027381871601264,203479837569.6874,7.1473137784824505,False
NGC4013,0.0001,16.9263335092639,116595080278.92757,6.375060267151279,False
NGC4051,0.0001,0.2850593702358613,15650594509.043419,2.17960502290676,False
NGC4068,0.0001,0.16921053245415865,327882766810772.5,85.44745342239565,True
NGC4085,0.0001,0.5190273075782212,307993537095015.8,80.26424710059084,True
NGC4088,0.0001,0.6386436422793259,889471746998635.5,231.7996045094546,True
NGC4100,0.0001,1.2328573096107411,76880530162.19272,3.545969189525869,False
NGC4138,0.0001,0.985019673711988,41005067282.02463,2.3638559290706027,False
NGC4157,0.0001,0.6971212552966536,157745445370.02512,8.363049040505414,False
NGC4183,0.0001,7.220758654732405,25868927511.96486,2.8113248842150322,False
NGC4214,0.0001,1.3406509729984497,5259942672.745006,0.9833261297082845,False
NGC4217,0.0001,0.7724033490076743,563616673849559.5,146.8805755034989,True
NGC4389,0.0001,3.1797882648725313,0.0,0.0087,False
NGC4559,0.0001,0.1835126892939554,44952678354.89396,4.821054707186247,False
NGC5005,0.0001,0.7010896077520267,264706559601815.72,68.98350176248306,True
NGC5033,0.0001,12.705869654009492,227235661990.53537,6.996381729149716,False
NGC5055,0.0001,181.82048837590625,189290737433.98666,9.100280512264845,False
NGC5371,0.0001,79.78238946950589,72760812652.07356,3.789578086712584,False
NGC5585,0.0001,6.400563472767087,14525704990.32536,2.4863199937054077,False
NGC5907,0.0001,47.785059767140176,254262870824.93488,7.753930644326428,False
NGC5985,0.0001,102.92866054827815,263715696292.3375,3.6835753987304094,False
NGC6015,0.0001,90.13635074223531,46105782596.758575,2.4773796994658017,False
NGC6195,0.0001,29.548693377869334,103214065577.11137,7.688966017845184,False
NGC6503,0.0001,30.040836285405785,40707503680.6906,3.871271001828865,False
NGC6674,0.0001,136.04924022052944,526288300795.24115,11.536948119126235,False
NGC6789,0.0001,11.684183877391273,90571999.08420515,0.12841871182868597,False
NGC6946,0.0001,0.9491887606565174,49765874800.31226,3.8772662838723906,False
NGC7331,0.0001,1.2829153002589848,389072970372.6602,12.058450328272677,False
NGC7793,0.0001,2.9169361390775075,6343853583.444039,1.21845653349871,False
NGC7814,0.0001,16.858631565863007,113129572747.07979,3.997325578204586,False
PGC51017,0.0001,0.007493194027950277,20935767.36069762,0.0032999999999999987,False
UGC00128,0.0001,75.22002164836798,106443637488.67581,7.524407553706596,False
UGC00191,0.0001,344.7466397951146,5527150268.065847,1.1717432061327713,False
UGC00634,0.0001,58.74584906522767,28881039886.956203,3.7489530825274326,False
UGC00731,0.0001,8.475569913692715,6700679195.39245,1.6935094217631539,False
UGC00891,0.0001,22.942431882181047,6411213818.1242895,2.359235210435789,False
UGC01230,0.0001,5.77027766636058,28530723553.774876,2.833681522603457,False
UGC01281,0.0001,45.01209778378161,286097655.60820264,0.28116695205667275,False
UGC02023,0.0001,0.4394024037743981,451122553866038.56,117.56419461809311,True
UGC02259,0.0001,26.52067967060501,7955057252.944431,1.3363642158249327,False
UGC02455,0.0001,1.7600964515748807,0.0,0.005000000000000002,False
UGC02487,0.0001,44.99769677560194,1162851845714.2324,11.398467708893739,False
UGC02885,0.0001,13.83237992303653,754743331616.5903,13.274669253118033,False
UGC02916,0.0001,30.295501417556352,585577750431.2203,10.95878093246292,False
UGC02953,0.0001,294.30507432975634,288271784940.3868,5.211635770177764,False
UGC03205,0.0001,420.31566326592645,87336086802.28307,2.768688700918896,False
UGC03546,0.0001,2.566754554951297,119204300712.00299,5.650132396867523,False
UGC03580,0.0001,1778.5959678404463,486029064161231.7,126.66095942094795,True
UGC04278,0.0001,0.12997750968914595,23460495115.281635,3.121303675798932,False
UGC04305,0.0001,0.3346665327103456,229565248.20749447,0.5736296902963592,False
UGC04325,0.0001,10.428303426848531,6060221993.059156,0.9366365131340119,False
UGC04483,0.0001,2.1836288086727897,90988184.57798317,0.2841451631467665,False
UGC04499,0.0001,2.5008505223447846,6474323762.575636,1.870864687485834,False
UGC05005,0.0001,0.4541101868040259,42733421680.97332,5.987515905938634,False
UGC05253,0.0001,156.1708448671667,113129581790.18045,4.442543967811017,False
UGC05414,0.0001,2.780048367415514,2474892946.57022,1.2999744116073697,False
UGC05716,0.0001,38.83139860071878,9232592545.998405,2.3194913539991773,False
UGC05721,0.0001,8.758996019468483,4781377979.462977,0.7926284254443917,False
UGC05750,0.0001,0.10600139173970297,19591669891.83611,4.30684757070071,False
UGC05764,0.0001,0.23725230528876437,1793772430.0081363,0.7469377193419315,False
UGC05829,0.0001,3.4852185616847393,2912181071.470664,1.4936164684896258,False
UGC05918,0.0001,2.0102932706031624,1110697650.0703855,0.8773072655920517,False
UGC05986,0.0001,0.14195960273786842,21218808532.267345,2.0536472033443656,False
UGC05999,0.0001,0.09952591971014588,30423279070.170555,4.393862873959809,False
UGC06399,0.0001,0.9176069536093455,10479458012.490028,2.006819607560741,False
UGC06446,0.0001,3.1057377206141656,8251792497.665459,1.5523775374375088,False
UGC06614,0.0001,0.18807429458606273,451731106590.903,14.996449762112544,False
UGC06628,0.0001,0.39715495593854294,513988886.44945586,0.8078540360621765,False
UGC06667,0.0001,2.6077802261186473,10561434507.62197,1.8483673392793516,False
UGC06786,0.0001,403.06733800125704,128378473768.95796,3.5879716460006934,False
UGC06787,0.0001,532.8691067651195,136297633190.04074,3.805851633910542,False
UGC06818,0.0001,2.9281425253412507,420763127912141.25,109.65241669710394,True
UGC06917,0.0001,4.42138218233655,15896456239.149757,2.1604477547399052,False
UGC06923,0.0001,1.8328370020244227,14067118225.574564,2.3369827247318384,False
UGC06930,0.0001,3.3411953161850274,22665215036.910168,2.8272868730760625,False
UGC06973,0.0001,19.19989919883126,569364934305859.6,148.37859329314065,True
UGC06983,0.0001,1.2352933106701238,23564382486.48671,2.545528525556109,False
UGC07089,0.0001,0.7359661784167022,9005610821.104815,2.810564052666437,False
UGC07125,0.0001,1.7756903261781447,8189552909.843895,3.4098992969837454,False
UGC07151,0.0001,7.606644357251432,2937684260.7006187,0.9521802211891159,False
UGC07232,0.0001,13.167794397047349,72548008.02990186,0.1989127567508219,False
UGC07261,0.0001,4.872333189874135,3734835528.219911,1.0096152204578748,False
UGC07323,0.0001,0.025146344476864677,10497741136.17679,2.3398532961285032,False
UGC07399,0.0001,17.18994933231547,8284333416.062114,1.0467597469107346,False
UGC07524,0.0001,2.0214807052118937,9557903062.093271,2.248565207543463,False
UGC07559,0.0001,1.482462199583789,2149729437.944611,1.542169566921008,False
UGC07577,0.0001,1.7754176383937341,2496292.8497647904,0.1427449094898254,False
UGC07603,0.0001,3.6591901553803545,2671992464.1681995,0.896042251269032,False
UGC07608,0.0001,0.6349651705258857,4301888193.400577,1.3778750984009347,False
UGC07690,0.0001,1.8496409445362678,1380786572.9482274,0.5616149165880572,False
UGC07866,0.0001,1.3599627093646653,222391040.1986309,0.4771775153001516,False
UGC08286,0.0001,36.69328824569993,7116437252.3160715,1.2935563831100367,False
UGC08490,0.0001,10.288200931242491,7827140105.462155,1.3036323904992486,False
UGC08550,0.0001,19.063964758161436,2083419603.8719115,0.8785090388106092,False
UGC08699,0.0001,84.75600558387858,34620497901.19424,1.913772885003482,False
UGC08837,0.0001,0.36049310996756107,496276980509426.1,129.33160406432535,True
UGC09037,0.0001,2.6937027233508557,452819275369.4377,15.708515913708773,False
UGC09133,0.0001,422.6835628782573,466380274395.76117,10.89901376824064,False
UGC09992,0.0001,0.4310147401175617,296749289.9222216,0.44154985584234285,False
UGC10310,0.0001,1.4326173503759512,4971782112.807458,1.4069783033209846,False
UGC11455,0.0001,27.296402769969834,231354705850.22528,7.058024965351625,False
UGC11557,0.0001,1.419959924490237,754347036231013.9,196.58560853816132,True
UGC11820,0.0001,105.90953288481774,13685293749.606674,3.2924885907278405,False
UGC11914,0.0001,174.99246261649733,29105329524.677322,0.8700112244840639,False
UGC12506,0.0001,4.916944871744697,290046209016.33466,5.748753431349353,False
UGC12632,0.0001,5.553402831365228,7482245267.787281,1.982819151543084,False
UGC12732,0.0001,24.895334554351848,13705958357.58274,2.501590145561438,False
UGCA281,0.0001,0.5990179007503814,149931236.90673247,0.2909071446020323,False
UGCA442,0.0001,27.176540847343357,3828257394.7422447,1.594991651965781,False
UGCA444,0.0001,1.3977959689848904,385572939.1259489,0.5939350388119402,False
CamB,1e-05,14.421308588585172,0.0,0.0016000000000000005,False
D512-2,1e-05,0.5139590551622399,698178977.9006907,0.8015235192688946,False
D564-8,1e-05,0.2829945638783401,452646445.7399924,0.9949430503199479,False
D631-7,1e-05,2.997235561335662,24352440898.196945,4.228092231414545,False
DDO064,1e-05,0.4732327728232888,2332335770.1812224,1.101521546450694,False
DDO154,1e-05,3.376431089555832,2775395327.200628,1.5611933161192433,False
DDO161,1e-05,5.282369353409665,11776521684.91375,3.950956516369584,False
DDO168,1e-05,16.57515653390898,12544599297.737661,2.4721486840679567,False
DDO170,1e-05,52.48955913801476,6038750213.870841,2.486363569927842,False
ESO079-G014,1e-05,12.359965180344027,81484160393.74081,4.359054497430036,False
ESO116-G012,1e-05,4.295572324329743,19914286272.264442,2.2279216621043045,False
ESO444-G084,1e-05,84.22227019989329,1431728479.4262524,0.6187832643829212,False
ESO563-G021,1e-05,40.069247340987516,398473474584.87396,5.580783515496723,False
F561-1,1e-05,0.31396083373567363,1844885137.6749394,1.817758060387675,False
F563-1,1e-05,5.605030494425431,25969922285.559933,2.501805411610373,False
F563-V1,1e-05,0.31600902174406054,513553362.94804114,1.603158292463816,False
F563-V2,1e-05,0.07754683939154258,21745572761.201218,1.7779526925549216,False
F565-V2,1e-05,0.3226285942903177,13501101505.957996,2.7018347936225373,False
F567-2,1e-05,0.04835602935897072,3010041431.8202515,1.7285391325186839,False
F568-1,1e-05,1.0265156283571564,30588359907.234,2.298969457726861,False
F568-3,1e-05,2.251404373196662,25111956936.65979,3.2501516471005982,False
F568-V1,1e-05,2.3224996016948998,21488677449.34671,1.9955960166444744,False
F571-8,1e-05,160.79672937393033,9628862405635.45,25.093169120139315,True
F571-V1,1e-05,0.8859845898851557,16139881225.759598,3.215081429096335,False
F574-1,1e-05,3.859064336244822,17199155488.22264,2.3421907928237005,False
F574-2,1e-05,0.0035447212998087744,259090580.76904508,2.0007786933224447,False
F579-V1,1e-05,7.002587540448652,13259008332.394936,1.2776525282749165,False
F583-1,1e-05,3.216617823832543,11470230650.434034,2.412502620046986,False
F583-4,1e-05,4.651724089387702,3801686912.280042,1.3823300870653568,False
IC2574,1e-05,5.17270666876536,9987965357.436554,3.84921175051968,False
IC4202,1e-05,16.844785955302903,122959671009.27966,4.16531188968403,False
KK98-251,1e-05,9.939901515334535,12304700528124.904,32.06650155725526,True
NGC0024,1e-05,134.5607292809357,5191151116.658789,0.7135599251163358,False
NGC0055,1e-05,0.07001478366410127,18675842958.64576,3.7402109464564885,False
NGC0100,1e-05,1.1605037576319057,12908942775.145874,2.451814398752706,False
NGC0247,1e-05,9.647327402503246,11720429715.509562,2.1311256524636284,False
NGC0289,1e-05,4.197246347986263,229897167691.51447,9.562911865178451,False
NGC0300,1e-05,25.451383678389952,13375262923.728695,2.1504258583285156,False
NGC0801,1e-05,89.63652247960742,171014462707.3837,7.1335696433922235,False
NGC0891,1e-05,11.030782753572574,384868899184.8818,9.83696598649,False
NGC1003,1e-05,131.26696049035706,42470900008.36548,5.182177931453946,False
NGC1090,1e-05,22.210309603029515,95719598298.21187,5.8655317238939055,False
NGC1705,1e-05,2.945297358598637,3678400937.7041388,0.7681677412066317,False
NGC2366,1e-05,0.30762723923542007,2797318331.7439756,1.5000185295133546,False
NGC2403,1e-05,257.56595823616516,33154917181.42131,2.8182467141195686,False
NGC2683,1e-05,6.47566457729393,77640945698.15663,3.6322306173309675,False
NGC2841,1e-05,127.96966233235567,494817992904.8737,6.151521556027754,False
NGC2903,1e-05,15.856578839000392,100061153122.69101,4.62182913967606,False
NGC2915,1e-05,5.546111182432981,9819802913.158916,1.5220641036589153,False
NGC2955,1e-05,16.40748550838818,787757509437.6489,13.016457517905978,False
NGC2976,1e-05,0.4337529544931586,14274313063.70831,1.669684291109815,False
NGC2998,1e-05,39.28128400359116,208315829658.3708,7.644176838725749,False
NGC3109,1e-05,1.2245004491586369,6859863697.116497,2.0593001322063236,False
NGC3198,1e-05,153.82417910084766,85658775245.46512,4.754841234202447,False
NGC3521,1e-05,42.42745484636018,7621383428.153014,0.8222064115996894,False
NGC3726,1e-05,10.259015448234061,71140400049.05801,6.0480494393687625,False
NGC3741,1e-05,11.448501056594612,2300247168.912299,1.3907737438580565,False
NGC3769,1e-05,12.02936740428124,35440467302.09541,3.767224618443805,False
NGC3877,1e-05,0.989782185910336,17398867649.255142,1.694614322949063,False
NGC3893,1e-05,0.7486348537435061,71896592804.1182,3.6088231522238816,False
NGC3917,1e-05,4.657442922264235,34333680764.037594,2.948308803369233,False
NGC3949,1e-05,0.6423925871643155,23191385017.711468,2.6661843553817914,False
NGC3953,1e-05,3.7814746997815143,52802551055.6882,2.626390130146383,False
NGC3972,1e-05,8.031929320527627,18707895226.56026,2.048523406105726,False
NGC3992,1e-05,13.876901497309051,314932339579.9015,6.645513549533051,False
NGC4010,1e-05,25.02738187219406,203479837578.43265,7.147313778595896,False
NGC4013,1e-05,16.92633350985316,116595080277.76862,6.375060267098591,False
NGC4051,1e-05,0.2850593862500283,15650594297.967794,2.1796049962558577,False
NGC4068,1e-05,0.16753216268714488,10366355384680.89,27.01510291340566,True
NGC4085,1e-05,0.48780421157973625,9720097064950.244,25.33092999358004,True
NGC4088,1e-05,0.6920130370650847,28052489914994.09,73.10581915325378,True
NGC4100,1e-05,1.232857309615041,76880530162.16737,3.545969189524723,False
NGC4138,1e-05,0.9850196736782921,41005067282.396194,2.3638559290917933,False
NGC4157,1e-05,0.6971212552815303,157745445370.6391,8.363049040523967,False
NGC4183,1e-05,7.220758654973148,25868927511.731346,2.8113248841885805,False
NGC4214,1e-05,1.3406509649536538,5259942679.047181,0.9833261306813992,False
NGC4217,1e-05,0.6689899780835268,17760886592483.22,46.285522859684505,True
NGC4389,1e-05,3.1797882648725313,0.0,0.0087,False
NGC4559,1e-05,0.18351268930073128,44952678354.80929,4.821054707180134,False
NGC5005,1e-05,0.5965569414270526,8299617938387.176,21.6291092121746,True
NGC5033,1e-05,12.70586965413319,227235661990.25323,6.996381729141941,False
NGC5055,1e-05,181.8204883863012,189290737432.42743,9.100280512224845,False
NGC5371,1e-05,79.78238946968179,72760812651.92801,3.7895780867026714,False
NGC5585,1e-05,6.40056128182557,14525705407.570538,2.4863200289516225,False
NGC5907,1e-05,47.78505976641901,254262870825.7948,7.753930644359175,False
NGC5985,1e-05,102.9286605483019,263715696292.31946,3.683575398729913,False
NGC6015,1e-05,90.13635078207977,46105782583.102875,2.477379698982957,False
NGC6195,1e-05,29.548690849546567,103214072073.08752,7.688966255010544,False
NGC6503,1e-05,30.040836285582603,40707503680.64478,3.8712710018245007,False
NGC6674,1e-05,136.04924021892566,526288300796.7056,11.536948119167462,False
NGC6789,1e-05,11.68418387739127,90571999.08420517,0.12841871182868597,False
NGC6946,1e-05,0.9491887606513837,49765874800.3625,3.877266283874944,False
NGC7331,1e-05,1.2829152985429346,389072970434.9507,12.05845032924357,False
NGC7793,1e-05,2.9169359471692777,6343853714.925009,1.2184565466629484,False
NGC7814,1e-05,16.85863156666711,113129572745.97145,3.997325578169915,False
PGC51017,1e-05,0.007493194027951363,20935767.360698164,0.0032999999999999987,False
UGC00128,1e-05,75.22002164786744,106443637488.87117,7.524407553719725,False
UGC00191,1e-05,344.74663980529243,5527150268.006185,1.17174320612103,False
UGC00634,1e-05,58.745849065233145,28881039886.955845,3.74895308252743,False
UGC00731,1e-05,8.475569913817145,6700679195.370465,1.6935094217581128,False
UGC00891,1e-05,22.942431886004776,6411213817.943536,2.3592352104033205,False
UGC01230,1e-05,5.770277666350434,28530723553.800804,2.833681522605201,False
UGC01281,1e-05,45.01209778413244,286097655.60228175,0.28116695205471526,False
UGC02023,1e-05,0.44159142278559627,14262221835767.635,37.16787398939291,True
UGC02259,1e-05,26.520680160238683,7955057215.467107,1.3363642092025945,False
UGC02455,1e-05,1.7600964515748807,0.0,0.005000000000000002,False
UGC02487,1e-05,44.99769677489085,1162851845716.4612,11.398467708935904,False
UGC02885,1e-05,13.832379922992548,754743331617.1798,13.274669253127547,False
UGC02916,1e-05,30.2954922195955,585577634386.1669,10.958780139451719,False
UGC02953,1e-05,294.3050743278751,288271784941.0848,5.211635770194691,False
UGC03205,1e-05,420.31566326547284,87336086802.33067,2.7686887009208236,False
UGC03546,1e-05,2.5667545548507866,119204300712.63222,5.650132396886627,False
UGC03580,1e-05,1617.5520342139832,15310927846829.51,39.900840375690095,True
UGC04278,1e-05,0.12997750966694374,23460495114.677315,3.1213036757656027,False
UGC04305,1e-05,0.33466652623088267,229565246.58911487,0.573629685182771,False
UGC04325,1e-05,10.428303540201881,6060221981.083501,0.9366365116010686,False
UGC04483,1e-05,2.183628808604009,90988184.57859464,0.28414516314791183,False
UGC04499,1e-05,2.500850522443517,6474323762.5437565,1.870864687479646,False
UGC05005,1e-05,0.45411018679109755,42733421681.126915,5.987515905949487,False
UGC05253,1e-05,156.17084486723468,113129581790.15685,4.442543967810437,False
UGC05414,1e-05,2.780048502831503,2474892917.225266,1.2999744043700268,False
UGC05716,1e-05,38.83139860189839,9232592545.957012,2.319491353992945,False
UGC05721,1e-05,8.758996019451342,4781377979.465506,0.7926284254447354,False
UGC05750,1e-05,0.10600139171949179,19591669892.365425,4.306847570748033,False
UGC05764,1e-05,0.23725233610601004,1793772442.6626313,0.7469377230738588,False
UGC05829,1e-05,3.4852187502560397,2912181009.0175877,1.493616448721191,False
UGC05918,1e-05,2.0102932705812715,1110697650.073244,0.8773072655936727,False
UGC05986,1e-05,0.14195960276725172,21218808532.146847,2.0536472033360567,False
UGC05999,1e-05,0.09952591968826341,30423279070.42125,4.393862873978575,False
UGC06399,1e-05,0.9176069535295859,10479458012.598316,2.0068196075730618,False
UGC06446,1e-05,3.105737830528906,8251792430.718669,1.5523775262660084,False
UGC06614,1e-05,0.18807429459260475,451731106589.3968,14.996449762086218,False
UGC06628,1e-05,0.3971549576480962,513988888.3378958,0.8078540391560484,False
UGC06667,1e-05,2.6077802272089103,10561434507.14906,1.8483673392277367,False
UGC06786,1e-05,403.06733800065746,128378473769.01682,3.5879716460018525,False
UGC06787,1e-05,532.8691067647999,136297633190.08781,3.805851633911595,False
UGC06818,1e-05,2.8523157915013737,13290185412264.586,34.63471136453062,True
UGC06917,1e-05,4.421382182335864,15896456239.15034,2.1604477547399923,False
UGC06923,1e-05,1.8328368860689395,14067117786.55677,2.3369826937537432,False
UGC06930,1e-05,3.341195316087747,22665215037.064434,2.827286873094638,False
UGC06973,1e-05,19.33297300458767,18034553785698.594,46.998709617651684,True
UGC06983,1e-05,1.2352931954117747,23564382865.304768,2.5455285625291246,False
UGC07089,1e-05,0.7359660837732337,9005611108.260445,2.8105640976284403,False
UGC07125,1e-05,1.7756903261825538,8189552909.840461,3.4098992969826027,False
UGC07151,1e-05,7.606644448444148,2937684250.927985,0.9521802187530604,False
UGC07232,1e-05,13.167794397047334,72548008.02990198,0.19891275675082196,False
UGC07261,1e-05,4.872333239588199,3734835515.7393465,1.0096152173684239,False
UGC07323,1e-05,0.025146344472631428,10497741136.275322,2.339853296138233,False
UGC07399,1e-05,17.18994944705242,8284333398.812735,1.0467597451906236,False
UGC07524,1e-05,2.021480705206083,9557903062.096752,2.2485652075440115,False
UGC07559,1e-05,1.4824621725362843,2149729397.3645205,1.5421695560158968,False
UGC07577,1e-05,1.7754176384006728,2496292.8496817728,0.1427449094861187,False
UGC07603,1e-05,3.6591901554189494,2671992464.163662,0.8960422512680203,False
UGC07608,1e-05,0.6349651354497068,4301888237.951555,1.3778751058647778,False
UGC07690,1e-05,1.8496409446221012,1380786572.9351256,0.5616149165823846,False
UGC07866,1e-05,1.3599627093465139,222391040.19981,0.47717751530183566,False
UGC08286,1e-05,36.693288245577975,7116437252.321626,1.2935563831109593,False
UGC08490,1e-05,10.288200931331902,7827140105.446801,1.303632390496257,False
UGC08550,1e-05,19.063964960601,2083419597.9053898,0.8785090365288607,False
UGC08699,1e-05,84.7560055832406,34620497901.38023,1.9137728850157307,False
UGC08837,1e-05,0.35754095526450286,15689557804401.795,40.88756395310376,True
UGC09037,1e-05,2.69370272282889,452819275267.3138,15.708515912353292,False
UGC09133,1e-05,422.6835628795938,466380274395.26166,10.899013768219643,False
UGC09992,1e-05,0.4310147401172574,296749289.9222926,0.44154985584238865,False
UGC10310,1e-05,1.4326173503767476,4971782112.8070135,1.406978303320936,False
UGC11455,1e-05,27.29640276881863,231354705853.86975,7.05802496541258,False
UGC11557,1e-05,1.3970545588390386,23849737595424.305,62.15329223135073,True
UGC11820,1e-05,105.9095328858941,13685293749.570105,3.2924885907204287,False
UGC11914,1e-05,174.99245950966818,29105329832.327995,0.8700112348936813,False
UGC12506,1e-05,4.916944871737192,290046209016.43585,5.74875343135166,False
UGC12632,1e-05,5.553402831749772,7482245267.701177,1.9828191515244533,False
UGC12732,1e-05,24.8953345543434,13705958357.58437,2.5015901455617024,False
UGCA281,1e-05,0.5990179007173978,149931236.90787637,0.2909071446031774,False
UGCA442,1e-05,27.1765380025382,3828257449.643799,1.594991664005723,False
UGCA444,1e-05,1.3977959689992425,385572939.12436205,0.5939350388105601,False
