galaxy,model,n_outer,loss,rms,pipeline_failure,invalid_outer_rows
CamB,profiled_baryons,2,22.038693442917573,7.041808023978255,False,0
D631-7,profiled_baryons,4,62.36546264316252,29.84258837164023,False,0
DDO064,profiled_baryons,3,0.4932605528955738,4.204792269916587,False,0
DDO154,profiled_baryons,3,1013.1703656110586,23.529090196740288,False,0
DDO161,profiled_baryons,7,130.3328680109467,11.547048919718625,False,0
DDO168,profiled_baryons,2,21.76227239862757,12.026443603250225,False,0
DDO170,profiled_baryons,2,60.91799042981648,8.063144568284342,False,0
ESO079-G014,profiled_baryons,3,33.542180741530125,12.112136800434373,False,0
ESO116-G012,profiled_baryons,3,50.42279611061084,19.994308104740227,False,0
ESO563-G021,profiled_baryons,6,85.84125675042982,82.99978792664477,False,0
F568-3,profiled_baryons,4,3.3117539189179706,21.00907096032302,False,0
F568-V1,profiled_baryons,3,0.9908231338817911,14.47126974823707,False,0
F571-8,profiled_baryons,3,372.17809673493167,83.74248471554776,False,0
F574-1,profiled_baryons,3,1.2765869096758342,5.286669400018422,False,0
F583-1,profiled_baryons,5,3.1257185866596933,13.673120482988065,False,0
F583-4,profiled_baryons,3,3.38733245952818,9.018306512492888,False,0
IC2574,profiled_baryons,7,33.156943931651846,16.051862413233536,False,0
IC4202,profiled_baryons,7,8.671732959126462,19.090834809170868,False,0
KK98-251,profiled_baryons,3,3.6148822295676717,3.802568726304718,False,0
NGC0024,profiled_baryons,6,99.53579414241445,31.31947405747819,False,0
NGC0055,profiled_baryons,5,10.5694794315582,12.863732909856967,False,0
NGC0100,profiled_baryons,5,15.587598444194189,28.054211847573985,False,0
NGC0247,profiled_baryons,6,3.7929505594810906,16.539065100091932,False,0
NGC0289,profiled_baryons,6,4.715096015638988,20.513210756475413,False,0
NGC0300,profiled_baryons,5,111.15117988569209,29.61764679508807,False,0
NGC0801,profiled_baryons,3,149.05325793140364,46.738836249947404,False,0
NGC0891,profiled_baryons,4,81.48031869815279,35.01684947839233,False,0
NGC1003,profiled_baryons,8,353.11124628546827,40.84035284366936,False,0
NGC1090,profiled_baryons,5,73.05027780005624,19.05968851980272,False,0
NGC2403,profiled_baryons,15,933.2367942009424,48.146941666118536,False,0
NGC2683,profiled_baryons,3,22.772389308412034,50.42169190842904,False,0
NGC2841,profiled_baryons,10,341.74569097549835,92.37355972766083,False,0
NGC2903,profiled_baryons,7,230.69528933407076,51.862009815112536,False,0
NGC2915,profiled_baryons,6,48.95351384144835,42.487112550949675,False,0
NGC2955,profiled_baryons,5,13.421186841925834,47.75988015546244,False,0
NGC2976,profiled_baryons,6,1.4434258557539505,5.629928659291637,False,0
NGC2998,profiled_baryons,3,110.9870771978542,28.52041756650575,False,0
NGC3109,profiled_baryons,5,112.07932838109056,33.09823343127226,False,0
NGC3198,profiled_baryons,9,564.4220443605864,51.487507264741616,False,0
NGC3521,profiled_baryons,9,37.97854609585539,50.178057057040476,False,0
NGC3726,profiled_baryons,3,29.109442719569994,63.593436541097496,False,0
NGC3741,profiled_baryons,5,158.64526581854827,31.764690763047067,False,0
NGC3769,profiled_baryons,3,25.76069667348469,52.57698586452219,False,0
NGC3877,profiled_baryons,3,1.4487364517991395,6.076412580852196,False,0
NGC3893,profiled_baryons,2,13.765199380669731,46.13145484387951,False,0
NGC3917,profiled_baryons,4,10.102951238178104,17.567624301354474,False,0
NGC3953,profiled_baryons,2,1.4152103385676587,9.558014511827745,False,0
NGC3972,profiled_baryons,2,13.0018326868934,18.914086648812987,False,0
NGC3992,profiled_baryons,2,45.45682368704183,49.13003752654543,False,0
NGC4010,profiled_baryons,3,17.772897379323116,19.060731223322442,False,0
NGC4013,profiled_baryons,8,116.17372670557978,60.26506894862263,False,0
NGC4088,profiled_baryons,3,28.828343070650806,39.85287742544103,False,0
NGC4100,profiled_baryons,5,14.992128029485201,28.56594895539566,False,0
NGC4157,profiled_baryons,4,23.086941159780324,56.59572271966713,False,0
NGC4183,profiled_baryons,5,13.284563114471315,24.70348810512408,False,0
NGC4217,profiled_baryons,4,18.448275750109786,36.5453178408838,False,0
NGC4559,profiled_baryons,7,3.1112343196093972,10.478753167657876,False,0
NGC5005,profiled_baryons,4,2.328917689616163,33.56959533412196,False,0
NGC5033,profiled_baryons,5,112.66832942519218,38.70570084483903,False,0
NGC5055,profiled_baryons,6,4490.429447967466,69.91248025928031,False,0
NGC5371,profiled_baryons,4,70.16672981923013,38.71165117970164,False,0
NGC5585,profiled_baryons,5,140.60439089166147,18.941499657105297,False,0
NGC5907,profiled_baryons,4,162.51481270846028,48.34617340217526,False,0
NGC5985,profiled_baryons,7,36.75385737656676,25.038252030658402,False,0
NGC6015,profiled_baryons,9,80.49398922949412,41.60022020235669,False,0
NGC6195,profiled_baryons,5,57.86347724398077,41.405815266315734,False,0
NGC6503,profiled_baryons,7,210.99484549922983,37.11413962815009,False,0
NGC6674,profiled_baryons,3,343.7960497363229,57.719229691934814,False,0
NGC6946,profiled_baryons,12,5.268554216006854,28.565393989391474,False,0
NGC7331,profiled_baryons,8,178.76275031264234,64.78299099230996,False,0
NGC7793,profiled_baryons,10,7.690656884306323,20.83064618768282,False,0
NGC7814,profiled_baryons,4,107.24924594028029,49.80434514960571,False,0
UGC00128,profiled_baryons,5,150.60848047753908,34.56063992617816,False,0
UGC00191,profiled_baryons,2,25.769939708983042,5.24674196139554,False,0
UGC00731,profiled_baryons,3,1.2296217068029163,3.5210822314334926,False,0
UGC01281,profiled_baryons,5,inf,inf,True,5
UGC02259,profiled_baryons,2,14.136734764137277,10.55957793159619,False,0
UGC02487,profiled_baryons,4,143.0903863655135,58.59084678732713,False,0
UGC02885,profiled_baryons,4,52.39912262805291,72.38723825927669,False,0
UGC02916,profiled_baryons,9,0.32031112642990267,6.243232757388682,False,0
UGC02953,profiled_baryons,23,646.8004592351392,82.44398612583801,False,0
UGC03205,profiled_baryons,10,404.7924570221495,50.70507239624139,False,0
UGC03546,profiled_baryons,6,61.87665711661799,37.05035160738197,False,0
UGC03580,profiled_baryons,10,647.0947619385481,42.51152282243267,False,0
UGC04278,profiled_baryons,5,2.0395492000284325,12.074089910395308,False,0
UGC04325,profiled_baryons,2,0.2814536514880054,1.6180922696086182,False,0
UGC04483,profiled_baryons,2,17.172926532068033,6.318638855754875,False,0
UGC04499,profiled_baryons,2,3.466637529023903,4.962039635389371,False,0
UGC05005,profiled_baryons,3,9.65711475260989,31.075898623547303,False,0
UGC05253,profiled_baryons,15,297.12036536448096,57.274936201115565,False,0
UGC05716,profiled_baryons,3,52.541846410217026,9.248316421288793,False,0
UGC05721,profiled_baryons,5,24.45755265993821,22.600742057453413,False,0
UGC05750,profiled_baryons,3,1.263866124407648,12.450784007874754,False,0
UGC05764,profiled_baryons,2,0.11919130699698334,0.9513895112541451,False,0
UGC05829,profiled_baryons,3,0.9357195913426208,4.894669562789701,False,0
UGC05918,profiled_baryons,2,0.49193857862830803,2.756436495378835,False,0
UGC05986,profiled_baryons,3,24.413115795070468,22.90085552387084,False,0
UGC06399,profiled_baryons,2,7.367529243743678,13.300164553203308,False,0
UGC06446,profiled_baryons,4,1.6124074073113535,8.057933623125352,False,0
UGC06614,profiled_baryons,3,16.61012188578299,66.21490090066388,False,0
UGC06667,profiled_baryons,2,84.97175503904117,29.304604873902807,False,0
UGC06786,profiled_baryons,9,1066.0748224781796,70.90388792770194,False,0
UGC06787,profiled_baryons,15,683.0655019080208,73.90351555285169,False,0
UGC06818,profiled_baryons,2,19.738247024655408,26.656648193041725,False,0
UGC06917,profiled_baryons,3,9.792523966686772,15.489698118139572,False,0
UGC06930,profiled_baryons,2,3.5314605939635726,13.906213795474498,False,0
UGC06983,profiled_baryons,4,3.6712115993336853,19.641528643587176,False,0
UGC07089,profiled_baryons,3,6.715714920518356,17.005360862843855,False,0
UGC07125,profiled_baryons,3,1.0648727177654131,3.586672290679809,False,0
UGC07151,profiled_baryons,3,4.900682744391898,7.184470199459828,False,0
UGC07323,profiled_baryons,2,3.365264630785245,7.09938249771116,False,0
UGC07399,profiled_baryons,2,21.328962884751455,22.657732303669448,False,0
UGC07524,profiled_baryons,7,0.2558746248498868,1.6693571674576864,False,0
UGC07577,profiled_baryons,2,1.6884413543652002,4.119099212920279,False,0
UGC07603,profiled_baryons,3,43.5732568300038,19.076902221531533,False,0
UGC08286,profiled_baryons,4,240.92775579159178,31.113888944577546,False,0
UGC08490,profiled_baryons,6,42.95740643260848,24.18496106523722,False,0
UGC08550,profiled_baryons,3,34.95498854474268,12.38432748338914,False,0
UGC08699,profiled_baryons,9,64.40889233557535,43.40033056764434,False,0
UGC08837,profiled_baryons,2,17.002933717589556,12.65934542731283,False,0
UGC09037,profiled_baryons,5,7.967693788652258,29.674759521064473,False,0
UGC09133,profiled_baryons,14,937.0691976727678,60.785946608618616,False,0
UGC11455,profiled_baryons,8,107.3952024107661,65.91583621198716,False,0
UGC11557,profiled_baryons,3,2.6674955514824426,10.942754466131772,False,0
UGC11820,profiled_baryons,2,83.47127266433776,9.572822322599254,False,0
UGC11914,profiled_baryons,13,69.94127583528392,23.916432383274955,False,0
UGC12506,profiled_baryons,7,4.9633942792351835,29.958251978133568,False,0
UGC12632,profiled_baryons,3,0.25902922733053546,1.5008242418497924,False,0
UGC12732,profiled_baryons,4,1.1790799438058115,3.512194667991316,False,0
UGCA442,profiled_baryons,2,969.1563713860545,26.890872748975926,False,0
UGCA444,profiled_baryons,8,9.55045821556299,16.378771914677255,False,0
CamB,fixed_catalogue_baryons,2,14.421308588585172,5.696309711060016,False,0
D631-7,fixed_catalogue_baryons,4,105.59993006604336,38.737628505109875,False,0
DDO064,fixed_catalogue_baryons,3,13.296158180368609,21.91071732727028,False,0
DDO154,fixed_catalogue_baryons,3,1666.4777510831316,30.106971835270038,False,0
DDO161,fixed_catalogue_baryons,7,1046.1289799942758,34.71475574387897,False,0
DDO168,fixed_catalogue_baryons,2,116.43400715361193,27.88802208033832,False,0
DDO170,fixed_catalogue_baryons,2,900.0602097545541,33.09494707060597,False,0
ESO079-G014,fixed_catalogue_baryons,3,1328.0942201274468,77.87185295549267,False,0
ESO116-G012,fixed_catalogue_baryons,3,570.1069359867404,62.29354980814155,False,0
ESO563-G021,fixed_catalogue_baryons,6,318.10008138980373,162.19333964807132,False,0
F568-3,fixed_catalogue_baryons,4,28.913431538673894,60.43588673963807,False,0
F568-V1,fixed_catalogue_baryons,3,23.148328476255845,71.33296961225449,False,0
F571-8,fixed_catalogue_baryons,3,474.0833148602542,94.14729820539381,False,0
F574-1,fixed_catalogue_baryons,3,133.9564920849679,54.225843481380664,False,0
F583-1,fixed_catalogue_baryons,5,38.526873221435515,48.30487387263099,False,0
F583-4,fixed_catalogue_baryons,3,56.41948967184984,36.80532498187069,False,0
IC2574,fixed_catalogue_baryons,7,145.6188618962619,34.41164853151321,False,0
IC4202,fixed_catalogue_baryons,7,137.00288019231425,86.50751829363745,False,0
KK98-251,fixed_catalogue_baryons,3,49.802583043474385,14.114189037061164,False,0
NGC0024,fixed_catalogue_baryons,6,325.00295251602984,63.39148069669495,False,0
NGC0055,fixed_catalogue_baryons,5,91.8129426818383,38.52601485712391,False,0
NGC0100,fixed_catalogue_baryons,5,56.810244051760904,53.129959398678416,False,0
NGC0247,fixed_catalogue_baryons,6,41.509624982091445,55.00816521782325,False,0
NGC0289,fixed_catalogue_baryons,6,106.56742094688188,87.64503994790329,False,0
NGC0300,fixed_catalogue_baryons,5,483.03202783172935,59.115075933318444,False,0
NGC0801,fixed_catalogue_baryons,3,443.32685157941705,80.1305742841308,False,0
NGC0891,fixed_catalogue_baryons,4,225.62380111779828,57.204733301587886,False,0
NGC1003,fixed_catalogue_baryons,8,1225.660422124014,74.10503628556512,False,0
NGC1090,fixed_catalogue_baryons,5,935.6501719526426,68.21213044688824,False,0
NGC2403,fixed_catalogue_baryons,15,2899.5946464743815,78.4709506715605,False,0
NGC2683,fixed_catalogue_baryons,3,54.39598370295218,77.74576752142465,False,0
NGC2841,fixed_catalogue_baryons,10,1255.0039472948588,172.02723149627894,False,0
NGC2903,fixed_catalogue_baryons,7,646.0147988428702,85.551931584342,False,0
NGC2915,fixed_catalogue_baryons,6,101.59487725660058,61.479490463011736,False,0
NGC2955,fixed_catalogue_baryons,5,26.12254559844945,66.99302342047716,False,0
NGC2976,fixed_catalogue_baryons,6,25.08930996235173,21.601549273558398,False,0
NGC2998,fixed_catalogue_baryons,3,1285.1420750367167,91.141387632244,False,0
NGC3109,fixed_catalogue_baryons,5,204.0652632132374,44.67146885663472,False,0
NGC3198,fixed_catalogue_baryons,9,1415.761969338007,80.83854865675568,False,0
NGC3521,fixed_catalogue_baryons,9,54.54146625089034,63.20086900791199,False,0
NGC3726,fixed_catalogue_baryons,3,51.062073643319216,83.7823073117802,False,0
NGC3741,fixed_catalogue_baryons,5,205.32659967145,36.064349773542915,False,0
NGC3769,fixed_catalogue_baryons,3,45.623013973184264,69.96522996663319,False,0
NGC3877,fixed_catalogue_baryons,3,24.144079808345065,28.635678138796806,False,0
NGC3893,fixed_catalogue_baryons,2,35.5846156634106,74.22602377045142,False,0
NGC3917,fixed_catalogue_baryons,4,170.3846540291156,63.13375485915071,False,0
NGC3953,fixed_catalogue_baryons,2,57.286144690524566,55.442425760945056,False,0
NGC3972,fixed_catalogue_baryons,2,126.73484683300933,60.4712866545779,False,0
NGC3992,fixed_catalogue_baryons,2,281.41679767456424,119.73757554723858,False,0
NGC4010,fixed_catalogue_baryons,3,116.60968997491273,49.448559714078996,False,0
NGC4013,fixed_catalogue_baryons,8,266.97540790489813,91.46014652250913,False,0
NGC4088,fixed_catalogue_baryons,3,36.96698741561477,44.75921513753162,False,0
NGC4100,fixed_catalogue_baryons,5,99.35904103123627,71.96090067563044,False,0
NGC4157,fixed_catalogue_baryons,4,47.71637805458346,80.3126655668093,False,0
NGC4183,fixed_catalogue_baryons,5,88.37334183849119,58.68394262268098,False,0
NGC4217,fixed_catalogue_baryons,4,31.14599239305399,46.630763191152106,False,0
NGC4559,fixed_catalogue_baryons,7,72.27069402614438,50.70506804372776,False,0
NGC5005,fixed_catalogue_baryons,4,5.813137258191946,53.06064002641191,False,0
NGC5033,fixed_catalogue_baryons,5,827.6797287170559,99.26326467704467,False,0
NGC5055,fixed_catalogue_baryons,6,6385.092318750303,83.08772135135115,False,0
NGC5371,fixed_catalogue_baryons,4,205.79159317981882,64.07160689581812,False,0
NGC5585,fixed_catalogue_baryons,5,931.6017096652528,48.878804779256484,False,0
NGC5907,fixed_catalogue_baryons,4,797.1879433252028,103.79106340326781,False,0
NGC5985,fixed_catalogue_baryons,7,1109.1525821007158,143.70020218824402,False,0
NGC6015,fixed_catalogue_baryons,9,336.32338584486,86.03627440506384,False,0
NGC6195,fixed_catalogue_baryons,5,108.93692632842367,58.85728279591758,False,0
NGC6503,fixed_catalogue_baryons,7,810.7767637426998,70.33566156159279,False,0
NGC6674,fixed_catalogue_baryons,3,2430.8264672471805,145.01854486243954,False,0
NGC6946,fixed_catalogue_baryons,12,22.822161689856387,57.998723710407525,False,0
NGC7331,fixed_catalogue_baryons,8,399.3932146416275,94.02929281419533,False,0
NGC7793,fixed_catalogue_baryons,10,31.163778768650484,41.63027317242417,False,0
NGC7814,fixed_catalogue_baryons,4,460.5998732241474,102.77958992227754,False,0
UGC00128,fixed_catalogue_baryons,5,1018.8520783065729,86.01648218345395,False,0
UGC00191,fixed_catalogue_baryons,2,2762.9214332376255,41.09860767666547,False,0
UGC00731,fixed_catalogue_baryons,3,141.6429426273066,37.149680247258594,False,0
UGC01281,fixed_catalogue_baryons,5,65.9120771140077,32.47450128676533,False,0
UGC02259,fixed_catalogue_baryons,2,417.69456481284533,53.23089496726313,False,0
UGC02487,fixed_catalogue_baryons,4,2588.5140658035416,194.44339394736883,False,0
UGC02885,fixed_catalogue_baryons,4,222.0472975524962,149.01251543158924,False,0
UGC02916,fixed_catalogue_baryons,9,28.577608115437215,61.122276194168535,False,0
UGC02953,fixed_catalogue_baryons,23,2300.439956850433,142.99915706865843,False,0
UGC03205,fixed_catalogue_baryons,10,2116.388717025052,98.92688950458363,False,0
UGC03546,fixed_catalogue_baryons,6,664.5350849079147,80.10546854461467,False,0
UGC03580,fixed_catalogue_baryons,10,1532.7650048455992,63.55847790004235,False,0
UGC04278,fixed_catalogue_baryons,5,41.67831074256854,47.614776164499716,False,0
UGC04325,fixed_catalogue_baryons,2,251.39171993664564,48.358778672653074,False,0
UGC04483,fixed_catalogue_baryons,2,51.22343996155756,10.98546716679204,False,0
UGC04499,fixed_catalogue_baryons,2,165.2353059052902,34.25740355168561,False,0
UGC05005,fixed_catalogue_baryons,3,32.19588557158664,56.741418356952124,False,0
UGC05253,fixed_catalogue_baryons,15,1234.8910154644832,99.86589230505312,False,0
UGC05716,fixed_catalogue_baryons,3,1690.1089754753004,42.71264382392104,False,0
UGC05721,fixed_catalogue_baryons,5,122.00040371803667,50.47738336731436,False,0
UGC05750,fixed_catalogue_baryons,3,11.58481345009274,38.54677950642937,False,0
UGC05764,fixed_catalogue_baryons,2,110.60747692031114,28.491229862291735,False,0
UGC05829,fixed_catalogue_baryons,3,32.494885102299456,28.844168218293873,False,0
UGC05918,fixed_catalogue_baryons,2,38.97149762066586,24.533872168930493,False,0
UGC05986,fixed_catalogue_baryons,3,197.13350496734776,65.11723247974149,False,0
UGC06399,fixed_catalogue_baryons,2,95.39590396761679,47.85870510432224,False,0
UGC06446,fixed_catalogue_baryons,4,52.41110867074167,46.379579522174694,False,0
UGC06614,fixed_catalogue_baryons,3,40.98716836773905,104.36436819064973,False,0
UGC06667,fixed_catalogue_baryons,2,301.8242071833546,55.34239797993353,False,0
UGC06786,fixed_catalogue_baryons,9,4524.0438608253135,128.67467909578227,False,0
UGC06787,fixed_catalogue_baryons,15,2594.4796764735024,139.30860658167785,False,0
UGC06818,fixed_catalogue_baryons,2,42.120061146617616,38.93998204003482,False,0
UGC06917,fixed_catalogue_baryons,3,128.48878820139018,54.394653370358284,False,0
UGC06930,fixed_catalogue_baryons,2,51.215257701725335,52.95797873546987,False,0
UGC06983,fixed_catalogue_baryons,4,34.095499136597965,57.95911132004832,False,0
UGC07089,fixed_catalogue_baryons,3,29.09914121904058,34.98691022104956,False,0
UGC07125,fixed_catalogue_baryons,3,51.01534660731701,23.277501386048275,False,0
UGC07151,fixed_catalogue_baryons,3,92.69360383520946,31.358515960840077,False,0
UGC07323,fixed_catalogue_baryons,2,71.08263353388801,32.62817025476126,False,0
UGC07399,fixed_catalogue_baryons,2,208.70772140027265,70.74050564814216,False,0
UGC07524,fixed_catalogue_baryons,7,130.72331578213726,38.285985733048676,False,0
UGC07577,fixed_catalogue_baryons,2,1.9945554222489925,4.476950746058963,False,0
UGC07603,fixed_catalogue_baryons,3,190.85054995401575,39.924965601374474,False,0
UGC08286,fixed_catalogue_baryons,4,651.9815479295739,51.18870206276754,False,0
UGC08490,fixed_catalogue_baryons,6,184.22989666544868,50.0848549562282,False,0
UGC08550,fixed_catalogue_baryons,3,265.9962615857167,33.91487699798156,False,0
UGC08699,fixed_catalogue_baryons,9,311.1876681354235,84.02144995552985,False,0
UGC08837,fixed_catalogue_baryons,2,37.42758405806494,18.801482980940918,False,0
UGC09037,fixed_catalogue_baryons,5,22.839322221030343,51.73695706632582,False,0
UGC09133,fixed_catalogue_baryons,14,3754.0732085894697,121.92445371654843,False,0
UGC11455,fixed_catalogue_baryons,8,235.82707739670198,96.7047113597226,False,0
UGC11557,fixed_catalogue_baryons,3,4.033661072615363,13.456264175086028,False,0
UGC11820,fixed_catalogue_baryons,2,2409.8162907392443,45.26128148999004,False,0
UGC11914,fixed_catalogue_baryons,13,700.6622888686026,70.43122525044838,False,0
UGC12506,fixed_catalogue_baryons,7,72.98152057718664,117.20979545794778,False,0
UGC12632,fixed_catalogue_baryons,3,168.194321807413,37.16401653021267,False,0
UGC12732,fixed_catalogue_baryons,4,232.2663772901763,49.927857496129135,False,0
UGCA442,fixed_catalogue_baryons,2,1808.3365547697008,37.68757957358075,False,0
UGCA444,fixed_catalogue_baryons,8,15.192336766834694,20.455341435204897,False,0
CamB,frozen_core_baryons,2,23.613066862697867,7.288991730072836,False,0
D631-7,frozen_core_baryons,4,109.1023259117705,39.36971346403505,False,0
DDO064,frozen_core_baryons,3,13.226302356588276,21.852054640152982,False,0
DDO154,frozen_core_baryons,3,1611.4922193209443,29.610733358377882,False,0
DDO161,frozen_core_baryons,7,947.3869820694362,32.976334586239325,False,0
DDO168,frozen_core_baryons,2,132.53788130308465,29.759903644370663,False,0
DDO170,frozen_core_baryons,2,847.7590910269892,32.09452222645283,False,0
ESO079-G014,frozen_core_baryons,3,1685.7502882923616,87.76941060282793,False,0
ESO116-G012,frozen_core_baryons,3,415.14342246717365,53.469077595741375,False,0
ESO563-G021,frozen_core_baryons,6,599.1129539396942,223.66674307287786,False,0
F568-3,frozen_core_baryons,4,39.61726418077201,70.61617422096178,False,0
F568-V1,frozen_core_baryons,3,22.672064860107856,70.60432885485167,False,0
F571-8,frozen_core_baryons,3,662.5133231928752,110.78463494787692,False,0
F574-1,frozen_core_baryons,3,120.57977595696146,51.44466149921336,False,0
F583-1,frozen_core_baryons,5,39.236097687932855,48.720526646717516,False,0
F583-4,frozen_core_baryons,3,50.57742999706996,34.84772724625883,False,0
IC2574,frozen_core_baryons,7,117.07613801825097,30.78436260157142,False,0
IC4202,frozen_core_baryons,7,108.90174888791078,76.0405743428762,False,0
KK98-251,frozen_core_baryons,3,53.11240606821824,14.575651761512175,False,0
NGC0024,frozen_core_baryons,6,324.28971532396116,63.30639870013276,False,0
NGC0055,frozen_core_baryons,5,95.2428769904138,39.24222689651145,False,0
NGC0100,frozen_core_baryons,5,54.2985842595034,51.952896692162966,False,0
NGC0247,frozen_core_baryons,6,4.7083089754663225,18.44063700575709,False,0
NGC0289,frozen_core_baryons,6,59.05512524094985,65.93857109719822,False,0
NGC0300,frozen_core_baryons,5,305.67005017483416,47.52272016088289,False,0
NGC0801,frozen_core_baryons,3,282.7157229244833,64.26796956695507,False,0
NGC0891,frozen_core_baryons,4,592.0415477916838,91.65363573981874,False,0
NGC1003,frozen_core_baryons,8,821.0354919783024,60.89936687172888,False,0
NGC1090,frozen_core_baryons,5,568.5506161223615,53.17278776700439,False,0
NGC2403,frozen_core_baryons,15,2116.5957411628287,68.2345845810499,False,0
NGC2683,frozen_core_baryons,3,44.97940353403745,70.72700477340314,False,0
NGC2841,frozen_core_baryons,10,741.1303937334717,133.5569891277046,False,0
NGC2903,frozen_core_baryons,7,699.8462604770842,88.96186672833267,False,0
NGC2915,frozen_core_baryons,6,104.58644171918338,62.387938664151825,False,0
NGC2955,frozen_core_baryons,5,45.31680748609867,88.57500637106679,False,0
NGC2976,frozen_core_baryons,6,29.954704141595855,23.550576461550932,False,0
NGC2998,frozen_core_baryons,3,525.6254481170012,59.349893224826914,False,0
NGC3109,frozen_core_baryons,5,203.60998802885192,44.621572877264185,False,0
NGC3198,frozen_core_baryons,9,1028.0723857734847,69.17295403541102,False,0
NGC3521,frozen_core_baryons,9,39.51861677312313,51.43827170103359,False,0
NGC3726,frozen_core_baryons,3,41.747327324948905,75.88841513043147,False,0
NGC3741,frozen_core_baryons,5,197.25040940343547,35.359381428721385,False,0
NGC3769,frozen_core_baryons,3,48.60325280611509,72.21378551841785,False,0
NGC3877,frozen_core_baryons,3,123.318828070587,63.577969540863236,False,0
NGC3893,frozen_core_baryons,2,34.92305151986329,73.53343223024214,False,0
NGC3917,frozen_core_baryons,4,207.85024072696336,69.4212321105224,False,0
NGC3953,frozen_core_baryons,2,42.300117181819914,47.779018261417725,False,0
NGC3972,frozen_core_baryons,2,121.25744504179048,59.13526606137559,False,0
NGC3992,frozen_core_baryons,2,91.5206010771193,69.01281745215161,False,0
NGC4010,frozen_core_baryons,3,119.76525307846812,50.11850893055692,False,0
NGC4013,frozen_core_baryons,8,209.12165676180314,80.92279512558552,False,0
NGC4088,frozen_core_baryons,3,51.7253279297499,52.38582788876157,False,0
NGC4100,frozen_core_baryons,5,50.97564871356222,51.822029833453016,False,0
NGC4157,frozen_core_baryons,4,43.768616470035305,77.0134583516331,False,0
NGC4183,frozen_core_baryons,5,64.76411019115866,50.68167352011682,False,0
NGC4217,frozen_core_baryons,4,148.9999495404918,99.64162185649741,False,0
NGC4559,frozen_core_baryons,7,51.963043180942016,43.00110714477019,False,0
NGC5005,frozen_core_baryons,4,7.127427660298388,58.75921488252189,False,0
NGC5033,frozen_core_baryons,5,678.5068541965845,90.18605384029621,False,0
NGC5055,frozen_core_baryons,6,6819.454347985801,85.70068993490885,False,0
NGC5371,frozen_core_baryons,4,88.14293243056204,43.01716317985296,False,0
NGC5585,frozen_core_baryons,5,789.869469991866,45.00709726185599,False,0
NGC5907,frozen_core_baryons,4,356.95525537594216,70.41711216745504,False,0
NGC5985,frozen_core_baryons,7,165.24635983093327,54.61376536104229,False,0
NGC6015,frozen_core_baryons,9,172.6264554848584,61.14665731319756,False,0
NGC6195,frozen_core_baryons,5,60.59871464219043,42.33661115276355,False,0
NGC6503,frozen_core_baryons,7,682.0864123310039,64.72501713057503,False,0
NGC6674,frozen_core_baryons,3,895.0169643682274,89.84198090197874,False,0
NGC6946,frozen_core_baryons,12,17.005192724814194,50.36704195865695,False,0
NGC7331,frozen_core_baryons,8,492.7259255343156,103.83796036286726,False,0
NGC7793,frozen_core_baryons,10,13.448693559671465,27.4282011940781,False,0
NGC7814,frozen_core_baryons,4,446.06546707606503,101.15275052058341,False,0
UGC00128,frozen_core_baryons,5,292.42336803024875,47.1775297557076,False,0
UGC00191,frozen_core_baryons,2,2259.6245465803877,37.33262017500733,False,0
UGC00731,frozen_core_baryons,3,71.84473625262724,26.423475767405257,False,0
UGC01281,frozen_core_baryons,5,28.08467237022071,21.197989478333348,False,0
UGC02259,frozen_core_baryons,2,245.92871529964276,41.05446718683,False,0
UGC02487,frozen_core_baryons,4,1197.0653518526435,137.37758928589818,False,0
UGC02885,frozen_core_baryons,4,150.52368925203518,122.68809610228499,False,0
UGC02916,frozen_core_baryons,9,0.2852986793614812,5.694397698320509,False,0
UGC02953,frozen_core_baryons,23,1417.1840523955168,115.86648080773114,False,0
UGC03205,frozen_core_baryons,10,736.876084145644,63.382902820073596,False,0
UGC03546,frozen_core_baryons,6,679.7452831922889,81.05150930085175,False,0
UGC03580,frozen_core_baryons,10,1830.7000545036121,69.28539934660758,False,0
UGC04278,frozen_core_baryons,5,23.058680253096707,36.165462019380435,False,0
UGC04325,frozen_core_baryons,2,226.99851009820526,45.952732673787246,False,0
UGC04483,frozen_core_baryons,2,51.37094876820055,11.001439754262012,False,0
UGC04499,frozen_core_baryons,2,158.45414279469486,33.547110723545444,False,0
UGC05005,frozen_core_baryons,3,30.881187426158505,55.570844357593224,False,0
UGC05253,frozen_core_baryons,15,1056.7015015622644,93.91978131285619,False,0
UGC05716,frozen_core_baryons,3,528.9817113675126,24.782169059223023,False,0
UGC05721,frozen_core_baryons,5,95.52341006751492,44.66538779546241,False,0
UGC05750,frozen_core_baryons,3,11.81794890436566,38.93550360401822,False,0
UGC05764,frozen_core_baryons,2,76.10833941927666,23.638472628535606,False,0
UGC05829,frozen_core_baryons,3,24.863523175506007,25.230848221500313,False,0
UGC05918,frozen_core_baryons,2,38.452395004420026,24.369928100094324,False,0
UGC05986,frozen_core_baryons,3,194.8126199083279,64.73747993256778,False,0
UGC06399,frozen_core_baryons,2,94.76401774481846,47.6999377992581,False,0
UGC06446,frozen_core_baryons,4,30.801323438876654,35.51432627500438,False,0
UGC06614,frozen_core_baryons,3,44.03370324755315,108.19260543797265,False,0
UGC06667,frozen_core_baryons,2,301.70296180284265,55.33103161484008,False,0
UGC06786,frozen_core_baryons,9,2572.6527475452417,101.06265867544985,False,0
UGC06787,frozen_core_baryons,15,3279.5792765358233,156.02445974527845,False,0
UGC06818,frozen_core_baryons,2,46.88302489008214,41.08270799305904,False,0
UGC06917,frozen_core_baryons,3,120.88748067392912,52.781324651611115,False,0
UGC06930,frozen_core_baryons,2,38.14936466964853,45.70622724870161,False,0
UGC06983,frozen_core_baryons,4,25.065789305047346,49.82790550076977,False,0
UGC07089,frozen_core_baryons,3,27.686122505620904,34.136173680623344,False,0
UGC07125,frozen_core_baryons,3,39.40615003249489,20.492639878546182,False,0
UGC07151,frozen_core_baryons,3,91.29221519345158,31.120278338240123,False,0
UGC07323,frozen_core_baryons,2,48.56384991234092,26.96916616716466,False,0
UGC07399,frozen_core_baryons,2,135.4984543883915,57.01121538128069,False,0
UGC07524,frozen_core_baryons,7,103.9154192778398,34.162036969306676,False,0
UGC07577,frozen_core_baryons,2,1.8767570571899284,4.342734621410324,False,0
UGC07603,frozen_core_baryons,3,190.48289211313568,39.886490986524755,False,0
UGC08286,frozen_core_baryons,4,631.4451900673223,50.37596600499936,False,0
UGC08490,frozen_core_baryons,6,112.77934151270905,39.1869211851505,False,0
UGC08550,frozen_core_baryons,3,143.99903386897043,24.984538055697882,False,0
UGC08699,frozen_core_baryons,9,155.8617742370971,62.30269813397783,False,0
UGC08837,frozen_core_baryons,2,39.29552441866299,19.266150477108464,False,0
UGC09037,frozen_core_baryons,5,39.04714805205846,67.75897047791098,False,0
UGC09133,frozen_core_baryons,14,1799.8921055462667,84.42137728844664,False,0
UGC11455,frozen_core_baryons,8,456.40415329763846,133.7932440505608,False,0
UGC11557,frozen_core_baryons,3,32.90671787333748,38.434132816210635,False,0
UGC11820,frozen_core_baryons,2,513.3475403669312,21.614761038161753,False,0
UGC11914,frozen_core_baryons,13,110.35380417147893,29.12550155098347,False,0
UGC12506,frozen_core_baryons,7,11.071139032452168,45.08918060367274,False,0
UGC12632,frozen_core_baryons,3,128.10636155221704,32.44409978939172,False,0
UGC12732,frozen_core_baryons,4,61.30532341825644,25.660665100892096,False,0
UGCA442,frozen_core_baryons,2,1797.645426184389,37.56833985812601,False,0
UGCA444,frozen_core_baryons,8,15.231649137179417,20.480405058070147,False,0
CamB,scalar_core,2,16.90571832154023,6.167484594505731,False,0
D631-7,scalar_core,4,1.8479547742625944,5.393051093319352,False,0
DDO064,scalar_core,3,0.4454895701505434,4.574719141602168,False,0
DDO154,scalar_core,3,2.8600427682733227,1.079466660597766,False,0
DDO161,scalar_core,7,3.982072569815494,2.0908093135232027,False,0
DDO168,scalar_core,2,13.119604293252996,9.608959234106644,False,0
DDO170,scalar_core,2,54.16752330807257,7.639394994510652,False,0
ESO079-G014,scalar_core,3,15.66027898749796,8.241778065908676,False,0
ESO116-G012,scalar_core,3,1.3926647567630817,4.498913463879444,False,0
ESO563-G021,scalar_core,6,43.788274011877924,58.86433767053927,False,0
F568-3,scalar_core,4,3.048021125589856,20.575191023468463,False,0
F568-V1,scalar_core,3,2.373312378203215,22.07514771068191,False,0
F571-8,scalar_core,3,4.5827369353740846,10.511192404483902,False,0
F574-1,scalar_core,3,3.5524529336874426,8.949668546977684,False,0
F583-1,scalar_core,5,3.622104121193425,12.580537669771394,False,0
F583-4,scalar_core,3,4.496707119353793,10.390665904343408,False,0
IC2574,scalar_core,7,1.4801003096351333,2.8481355007117988,False,0
IC4202,scalar_core,7,32.02934534313694,38.78685589746757,False,0
KK98-251,scalar_core,3,10.754134351861525,6.558699368582623,False,0
NGC0024,scalar_core,6,137.2716434810228,36.700193093536896,False,0
NGC0055,scalar_core,5,0.18555767933078696,1.390839912567828,False,0
NGC0100,scalar_core,5,1.097629622388073,7.68687691479217,False,0
NGC0247,scalar_core,6,0.9474316245277387,8.228135563780732,False,0
NGC0289,scalar_core,6,0.6814491904721244,5.9862958937642,False,0
NGC0300,scalar_core,5,14.372749499900312,11.060012424966418,False,0
NGC0801,scalar_core,3,36.52180018123596,24.203444767822678,False,0
NGC0891,scalar_core,4,2.024183701741245,6.008774589418773,False,0
NGC1003,scalar_core,8,12.637490540462679,7.341960405302582,False,0
NGC1090,scalar_core,5,0.40897353495058564,1.4261081627828118,False,0
NGC2403,scalar_core,15,152.99930721671686,24.012030277591283,False,0
NGC2683,scalar_core,3,5.183807969049678,24.211464917236018,False,0
NGC2841,scalar_core,10,53.57628791920092,39.76974916440316,False,0
NGC2903,scalar_core,7,25.240265727065484,18.73637083008811,False,0
NGC2915,scalar_core,6,5.866557488673027,14.300655560261607,False,0
NGC2955,scalar_core,5,5.750786497668459,30.052461685819917,False,0
NGC2976,scalar_core,6,0.44126937097561614,3.150321467661085,False,0
NGC2998,scalar_core,3,12.505503971775752,10.11243561543953,False,0
NGC3109,scalar_core,5,1.3712930859704517,3.673737165106597,False,0
NGC3198,scalar_core,9,60.47409418264044,18.102257830297663,False,0
NGC3521,scalar_core,9,2.1319405905347986,15.520447022020562,False,0
NGC3726,scalar_core,3,2.7659133290840345,19.60382282038285,False,0
NGC3741,scalar_core,5,8.761498570068833,7.888760777608838,False,0
NGC3769,scalar_core,3,13.354735347981597,37.86013680611562,False,0
NGC3877,scalar_core,3,3.7955523931975925,12.036224707117448,False,0
NGC3893,scalar_core,2,0.7104131573804617,10.367816102643198,False,0
NGC3917,scalar_core,4,4.886222933492661,12.320557689085675,False,0
NGC3953,scalar_core,2,3.4840977833104807,14.297860420974658,False,0
NGC3972,scalar_core,2,8.284912513277575,15.096766192906003,False,0
NGC3992,scalar_core,2,0.20094731866450782,3.2492341223166683,False,0
NGC4010,scalar_core,3,22.951239114357673,20.613692570091025,False,0
NGC4013,scalar_core,8,0.7885942842843834,5.031154397487739,False,0
NGC4088,scalar_core,3,1.097085530566108,8.177956035182714,False,0
NGC4100,scalar_core,5,0.5461120358546041,4.980919783689633,False,0
NGC4157,scalar_core,4,0.11509581177381747,4.13700823430077,False,0
NGC4183,scalar_core,5,6.964780953985013,18.72830547454172,False,0
NGC4217,scalar_core,4,0.42110931559953424,6.803941714201938,False,0
NGC4559,scalar_core,7,0.5205216752937699,4.3188890615697195,False,0
NGC5005,scalar_core,4,0.42141241916298516,14.267979220670044,False,0
NGC5033,scalar_core,5,9.551767377060267,13.098385911263884,False,0
NGC5055,scalar_core,6,427.9417898244761,25.211640326444755,False,0
NGC5371,scalar_core,4,73.74324555070459,39.60193115067817,False,0
NGC5585,scalar_core,5,0.10119763345065964,0.545994046488493,False,0
NGC5907,scalar_core,4,2.2513949223220213,5.992544403614862,False,0
NGC5985,scalar_core,7,56.72713623035402,31.272004390802444,False,0
NGC6015,scalar_core,9,77.65371151658441,38.227493124238215,False,0
NGC6195,scalar_core,5,47.32973626007627,36.816242847389525,False,0
NGC6503,scalar_core,7,18.343645737726767,12.509629547651205,False,0
NGC6674,scalar_core,3,1.4374328971502361,2.847364506004611,False,0
NGC6946,scalar_core,12,0.051023713145501415,3.056103252206261,False,0
NGC7331,scalar_core,8,8.728524146626455,16.316514625647343,False,0
NGC7793,scalar_core,10,22.877247849919172,26.875205020450075,False,0
NGC7814,scalar_core,4,17.404803410090807,20.179292390155478,False,0
UGC00128,scalar_core,5,7.220291818200653,7.3817815436772385,False,0
UGC00191,scalar_core,2,304.5589278904796,15.56227755789915,False,0
UGC00731,scalar_core,3,4.169937791913169,6.526274560933056,False,0
UGC01281,scalar_core,5,28.01650125940722,21.172246459705583,False,0
UGC02259,scalar_core,2,23.023419004435546,13.2042677135932,False,0
UGC02487,scalar_core,4,25.39386135927993,32.63416202772863,False,0
UGC02885,scalar_core,4,2.871910582373856,16.94671231352517,False,0
UGC02916,scalar_core,9,0.3117220111203967,5.793730952148961,False,0
UGC02953,scalar_core,23,43.06320268317816,29.64948375271444,False,0
UGC03205,scalar_core,10,180.8016637962574,40.14674678619206,False,0
UGC03546,scalar_core,6,3.5863262295764478,16.676795394101017,False,0
UGC03580,scalar_core,10,181.97791357637638,24.598638266435344,False,0
UGC04278,scalar_core,5,3.2411323422480516,10.659203122294311,False,0
UGC04325,scalar_core,2,10.473932676376332,9.870854001655117,False,0
UGC04483,scalar_core,2,2.327837298511382,2.2368243051729015,False,0
UGC04499,scalar_core,2,2.460229605018358,4.1841883113815515,False,0
UGC05005,scalar_core,3,0.44593697266905563,6.677851246239734,False,0
UGC05253,scalar_core,15,86.12513356345269,39.98463449610698,False,0
UGC05716,scalar_core,3,3.1745469530577637,3.301060365891252,False,0
UGC05721,scalar_core,5,6.202289062237642,11.381308660954897,False,0
UGC05750,scalar_core,3,0.16298668553372567,4.4479276816827715,False,0
UGC05764,scalar_core,2,0.2127125547005229,1.222477102030024,False,0
UGC05829,scalar_core,3,3.0234404416445937,8.798349827762676,False,0
UGC05918,scalar_core,2,2.0764885766437082,5.66314033177745,False,0
UGC05986,scalar_core,3,0.18122471707836207,1.9149080333002877,False,0
UGC06399,scalar_core,2,0.9981438935445285,4.895450427080652,False,0
UGC06446,scalar_core,4,2.0676891497246985,9.360212614838519,False,0
UGC06614,scalar_core,3,0.9937057734678452,15.952706879181386,False,0
UGC06667,scalar_core,2,2.855565566419436,5.571271149617916,False,0
UGC06786,scalar_core,9,16.13827174279656,14.83244868367016,False,0
UGC06787,scalar_core,15,600.0160113643976,69.44567939093164,False,0
UGC06818,scalar_core,2,4.046265764644631,12.069199125344099,False,0
UGC06917,scalar_core,3,4.2979884651206,10.910032968869114,False,0
UGC06930,scalar_core,2,3.2089895978562746,13.256103136993527,False,0
UGC06983,scalar_core,4,0.794391997499051,9.47473454773791,False,0
UGC07089,scalar_core,3,0.6821756455149582,5.573836436806837,False,0
UGC07125,scalar_core,3,1.4754578326372165,4.147826945543276,False,0
UGC07151,scalar_core,3,7.782178180770379,9.051115933092252,False,0
UGC07323,scalar_core,2,0.07500753262316334,1.059896370096556,False,0
UGC07399,scalar_core,2,10.840816635515026,16.20228175585287,False,0
UGC07524,scalar_core,7,1.4496854112301043,4.433655687587902,False,0
UGC07577,scalar_core,2,1.7167174715207567,4.153447026213881,False,0
UGC07603,scalar_core,3,3.890046802356268,5.700005254204577,False,0
UGC08286,scalar_core,4,37.5369030967744,12.27642682701542,False,0
UGC08490,scalar_core,6,1.6008953636802261,4.66882762172757,False,0
UGC08550,scalar_core,3,1.8306450085759256,2.832511601363528,False,0
UGC08699,scalar_core,9,35.39307681357389,33.480484969849,False,0
UGC08837,scalar_core,2,0.45001318396808804,2.0275286836004964,False,0
UGC09037,scalar_core,5,0.16065319898308922,4.8610797562149015,False,0
UGC09133,scalar_core,14,99.67827328561,17.203810967062076,False,0
UGC11455,scalar_core,8,41.05953954509062,41.2526406654384,False,0
UGC11557,scalar_core,3,31.748616863194655,37.75176036940275,False,0
UGC11820,scalar_core,2,105.41688155058952,10.849162922535072,False,0
UGC11914,scalar_core,13,60.40114457488324,22.569453376689417,False,0
UGC12506,scalar_core,7,2.977797365387559,21.67438545347687,False,0
UGC12632,scalar_core,3,4.477864465216979,6.025530095741343,False,0
UGC12732,scalar_core,4,3.758307270230242,6.222731243394589,False,0
UGCA442,scalar_core,2,29.69580537422848,4.480368631917789,False,0
UGCA444,scalar_core,8,1.431725860310923,6.809334064082518,False,0
CamB,extended,2,16.90571832158926,6.167484594514674,False,0
D631-7,extended,4,1.8479547551244244,5.393051065985721,False,0
DDO064,extended,3,0.3800657119607107,4.256712430281227,False,0
DDO154,extended,3,3.2492856310018516,1.1544779913289172,False,0
DDO161,extended,7,4.223920453952181,2.1539408199558854,False,0
DDO168,extended,2,13.119604389728886,9.608959268797571,False,0
DDO170,extended,2,24.375867096135156,5.073392172324621,False,0
ESO079-G014,extended,3,15.66027931252575,8.241778153746376,False,0
ESO116-G012,extended,3,1.3841333739317687,4.464899345138125,False,0
ESO563-G021,extended,6,22.61888286653283,42.046891970041315,False,0
F568-3,extended,4,3.048020830493618,20.57519006111388,False,0
F568-V1,extended,3,0.8647872372906106,13.36671229988669,False,0
F571-8,extended,3,4.582737021658372,10.511192494407782,False,0
F574-1,extended,3,1.4202071242583487,5.659697953896281,False,0
F583-1,extended,5,3.622104131858324,12.58053768972014,False,0
F583-4,extended,3,1.0955632296983981,5.12878866254582,False,0
IC2574,extended,7,2.042890689286377,3.4038962996132898,False,0
IC4202,extended,7,22.100007722292624,31.877603568362666,False,0
KK98-251,extended,3,10.75413435181298,6.55869936856782,False,0
NGC0024,extended,6,55.63021245121686,23.432623830280217,False,0
NGC0055,extended,5,0.18555767875475027,1.3908399108672096,False,0
NGC0100,extended,5,1.1121058624886413,7.7289745161345484,False,0
NGC0247,extended,6,0.9904027062360568,8.414316957016073,False,0
NGC0289,extended,6,0.6400210753734689,5.662665332444657,False,0
NGC0300,extended,5,14.047834381479188,10.511031930895859,False,0
NGC0801,extended,3,22.326397275879497,18.373328583388194,False,0
NGC0891,extended,4,2.024183703902788,6.008774592340712,False,0
NGC1003,extended,8,16.054568624414188,8.295768876978181,False,0
NGC1090,extended,5,1.2299596034347124,2.473149027438598,False,0
NGC2403,extended,15,152.999306623376,24.012030246878496,False,0
NGC2683,extended,3,3.001826924829444,18.37765371625653,False,0
NGC2841,extended,10,53.20786414017431,39.622677871597205,False,0
NGC2903,extended,7,11.697688678001457,12.882677339907763,False,0
NGC2915,extended,6,5.866557480040799,14.300655549390857,False,0
NGC2955,extended,5,5.750789569368516,30.052470029424402,False,0
NGC2976,extended,6,0.4412693706636886,3.1503214666443777,False,0
NGC2998,extended,3,12.505503489247412,10.112435436102334,False,0
NGC3109,extended,5,1.5652030013275087,3.925068544897407,False,0
NGC3198,extended,9,59.60787139299053,17.954618327033277,False,0
NGC3521,extended,9,2.131940590586554,15.52044702213454,False,0
NGC3726,extended,3,2.9203568393119,20.14064846592957,False,0
NGC3741,extended,5,11.437220210315015,8.929707418177589,False,0
NGC3769,extended,3,11.08481106850171,34.48666965751376,False,0
NGC3877,extended,3,3.3747416145489786,11.36888844656026,False,0
NGC3893,extended,2,0.155650125326582,4.659029357957712,False,0
NGC3917,extended,4,1.7235434701870345,7.451791060029495,False,0
NGC3953,extended,2,2.6765886289903458,12.5004156548325,False,0
NGC3972,extended,2,1.037518789706803,5.488368242196542,False,0
NGC3992,extended,2,0.4768864794153501,5.027710252561129,False,0
NGC4010,extended,3,22.78697509676103,20.538373277638673,False,0
NGC4013,extended,8,0.8775832207985182,5.26761411674751,False,0
NGC4088,extended,3,1.2432872497043792,8.724587414727065,False,0
NGC4100,extended,5,0.43599615736381764,4.455337686011446,False,0
NGC4157,extended,4,0.12735265176360777,4.3447709222662905,False,0
NGC4183,extended,5,0.5924047495846523,6.3733068736560545,False,0
NGC4217,extended,4,0.4211093156075699,6.803941714255255,False,0
NGC4559,extended,7,0.503014832722086,4.245725463403792,False,0
NGC5005,extended,4,0.36563438107751334,13.29007574306741,False,0
NGC5033,extended,5,3.128506455767992,6.565623915742025,False,0
NGC5055,extended,6,426.6671585197344,25.14807455103094,False,0
NGC5371,extended,4,57.08250233696248,35.08763509019817,False,0
NGC5585,extended,5,0.10119769364247226,0.5459941929990825,False,0
NGC5907,extended,4,2.251394909376308,5.9925443877679205,False,0
NGC5985,extended,7,47.959394912369454,28.71268920575119,False,0
NGC6015,extended,9,77.65371151250226,38.2274931231946,False,0
NGC6195,extended,5,38.364986258244734,33.04985794948534,False,0
NGC6503,extended,7,9.09279606719617,8.886012019261257,False,0
NGC6674,extended,3,1.6027386569537818,2.811435723526084,False,0
NGC6946,extended,12,0.05110689230984813,3.0697258823858653,False,0
NGC7331,extended,8,8.569657127527208,15.863719122711936,False,0
NGC7793,extended,10,22.877247849919172,26.875205020450075,False,0
NGC7814,extended,4,5.61718875386541,11.46235706240882,False,0
UGC00128,extended,5,7.647324287690324,7.595842772402196,False,0
UGC00191,extended,2,280.6566923310439,14.965488400587283,False,0
UGC00731,extended,3,0.3400204501301775,1.8745986326676067,False,0
UGC01281,extended,5,4.1642906222149785,8.16263743868608,False,0
UGC02259,extended,2,7.160078856770191,7.492058272259492,False,0
UGC02487,extended,4,18.96252574294264,28.780626613698413,False,0
UGC02885,extended,4,2.656431728078469,16.298563519765995,False,0
UGC02916,extended,9,0.3125059006639297,5.803723719424503,False,0
UGC02953,extended,23,43.02807257062449,29.602672271209958,False,0
UGC03205,extended,10,138.60009288228486,35.50951229106061,False,0
UGC03546,extended,6,2.6774761407753522,14.834675121165885,False,0
UGC03580,extended,10,172.8216685329425,23.94183511871535,False,0
UGC04278,extended,5,2.730011446015004,9.71002464638929,False,0
UGC04325,extended,2,5.974509263696687,7.455056835835554,False,0
UGC04483,extended,2,2.3278373012473343,2.236824306558731,False,0
UGC04499,extended,2,0.06253437952702096,0.666648130044928,False,0
UGC05005,extended,3,0.5207809477489774,7.216515417769005,False,0
UGC05253,extended,15,10.186148986453706,12.622695216285752,False,0
UGC05716,extended,3,3.287680949876577,3.367851041421404,False,0
UGC05721,extended,5,4.654503585438858,9.859454443909765,False,0
UGC05750,extended,3,0.16298668536561614,4.447927679463581,False,0
UGC05764,extended,2,0.7103725619476834,2.2515342312670072,False,0
UGC05829,extended,3,0.4973927681763408,3.568619548127785,False,0
UGC05918,extended,2,1.0506840317805033,4.028363166653014,False,0
UGC05986,extended,3,0.048794862470686734,0.843004393070669,False,0
UGC06399,extended,2,0.1470153209176514,1.878786271834242,False,0
UGC06446,extended,4,0.044326070699390256,2.112721622978271,False,0
UGC06614,extended,3,1.010555676707465,16.08973163178147,False,0
UGC06667,extended,2,1.6022742612879335,4.19006125247375,False,0
UGC06786,extended,9,17.240280101218655,14.774154547694144,False,0
UGC06787,extended,15,600.0160158625594,69.44567963476575,False,0
UGC06818,extended,2,4.046265764644631,12.069199125344099,False,0
UGC06917,extended,3,2.5961200539881646,8.521195084501693,False,0
UGC06930,extended,2,0.9923690375032375,7.371711368039127,False,0
UGC06983,extended,4,0.017506966540742915,1.5485136428409312,False,0
UGC07089,extended,3,0.7608737583773534,5.861585703550812,False,0
UGC07125,extended,3,0.9891099026566863,3.415995188034338,False,0
UGC07151,extended,3,3.798339920983775,6.316458439160623,False,0
UGC07323,extended,2,0.030688384174912684,0.6779504856176812,False,0
UGC07399,extended,2,3.3394362366730883,9.005115936708574,False,0
UGC07524,extended,7,0.6413629801656034,3.060074939745134,False,0
UGC07577,extended,2,1.0965725412866463,3.3195403010259383,False,0
UGC07603,extended,3,3.846399960531183,5.667937641713474,False,0
UGC08286,extended,4,0.09269901520252787,0.6129640990164577,False,0
UGC08490,extended,6,1.4939814284598525,4.510232868494952,False,0
UGC08550,extended,3,2.4020797037142354,3.254049636363299,False,0
UGC08699,extended,9,35.393076807589466,33.480484967469486,False,0
UGC08837,extended,2,0.4500131839647816,2.0275286835935407,False,0
UGC09037,extended,5,0.14651302583699394,4.707643536341936,False,0
UGC09133,extended,14,60.15320096260455,13.204777395764813,False,0
UGC11455,extended,8,5.7235730181572535,15.492885194930421,False,0
UGC11557,extended,3,31.74861686301701,37.75176036929713,False,0
UGC11820,extended,2,47.63404400772801,7.261574121613985,False,0
UGC11914,extended,13,58.405425910767846,22.25858532569465,False,0
UGC12506,extended,7,2.159601873281306,18.40027326019126,False,0
UGC12632,extended,3,1.2312421827490694,3.1691071548701424,False,0
UGC12732,extended,4,0.4674929375006466,2.1763839946056462,False,0
UGCA442,extended,2,23.639965615243426,4.279887171857823,False,0
UGCA444,extended,8,0.14696088617455152,2.4113917454994827,False,0
CamB,adaptive_primary,2,16.905718321589262,6.167484594514675,False,0
D631-7,adaptive_primary,4,1.8479547551244238,5.39305106598572,False,0
DDO064,adaptive_primary,3,0.4454895711302016,4.574719146089808,False,0
DDO154,adaptive_primary,3,3.2544055936624474,1.1567673644069438,False,0
DDO161,adaptive_primary,7,3.982072567909721,2.090809313011114,False,0
DDO168,adaptive_primary,2,13.11960433509488,9.608959249152203,False,0
DDO170,adaptive_primary,2,24.375868056547763,5.073392275252973,False,0
ESO079-G014,adaptive_primary,3,15.660279308606782,8.24177815268729,False,0
ESO116-G012,adaptive_primary,3,1.3926647454228627,4.498913451211841,False,0
ESO563-G021,adaptive_primary,6,43.78827185269659,58.86433617581448,False,0
F568-3,adaptive_primary,4,3.048020831124534,20.57519006317139,False,0
F568-V1,adaptive_primary,3,0.4005599083364048,9.154386584008462,False,0
F571-8,adaptive_primary,3,4.582737013281906,10.511192485677986,False,0
F574-1,adaptive_primary,3,0.0034002603875285336,0.26612639524521126,False,0
F583-1,adaptive_primary,5,3.6221041253210884,12.580537677492213,False,0
F583-4,adaptive_primary,3,1.435669435635938,5.871151773682816,False,0
IC2574,adaptive_primary,7,1.4801002784008173,2.848135467764691,False,0
IC4202,adaptive_primary,7,32.02934458555864,38.78685538552802,False,0
KK98-251,adaptive_primary,3,10.754134351861529,6.558699368582625,False,0
NGC0024,adaptive_primary,6,5.493751106048767,7.558847857692985,False,0
NGC0055,adaptive_primary,5,0.18555767875475027,1.3908399108672096,False,0
NGC0100,adaptive_primary,5,1.1121058624432625,7.728974516003543,False,0
NGC0247,adaptive_primary,6,0.9474316245279576,8.228135563781693,False,0
NGC0289,adaptive_primary,6,0.6814491572901525,5.986295889518224,False,0
NGC0300,adaptive_primary,5,4.274379227469811,5.113137040125183,False,0
NGC0801,adaptive_primary,3,35.655921446974126,23.69624854853208,False,0
NGC0891,adaptive_primary,4,2.024183703902788,6.008774592340712,False,0
NGC1003,adaptive_primary,8,12.637488568235455,7.34195981990043,False,0
NGC1090,adaptive_primary,5,0.4089732062388286,1.4261075896667372,False,0
NGC2403,adaptive_primary,15,152.9993066235683,24.01203024688844,False,0
NGC2683,adaptive_primary,3,5.183807916541086,24.211464796183154,False,0
NGC2841,adaptive_primary,10,53.692112498949385,39.80076643463266,False,0
NGC2903,adaptive_primary,7,11.697688674281519,12.882677337731119,False,0
NGC2915,adaptive_primary,6,5.866557480040799,14.300655549390857,False,0
NGC2955,adaptive_primary,5,5.750789570490722,30.052470032472623,False,0
NGC2976,adaptive_primary,6,0.4412693706636886,3.1503214666443777,False,0
NGC2998,adaptive_primary,3,12.505503487097421,10.11243543530326,False,0
NGC3109,adaptive_primary,5,1.3712930848659053,3.673737163628098,False,0
NGC3198,adaptive_primary,9,60.47409435213793,18.102257853382532,False,0
NGC3521,adaptive_primary,9,2.131940590578337,15.520447022116448,False,0
NGC3726,adaptive_primary,3,2.7659126574198147,19.603820457081753,False,0
NGC3741,adaptive_primary,5,8.761499662653392,7.888761234867635,False,0
NGC3769,adaptive_primary,3,13.354735346430537,37.86013680391781,False,0
NGC3877,adaptive_primary,3,3.7955518970093656,12.036223986470473,False,0
NGC3893,adaptive_primary,2,0.1556501302204691,4.659029435293323,False,0
NGC3917,adaptive_primary,4,1.7235434803045786,7.45179108094393,False,0
NGC3953,adaptive_primary,2,3.4840977798922825,14.29786041436922,False,0
NGC3972,adaptive_primary,2,1.0375188085469014,5.48836829192804,False,0
NGC3992,adaptive_primary,2,0.5490178023209227,5.403515121497846,False,0
NGC4010,adaptive_primary,3,22.951239373762206,20.61369269180101,False,0
NGC4013,adaptive_primary,8,0.7885943122411408,5.031154474223539,False,0
NGC4088,adaptive_primary,3,1.2487996906119385,8.744164565445852,False,0
NGC4100,adaptive_primary,5,1.479605567775926,8.807751252401674,False,0
NGC4157,adaptive_primary,4,0.14569995882207018,4.6329102655665215,False,0
NGC4183,adaptive_primary,5,1.280336567547843,8.609904070068994,False,0
NGC4217,adaptive_primary,4,0.421109320359584,6.803941745785267,False,0
NGC4559,adaptive_primary,7,0.5205216739494766,4.318889056001026,False,0
NGC5005,adaptive_primary,4,0.42141242263603207,14.267979279511392,False,0
NGC5033,adaptive_primary,5,9.551767490937726,13.09838597964063,False,0
NGC5055,adaptive_primary,6,377.5457962149837,23.6206427600591,False,0
NGC5371,adaptive_primary,4,73.74324569177716,39.6019311856879,False,0
NGC5585,adaptive_primary,5,0.10119769364247226,0.5459941929990825,False,0
NGC5907,adaptive_primary,4,2.2513949184439928,5.992544398867743,False,0
NGC5985,adaptive_primary,7,56.72713618166876,31.272004376681746,False,0
NGC6015,adaptive_primary,9,77.65371151658441,38.227493124238215,False,0
NGC6195,adaptive_primary,5,47.32973573789356,36.81624261678419,False,0
NGC6503,adaptive_primary,7,9.092796074296617,8.886012022703403,False,0
NGC6674,adaptive_primary,3,1.4374328758678143,2.84736450865782,False,0
NGC6946,adaptive_primary,12,0.05102371307260356,3.05610324458913,False,0
NGC7331,adaptive_primary,8,0.36044025836609916,2.9475347896871877,False,0
NGC7793,adaptive_primary,10,22.877247849919172,26.875205020450075,False,0
NGC7814,adaptive_primary,4,5.61718899718514,11.462357310705883,False,0
UGC00128,adaptive_primary,5,7.22029181255049,7.38178154082924,False,0
UGC00191,adaptive_primary,2,304.5589267117417,15.56227753324736,False,0
UGC00731,adaptive_primary,3,1.019423934691228,3.2259272320787016,False,0
UGC01281,adaptive_primary,5,0.5194473195892979,2.8829077531944662,False,0
UGC02259,adaptive_primary,2,1.1487063699695343,3.1345305088086506,False,0
UGC02487,adaptive_primary,4,25.393861561549638,32.63416209814027,False,0
UGC02885,adaptive_primary,4,0.05251077671958644,2.2915230027120925,False,0
UGC02916,adaptive_primary,9,0.31172201045791426,5.793730945142034,False,0
UGC02953,adaptive_primary,23,43.06320228644455,29.64948365391568,False,0
UGC03205,adaptive_primary,10,180.80166379617938,40.14674678618486,False,0
UGC03546,adaptive_primary,6,3.5863262300511956,16.676795394563317,False,0
UGC03580,adaptive_primary,10,181.97791730368994,24.598638495252402,False,0
UGC04278,adaptive_primary,5,3.2411321843494356,10.65920282982264,False,0
UGC04325,adaptive_primary,2,2.0957582203536855,4.415403814470445,False,0
UGC04483,adaptive_primary,2,2.3278373012473343,2.236824306558731,False,0
UGC04499,adaptive_primary,2,0.06253436689695023,0.6666480626850557,False,0
UGC05005,adaptive_primary,3,0.4459369754795148,6.677851267282874,False,0
UGC05253,adaptive_primary,15,86.12513316421925,39.98463444037224,False,0
UGC05716,adaptive_primary,3,3.174546947671016,3.30106036259012,False,0
UGC05721,adaptive_primary,5,4.654503633194399,9.85945449448912,False,0
UGC05750,adaptive_primary,3,0.16298668536561614,4.447927679463581,False,0
UGC05764,adaptive_primary,2,0.2127125671201836,1.2224771374763619,False,0
UGC05829,adaptive_primary,3,0.4973927845672552,3.5686196069273306,False,0
UGC05918,adaptive_primary,2,0.018691480159871685,0.5372969773981631,False,0
UGC05986,adaptive_primary,3,0.04879486599450592,0.8430044288013305,False,0
UGC06399,adaptive_primary,2,0.1470153200900382,1.8787862665459896,False,0
UGC06446,adaptive_primary,4,0.3696810047588611,3.6231177614659997,False,0
UGC06614,adaptive_primary,3,0.9937057705312234,15.952706855481816,False,0
UGC06667,adaptive_primary,2,2.8555655611018653,5.571271144610195,False,0
UGC06786,adaptive_primary,9,16.138271763940697,14.832448689666872,False,0
UGC06787,adaptive_primary,15,600.0160158625594,69.44567963476575,False,0
UGC06818,adaptive_primary,2,4.046265764644627,12.06919912534409,False,0
UGC06917,adaptive_primary,3,3.8146318612467347,10.261890901329634,False,0
UGC06930,adaptive_primary,2,0.09777385874889835,2.313892068591289,False,0
UGC06983,adaptive_primary,4,0.04853553155124088,2.5066072935882566,False,0
UGC07089,adaptive_primary,3,0.6821756377211937,5.573836406239841,False,0
UGC07125,adaptive_primary,3,1.4754578297609229,4.147826941697464,False,0
UGC07151,adaptive_primary,3,6.730254220971289,8.416193799680133,False,0
UGC07323,adaptive_primary,2,0.389975077951918,2.4167370036845304,False,0
UGC07399,adaptive_primary,2,3.0730655241170277,8.630558106704791,False,0
UGC07524,adaptive_primary,7,1.4496853395388294,4.433655588360082,False,0
UGC07577,adaptive_primary,2,1.7167175024022414,4.1534470635714,False,0
UGC07603,adaptive_primary,3,3.8900468021764323,5.700005254072822,False,0
UGC08286,adaptive_primary,4,0.09269897100062392,0.6129639535199606,False,0
UGC08490,adaptive_primary,6,1.6008955901875839,4.668827952018917,False,0
UGC08550,adaptive_primary,3,1.8306440199684362,2.8325108416047797,False,0
UGC08699,adaptive_primary,9,34.98136320502621,33.27352430099552,False,0
UGC08837,adaptive_primary,2,0.45001318396808804,2.0275286836004964,False,0
UGC09037,adaptive_primary,5,0.4379504723090747,10.63601907355404,False,0
UGC09133,adaptive_primary,14,99.67826555802074,17.203810251759215,False,0
UGC11455,adaptive_primary,8,41.05953957106246,41.252640677934814,False,0
UGC11557,adaptive_primary,3,31.748616863101585,37.751760369347416,False,0
UGC11820,adaptive_primary,2,47.63404318954535,7.261574067637986,False,0
UGC11914,adaptive_primary,13,60.40114451483875,22.56945336795124,False,0
UGC12506,adaptive_primary,7,2.977798038325517,21.674388007391816,False,0
UGC12632,adaptive_primary,3,0.9347384441253005,2.7756168907960266,False,0
UGC12732,adaptive_primary,4,0.46749293357745136,2.1763839854126967,False,0
UGCA442,adaptive_primary,2,29.695804912301128,4.480368593818194,False,0
UGCA444,adaptive_primary,8,0.14696088556021905,2.411391741243262,False,0
CamB,nfw,2,22.038687988227206,7.041807152536288,False,0
D631-7,nfw,4,0.7692628172098102,3.047686610884562,False,0
DDO064,nfw,3,0.1229078000095256,2.983934211250474,False,0
DDO154,nfw,3,21.741567215625707,4.687661784463014,False,0
DDO161,nfw,7,24.071295212343188,4.762085921833166,False,0
DDO168,nfw,2,2.7420987767928735,4.466049778696536,False,0
DDO170,nfw,2,1.3135354676205908,1.2013567250095025,False,0
ESO079-G014,nfw,3,48.17110123119022,14.523850827400068,False,0
ESO116-G012,nfw,3,10.346351363849385,9.000336733025886,False,0
ESO563-G021,nfw,6,1.6929467447847921,11.048625696820418,False,0
F568-3,nfw,4,0.038487721704269354,2.086749449441705,False,0
F568-V1,nfw,3,1.1245161148610092,15.24101944137511,False,0
F571-8,nfw,3,22.251974009325384,22.771323725900487,False,0
F574-1,nfw,3,3.245582652629231,8.587970654315248,False,0
F583-1,nfw,5,8.6527199186241,19.88063604990707,False,0
F583-4,nfw,3,0.11470738235392074,1.6595554375547796,False,0
IC2574,nfw,7,9.600929347606405,8.026794862700514,False,0
IC4202,nfw,7,4.119906856155298,17.746327214460724,False,0
KK98-251,nfw,3,2.361968712782438,3.0737395548630584,False,0
NGC0024,nfw,6,303.7729356088992,53.938206711625455,False,0
NGC0055,nfw,5,4.895323998117299,8.942025004673921,False,0
NGC0100,nfw,5,0.2761944353592156,3.812231157004715,False,0
NGC0247,nfw,6,0.14360458293476955,3.166048329434415,False,0
NGC0289,nfw,6,4.192816884348642,13.803931657547986,False,0
NGC0300,nfw,5,0.21833329166220744,3.6090948255137687,False,0
NGC0801,nfw,3,7.740340007818728,10.406939992464954,False,0
NGC0891,nfw,4,4.824140716684242,8.995335207112735,False,0
NGC1003,nfw,8,3.665998374462597,4.273343364290972,False,0
NGC1090,nfw,5,1.2075614409932258,2.4505269412751236,False,0
NGC2403,nfw,15,18.994552812426498,8.406788646514295,False,0
NGC2683,nfw,3,0.041318041900506204,2.0468376551732295,False,0
NGC2841,nfw,10,23.49549871057827,26.334447009976486,False,0
NGC2903,nfw,7,0.5159669166352362,2.990243065323565,False,0
NGC2915,nfw,6,0.07146935079341295,1.6682387205591047,False,0
NGC2955,nfw,5,30.775505050546986,65.96997294470005,False,0
NGC2976,nfw,6,1.4434228884469575,5.629923172684181,False,0
NGC2998,nfw,3,7.761412502661423,7.47142617271674,False,0
NGC3109,nfw,5,5.035835746587415,7.017096218559415,False,0
NGC3198,nfw,9,3.4084328840015217,3.7046702701734193,False,0
NGC3521,nfw,9,18.679539255845697,34.94518970333633,False,0
NGC3726,nfw,3,0.6496500528630547,8.806953104841492,False,0
NGC3741,nfw,5,0.7383936268785158,2.365433132396374,False,0
NGC3769,nfw,3,0.06603935358849639,2.6854015043702555,False,0
NGC3877,nfw,3,2.7984025489320583,9.762273815754325,False,0
NGC3893,nfw,2,1.046760436421066,13.367961009297133,False,0
NGC3917,nfw,4,0.07398614108510464,1.2320535072417258,False,0
NGC3953,nfw,2,0.09527020198271194,1.9304847038760562,False,0
NGC3972,nfw,2,0.07185313638001806,1.3640322784702443,False,0
NGC3992,nfw,2,0.3967364940915934,4.6940041699098884,False,0
NGC4010,nfw,3,6.228878256667056,10.414127651593114,False,0
NGC4013,nfw,8,0.5341591709585889,5.054693014700098,False,0
NGC4088,nfw,3,0.402933490335998,4.880668724608641,False,0
NGC4100,nfw,5,3.320723469577586,13.379512743216301,False,0
NGC4157,nfw,4,0.09829428897638061,4.228437031139788,False,0
NGC4183,nfw,5,0.279957639773927,4.679634804651519,False,0
NGC4217,nfw,4,5.92218234256687,20.627633056066554,False,0
NGC4559,nfw,7,2.237113920238901,8.994437467671965,False,0
NGC5005,nfw,4,0.04564103298351438,4.699977957264915,False,0
NGC5033,nfw,5,12.154930160015534,10.749404657325709,False,0
NGC5055,nfw,6,1.5012595404274214,1.9303500988756186,False,0
NGC5371,nfw,4,21.607942688273013,22.150321519906857,False,0
NGC5585,nfw,5,61.7838950250881,14.181106129167036,False,0
NGC5907,nfw,4,10.174603994743375,12.653253032269985,False,0
NGC5985,nfw,7,6.954402391323621,10.858583539418653,False,0
NGC6015,nfw,9,6.384722025823633,11.767004062392138,False,0
NGC6195,nfw,5,1.9707533744308783,6.741617483548368,False,0
NGC6503,nfw,7,0.9875198157051159,3.2341797709051407,False,0
NGC6674,nfw,3,2.8742070977108973,3.484962073551322,False,0
NGC6946,nfw,12,0.5143566838011634,8.584114991508681,False,0
NGC7331,nfw,8,1.481717705446414,6.200379261275715,False,0
NGC7793,nfw,10,10.045169565516304,17.8089643995689,False,0
NGC7814,nfw,4,1.1798553132981138,5.258816920776443,False,0
UGC00128,nfw,5,5.1441929372762845,5.879527408619134,False,0
UGC00191,nfw,2,45.3814510478428,5.246324270603572,False,0
UGC00731,nfw,3,1.0817038607632268,3.381019757400172,False,0
UGC01281,nfw,5,0.8144600315220792,3.6098975753272096,False,0
UGC02259,nfw,2,1.9312337699302202,3.9265599814624563,False,0
UGC02487,nfw,4,4.968948096705343,16.55363934916315,False,0
UGC02885,nfw,4,0.06247904081987258,2.4995807812485795,False,0
UGC02916,nfw,9,0.30837737443502433,5.840700148050786,False,0
UGC02953,nfw,23,8.187147156363675,13.121932694636412,False,0
UGC03205,nfw,10,45.95716247831218,20.75910638098272,False,0
UGC03546,nfw,6,2.5856797581065707,3.917430194843835,False,0
UGC03580,nfw,10,25.274960642199787,9.085471599073617,False,0
UGC04278,nfw,5,0.38531242911412,5.316442008562624,False,0
UGC04325,nfw,2,3.647997191652249,5.825417914222553,False,0
UGC04483,nfw,2,1.493559552571122,1.546467461737908,False,0
UGC04499,nfw,2,3.621633570987111,5.0749160999507135,False,0
UGC05005,nfw,3,1.1810667846097793,10.867689656085048,False,0
UGC05253,nfw,15,140.0985512602943,53.40371428403346,False,0
UGC05716,nfw,3,9.124653948944689,2.740225642338793,False,0
UGC05721,nfw,5,1.2688697727939675,5.1478362753514935,False,0
UGC05750,nfw,3,1.368848391723341,12.899200409570676,False,0
UGC05764,nfw,2,7.5806762719362535,7.466704496289186,False,0
UGC05829,nfw,3,0.030039420968617336,0.8769933401754489,False,0
UGC05918,nfw,2,0.21015283425882325,1.801607479403907,False,0
UGC05986,nfw,3,9.135385323162273,16.231542588740204,False,0
UGC06399,nfw,2,2.97337899976574,8.44930942647832,False,0
UGC06446,nfw,4,0.0516421394383591,2.3571447337630986,False,0
UGC06614,nfw,3,3.0884649997339615,28.12293913193705,False,0
UGC06667,nfw,2,7.290827552205939,8.801873386593208,False,0
UGC06786,nfw,9,2.199882641787421,2.703671062820332,False,0
UGC06787,nfw,15,160.48783492086815,36.099463586102566,False,0
UGC06818,nfw,2,0.9135379502017915,5.734750753717593,False,0
UGC06917,nfw,3,0.560849195019971,3.5891532686121694,False,0
UGC06930,nfw,2,0.003504360997351316,0.43806256198739246,False,0
UGC06983,nfw,4,0.2157805528233127,4.559857864724597,False,0
UGC07089,nfw,3,0.057370967959031106,1.6055172426630637,False,0
UGC07125,nfw,3,1.0099819395142757,3.253526504071123,False,0
UGC07151,nfw,3,1.5621764917669285,4.081480056525672,False,0
UGC07323,nfw,2,0.31474599592985186,2.1711562141959746,False,0
UGC07399,nfw,2,0.037561265187224156,0.9614193681249384,False,0
UGC07524,nfw,7,3.454354726437179,5.792370322888076,False,0
UGC07577,nfw,2,1.1614717352395705,3.416359659088738,False,0
UGC07603,nfw,3,4.9024402367795785,6.398880456892965,False,0
UGC08286,nfw,4,0.1399963109678648,0.7520561714742547,False,0
UGC08490,nfw,6,0.07223583342512026,0.9917511439367135,False,0
UGC08550,nfw,3,0.6451373395991787,1.6209556712693598,False,0
UGC08699,nfw,9,1.7237598002497587,7.677594060044302,False,0
UGC08837,nfw,2,8.187058603882232,8.814341068317507,False,0
UGC09037,nfw,5,2.4385149404767548,22.242491637212453,False,0
UGC09133,nfw,14,144.9631988317389,20.939073918209377,False,0
UGC11455,nfw,8,24.862084295690014,32.136784878356615,False,0
UGC11557,nfw,3,0.24391643975435193,3.308989117626841,False,0
UGC11820,nfw,2,16.962077966701965,4.313291484814957,False,0
UGC11914,nfw,13,29.205252014516308,15.921720226589532,False,0
UGC12506,nfw,7,0.25280856462808815,6.144427185697647,False,0
UGC12632,nfw,3,0.47393272695567007,1.929947135230939,False,0
UGC12732,nfw,4,0.8138996531098038,2.871943316611797,False,0
UGCA442,nfw,2,52.00501588603073,4.894158714481999,False,0
UGCA444,nfw,8,0.04845315091046203,1.4215500906609877,False,0
