z,virial_over_E,sharp_lower_bound,local_quadratic
0.0000000000000000e+00,2.0000000000000000e+00,5.1082562376599072e-01,3.3333333333333343e-01
2.0000000000000000e-03,2.0019999999999998e+00,4.9720933912003090e-01,3.3000833333333340e-01
4.0000000000000001e-03,2.0040000000000000e+00,4.8636965121502579e-01,3.2670000000000005e-01
6.0000000000000001e-03,2.0059999999999998e+00,4.7658047566450557e-01,3.2340833333333341e-01
8.0000000000000002e-03,2.0080000000000000e+00,4.6747492040875144e-01,3.2013333333333338e-01
1.0000000000000000e-02,2.0099999999999998e+00,4.5887874049222510e-01,3.1687500000000007e-01
1.2000000000000000e-02,2.0120000000000000e+00,4.5068931125350103e-01,3.1363333333333338e-01
1.4000000000000000e-02,2.0139999999999998e+00,4.4283882455018009e-01,3.1040833333333340e-01
1.6000000000000000e-02,2.0160000000000000e+00,4.3527908876883820e-01,3.0720000000000003e-01
1.8000000000000002e-02,2.0179999999999998e+00,4.2797407317601710e-01,3.0400833333333332e-01
2.0000000000000000e-02,2.0200000000000000e+00,4.2089581264842196e-01,3.0083333333333334e-01
2.1999999999999999e-02,2.0219999999999998e+00,4.1402196843016759e-01,2.9767500000000002e-01
2.4000000000000000e-02,2.0240000000000000e+00,4.0733428364597857e-01,2.9453333333333337e-01
2.6000000000000002e-02,2.0259999999999998e+00,4.0081755733105356e-01,2.9140833333333338e-01
2.8000000000000001e-02,2.0280000000000000e+00,3.9445893603133475e-01,2.8830000000000006e-01
2.9999999999999999e-02,2.0299999999999998e+00,3.8824740882946890e-01,2.8520833333333334e-01
3.2000000000000001e-02,2.0320000000000000e+00,3.8217343761663264e-01,2.8213333333333335e-01
3.4000000000000002e-02,2.0339999999999998e+00,3.7622868014577315e-01,2.7907500000000002e-01
3.6000000000000004e-02,2.0360000000000000e+00,3.7040577846473349e-01,2.7603333333333335e-01
3.7999999999999999e-02,2.0379999999999998e+00,3.6469819450197616e-01,2.7300833333333341e-01
4.0000000000000001e-02,2.0400000000000000e+00,3.5910008035614438e-01,2.7000000000000007e-01
4.2000000000000003e-02,2.0419999999999998e+00,3.5360617458838239e-01,2.6700833333333340e-01
4.3999999999999997e-02,2.0440000000000000e+00,3.4821171831015590e-01,2.6403333333333340e-01
4.5999999999999999e-02,2.0459999999999998e+00,3.4291238655699297e-01,2.6107500000000011e-01
4.8000000000000001e-02,2.0480000000000000e+00,3.3770423161800406e-01,2.5813333333333344e-01
5.0000000000000003e-02,2.0499999999999998e+00,3.3258363582552630e-01,2.5520833333333343e-01
5.2000000000000005e-02,2.0520000000000000e+00,3.2754727190947308e-01,2.5230000000000008e-01
5.3999999999999999e-02,2.0539999999999998e+00,3.2259206945924213e-01,2.4940833333333340e-01
5.6000000000000001e-02,2.0560000000000000e+00,3.1771518636043178e-01,2.4653333333333341e-01
5.8000000000000003e-02,2.0579999999999998e+00,3.1291398431675349e-01,2.4367500000000003e-01
5.9999999999999998e-02,2.0600000000000001e+00,3.0818600775187610e-01,2.4083333333333340e-01
6.2000000000000000e-02,2.0619999999999998e+00,3.0352896552719422e-01,2.3800833333333338e-01
6.4000000000000001e-02,2.0640000000000001e+00,2.9894071502082131e-01,2.3520000000000005e-01
6.6000000000000003e-02,2.0659999999999998e+00,2.9441924819847554e-01,2.3240833333333338e-01
6.8000000000000005e-02,2.0680000000000001e+00,2.8996267937415499e-01,2.2963333333333338e-01
7.0000000000000007e-02,2.0699999999999998e+00,2.8556923441187076e-01,2.2687500000000005e-01
7.2000000000000008e-02,2.0720000000000001e+00,2.8123724116239157e-01,2.2413333333333338e-01
7.3999999999999996e-02,2.0739999999999998e+00,2.7696512096332848e-01,2.2140833333333337e-01
7.5999999999999998e-02,2.0760000000000001e+00,2.7275138105875152e-01,2.1870000000000001e-01
7.8000000000000000e-02,2.0779999999999998e+00,2.6859460781725819e-01,2.1600833333333339e-01
8.0000000000000002e-02,2.0800000000000001e+00,2.6449346064605650e-01,2.1333333333333335e-01
8.2000000000000003e-02,2.0819999999999999e+00,2.6044666651400211e-01,2.1067500000000003e-01
8.4000000000000005e-02,2.0840000000000001e+00,2.5645301500928119e-01,2.0803333333333335e-01
8.6000000000000007e-02,2.0859999999999999e+00,2.5251135386805057e-01,2.0540833333333336e-01
8.7999999999999995e-02,2.0880000000000001e+00,2.4862058491924452e-01,2.0280000000000006e-01
8.9999999999999997e-02,2.0899999999999999e+00,2.4477966039822752e-01,2.0020833333333340e-01
9.1999999999999998e-02,2.0920000000000001e+00,2.4098757958829084e-01,1.9763333333333341e-01
9.4000000000000000e-02,2.0939999999999999e+00,2.3724338575434073e-01,1.9507500000000005e-01
9.6000000000000002e-02,2.0960000000000001e+00,2.3354616333767739e-01,1.9253333333333339e-01
9.8000000000000004e-02,2.0979999999999999e+00,2.2989503538465633e-01,1.9000833333333339e-01
1.0000000000000001e-01,2.1000000000000001e+00,2.2628916118535888e-01,1.8750000000000006e-01
1.0200000000000001e-01,2.1019999999999999e+00,2.2272773410125743e-01,1.8500833333333339e-01
1.0400000000000001e-01,2.1040000000000001e+00,2.1920997956334326e-01,1.8253333333333341e-01
1.0600000000000000e-01,2.1059999999999999e+00,2.1573515322431985e-01,1.8007500000000007e-01
1.0800000000000000e-01,2.1080000000000001e+00,2.1230253925031953e-01,1.7763333333333339e-01
1.1000000000000000e-01,2.1099999999999999e+00,2.0891144873922260e-01,1.7520833333333338e-01
1.1200000000000000e-01,2.1120000000000001e+00,2.0556121825406562e-01,1.7280000000000004e-01
1.1400000000000000e-01,2.1139999999999999e+00,2.0225120846125860e-01,1.7040833333333338e-01
1.1600000000000001e-01,2.1160000000000001e+00,1.9898080286441583e-01,1.6803333333333340e-01
1.1800000000000001e-01,2.1179999999999999e+00,1.9574940662555537e-01,1.6567500000000004e-01
1.2000000000000000e-01,2.1200000000000001e+00,1.9255644546626086e-01,1.6333333333333336e-01
1.2200000000000000e-01,2.1219999999999999e+00,1.8940136464213941e-01,1.6100833333333339e-01
1.2400000000000000e-01,2.1240000000000001e+00,1.8628362798456946e-01,1.5870000000000004e-01
1.2600000000000000e-01,2.1259999999999999e+00,1.8320271700430665e-01,1.5640833333333337e-01
1.2800000000000000e-01,2.1280000000000001e+00,1.8015813005203993e-01,1.5413333333333337e-01
1.3000000000000000e-01,2.1299999999999999e+00,1.7714938153144830e-01,1.5187500000000004e-01
1.3200000000000001e-01,2.1320000000000001e+00,1.7417600116071627e-01,1.4963333333333337e-01
1.3400000000000001e-01,2.1339999999999999e+00,1.7123753327883864e-01,1.4740833333333336e-01
1.3600000000000001e-01,2.1360000000000001e+00,1.6833353619337110e-01,1.4520000000000002e-01
1.3800000000000001e-01,2.1379999999999999e+00,1.6546358156657803e-01,1.4300833333333338e-01
1.4000000000000001e-01,2.1400000000000001e+00,1.6262725383719515e-01,1.4083333333333337e-01
1.4200000000000002e-01,2.1419999999999999e+00,1.5982414967526359e-01,1.3867499999999999e-01
1.4400000000000002e-01,2.1440000000000001e+00,1.5705387746770466e-01,1.3653333333333334e-01
1.4599999999999999e-01,2.1459999999999999e+00,1.5431605683250141e-01,1.3440833333333335e-01
1.4799999999999999e-01,2.1480000000000001e+00,1.5161031815952794e-01,1.3230000000000003e-01
1.4999999999999999e-01,2.1499999999999999e+00,1.4893630217622447e-01,1.3020833333333334e-01
1.5200000000000000e-01,2.1520000000000001e+00,1.4629365953646239e-01,1.2813333333333338e-01
1.5400000000000000e-01,2.1539999999999999e+00,1.4368205043107468e-01,1.2607500000000005e-01
1.5600000000000000e-01,2.1560000000000001e+00,1.4110114421864284e-01,1.2403333333333337e-01
1.5800000000000000e-01,2.1579999999999999e+00,1.3855061907524341e-01,1.2200833333333337e-01
1.6000000000000000e-01,2.1600000000000001e+00,1.3603016166195397e-01,1.2000000000000004e-01
1.6200000000000001e-01,2.1619999999999999e+00,1.3353946680900808e-01,1.1800833333333335e-01
1.6400000000000001e-01,2.1640000000000001e+00,1.3107823721557166e-01,1.1603333333333336e-01
1.6600000000000001e-01,2.1659999999999999e+00,1.2864618316418977e-01,1.1407500000000002e-01
1.6800000000000001e-01,2.1680000000000001e+00,1.2624302224901829e-01,1.1213333333333335e-01
1.7000000000000001e-01,2.1699999999999999e+00,1.2386847911702023e-01,1.1020833333333335e-01
1.7200000000000001e-01,2.1720000000000002e+00,1.2152228522136677e-01,1.0830000000000001e-01
1.7400000000000002e-01,2.1739999999999999e+00,1.1920417858633020e-01,1.0640833333333335e-01
1.7599999999999999e-01,2.1760000000000002e+00,1.1691390358301010e-01,1.0453333333333337e-01
1.7799999999999999e-01,2.1779999999999999e+00,1.1465121071527798e-01,1.0267500000000004e-01
1.7999999999999999e-01,2.1800000000000002e+00,1.1241585641536625e-01,1.0083333333333337e-01
1.8200000000000000e-01,2.1819999999999999e+00,1.1020760284856351e-01,9.9008333333333365e-02
1.8400000000000000e-01,2.1840000000000002e+00,1.0802621772652060e-01,9.7200000000000022e-02
1.8600000000000000e-01,2.1859999999999999e+00,1.0587147412869560e-01,9.5408333333333359e-02
1.8800000000000000e-01,2.1880000000000002e+00,1.0374315033150155e-01,9.3633333333333360e-02
1.9000000000000000e-01,2.1899999999999999e+00,1.0164102964474972e-01,9.1875000000000026e-02
1.9200000000000000e-01,2.1920000000000002e+00,9.9564900255000449e-02,9.0133333333333357e-02
1.9400000000000001e-01,2.1940000000000000e+00,9.7514555075465692e-02,8.8408333333333353e-02
1.9600000000000001e-01,2.1960000000000002e+00,9.5489791602124230e-02,8.6700000000000027e-02
1.9800000000000001e-01,2.1980000000000000e+00,9.3490411775732946e-02,8.5008333333333352e-02
2.0000000000000001e-01,2.2000000000000002e+00,9.1516221849435780e-02,8.3333333333333356e-02
2.0200000000000001e-01,2.2020000000000000e+00,8.9567032261693658e-02,8.1675000000000011e-02
2.0400000000000001e-01,2.2040000000000002e+00,8.7642657514268307e-02,8.0033333333333345e-02
2.0600000000000002e-01,2.2060000000000000e+00,8.5742916055015050e-02,7.8408333333333344e-02
2.0800000000000002e-01,2.2080000000000002e+00,8.3867630165251311e-02,7.6800000000000007e-02
2.0999999999999999e-01,2.2100000000000000e+00,8.2016625851479757e-02,7.5208333333333363e-02
2.1199999999999999e-01,2.2120000000000002e+00,8.0189732741259900e-02,7.3633333333333356e-02
2.1400000000000000e-01,2.2140000000000000e+00,7.8386783983033392e-02,7.2075000000000028e-02
2.1600000000000000e-01,2.2160000000000002e+00,7.6607616149716617e-02,7.0533333333333365e-02
2.1800000000000000e-01,2.2180000000000000e+00,7.4852069145888184e-02,6.9008333333333352e-02
2.2000000000000000e-01,2.2200000000000002e+00,7.3119986118406533e-02,6.7500000000000018e-02
2.2200000000000000e-01,2.2220000000000000e+00,7.1411213370300902e-02,6.6008333333333349e-02
2.2400000000000000e-01,2.2240000000000002e+00,6.9725600277789179e-02,6.4533333333333359e-02
2.2600000000000001e-01,2.2260000000000000e+00,6.8062999210284164e-02,6.3075000000000020e-02
2.2800000000000001e-01,2.2280000000000002e+00,6.6423265453254915e-02,6.1633333333333352e-02
2.3000000000000001e-01,2.2300000000000000e+00,6.4806257133818157e-02,6.0208333333333350e-02
2.3200000000000001e-01,2.2320000000000002e+00,6.3211835148943879e-02,5.8800000000000012e-02
2.3400000000000001e-01,2.2340000000000000e+00,6.1639863096159264e-02,5.7408333333333346e-02
2.3600000000000002e-01,2.2360000000000002e+00,6.0090207206646096e-02,5.6033333333333345e-02
2.3800000000000002e-01,2.2380000000000000e+00,5.8562736280632188e-02,5.4675000000000001e-02
2.3999999999999999e-01,2.2400000000000002e+00,5.7057321624977439e-02,5.3333333333333365e-02
2.4199999999999999e-01,2.2420000000000000e+00,5.5573836992865278e-02,5.2008333333333358e-02
2.4399999999999999e-01,2.2439999999999998e+00,5.4112158525513973e-02,5.0700000000000016e-02
2.4600000000000000e-01,2.2460000000000000e+00,5.2672164695822282e-02,4.9408333333333353e-02
2.4800000000000000e-01,2.2480000000000002e+00,5.1253736253873569e-02,4.8133333333333347e-02
2.5000000000000000e-01,2.2500000000000000e+00,4.9856756174223443e-02,4.6875000000000014e-02
2.5200000000000000e-01,2.2519999999999998e+00,4.8481109604898778e-02,4.5633333333333352e-02
2.5400000000000000e-01,2.2540000000000000e+00,4.7126683818041304e-02,4.4408333333333348e-02
2.5600000000000001e-01,2.2560000000000002e+00,4.5793368162132059e-02,4.3200000000000009e-02
2.5800000000000001e-01,2.2580000000000000e+00,4.4481054015733726e-02,4.2008333333333349e-02
2.6000000000000001e-01,2.2599999999999998e+00,4.3189634742693037e-02,4.0833333333333340e-02
2.6200000000000001e-01,2.2620000000000000e+00,4.1919005648748772e-02,3.9675000000000009e-02
2.6400000000000001e-01,2.2640000000000002e+00,4.0669063939489505e-02,3.8533333333333343e-02
2.6600000000000001e-01,2.2660000000000000e+00,3.9439708679611774e-02,3.7408333333333342e-02
2.6800000000000002e-01,2.2679999999999998e+00,3.8230840753431333e-02,3.6300000000000006e-02
2.7000000000000002e-01,2.2700000000000000e+00,3.7042362826598160e-02,3.5208333333333341e-02
2.7200000000000002e-01,2.2720000000000002e+00,3.5874179308973020e-02,3.4133333333333335e-02
2.7400000000000002e-01,2.2740000000000000e+00,3.4726196318623864e-02,3.3075000000000007e-02
2.7600000000000002e-01,2.2759999999999998e+00,3.3598321646899132e-02,3.2033333333333330e-02
2.7800000000000002e-01,2.2780000000000000e+00,3.2490464724541007e-02,3.1008333333333336e-02
2.8000000000000003e-01,2.2800000000000002e+00,3.1402536588802266e-02,3.0000000000000002e-02
2.8200000000000003e-01,2.2820000000000000e+00,3.0334449851529055e-02,2.9008333333333334e-02
2.8400000000000003e-01,2.2839999999999998e+00,2.9286118668177125e-02,2.8033333333333330e-02
2.8600000000000003e-01,2.2860000000000000e+00,2.8257458707729735e-02,2.7074999999999995e-02
2.8800000000000003e-01,2.2880000000000003e+00,2.7248387123484208e-02,2.6133333333333331e-02
2.8999999999999998e-01,2.2900000000000000e+00,2.6258822524678357e-02,2.5208333333333357e-02
2.9199999999999998e-01,2.2919999999999998e+00,2.5288684948929399e-02,2.4300000000000023e-02
2.9399999999999998e-01,2.2940000000000000e+00,2.4337895835455259e-02,2.3408333333333350e-02
2.9599999999999999e-01,2.2959999999999998e+00,2.3406377999053971e-02,2.2533333333333353e-02
2.9799999999999999e-01,2.2980000000000000e+00,2.2494055604816474e-02,2.1675000000000017e-02
2.9999999999999999e-01,2.2999999999999998e+00,2.1600854143546538e-02,2.0833333333333350e-02
3.0199999999999999e-01,2.3020000000000000e+00,2.0726700407865867e-02,2.0008333333333350e-02
3.0399999999999999e-01,2.3039999999999998e+00,1.9871522468982980e-02,1.9200000000000012e-02
3.0599999999999999e-01,2.3060000000000000e+00,1.9035249654102776e-02,1.8408333333333346e-02
3.0800000000000000e-01,2.3079999999999998e+00,1.8217812524456492e-02,1.7633333333333345e-02
3.1000000000000000e-01,2.3100000000000001e+00,1.7419142853934491e-02,1.6875000000000012e-02
3.1200000000000000e-01,2.3119999999999998e+00,1.6639173608299862e-02,1.6133333333333343e-02
3.1400000000000000e-01,2.3140000000000001e+00,1.5877838924966012e-02,1.5408333333333342e-02
3.1600000000000000e-01,2.3159999999999998e+00,1.5135074093322209e-02,1.4700000000000008e-02
3.1800000000000000e-01,2.3180000000000001e+00,1.4410815535587290e-02,1.4008333333333340e-02
3.2000000000000001e-01,2.3199999999999998e+00,1.3705000788176908e-02,1.3333333333333341e-02
3.2200000000000001e-01,2.3220000000000001e+00,1.3017568483570136e-02,1.2675000000000004e-02
3.2400000000000001e-01,2.3239999999999998e+00,1.2348458332657339e-02,1.2033333333333337e-02
3.2600000000000001e-01,2.3260000000000001e+00,1.1697611107556807e-02,1.1408333333333338e-02
3.2800000000000001e-01,2.3279999999999998e+00,1.1064968624887081e-02,1.0800000000000002e-02
3.3000000000000002e-01,2.3300000000000001e+00,1.0450473729479284e-02,1.0208333333333335e-02
3.3200000000000002e-01,2.3319999999999999e+00,9.8540702785177015e-03,9.6333333333333358e-03
3.3400000000000002e-01,2.3340000000000001e+00,9.2757031260975384e-03,9.0750000000000015e-03
3.3600000000000002e-01,2.3359999999999999e+00,8.7153181081855435e-03,8.5333333333333337e-03
3.3800000000000002e-01,2.3380000000000001e+00,8.1728620279729117e-03,8.0083333333333326e-03
3.4000000000000002e-01,2.3399999999999999e+00,7.6482826416108332e-03,7.5000000000000006e-03
3.4200000000000003e-01,2.3420000000000001e+00,7.1415286443155188e-03,7.0083333333333326e-03
3.4400000000000003e-01,2.3439999999999999e+00,6.6525496568335604e-03,6.5333333333333328e-03
3.4600000000000003e-01,2.3460000000000001e+00,6.1812962122589493e-03,6.0749999999999988e-03
3.4800000000000003e-01,2.3479999999999999e+00,5.7277197431896201e-03,5.6333333333333313e-03
3.5000000000000003e-01,2.3500000000000001e+00,5.2917725692157025e-03,5.2083333333333313e-03
3.5199999999999998e-01,2.3519999999999999e+00,4.8734078847316731e-03,4.8000000000000083e-03
3.5399999999999998e-01,2.3540000000000001e+00,4.4725797470607370e-03,4.4083333333333414e-03
3.5599999999999998e-01,2.3559999999999999e+00,4.0892430648867689e-03,4.0333333333333410e-03
3.5799999999999998e-01,2.3580000000000001e+00,3.7233535869822670e-03,3.6750000000000068e-03
3.5999999999999999e-01,2.3599999999999999e+00,3.3748678912280464e-03,3.3333333333333396e-03
3.6199999999999999e-01,2.3620000000000001e+00,3.0437433739142483e-03,3.0083333333333390e-03
3.6399999999999999e-01,2.3639999999999999e+00,2.7299382393167551e-03,2.7000000000000049e-03
3.6599999999999999e-01,2.3660000000000001e+00,2.4334114895430345e-03,2.4083333333333378e-03
3.6799999999999999e-01,2.3679999999999999e+00,2.1541229146386405e-03,2.1333333333333373e-03
3.7000000000000000e-01,2.3700000000000001e+00,1.8920330829487741e-03,1.8750000000000034e-03
3.7200000000000000e-01,2.3719999999999999e+00,1.6471033317300224e-03,1.6333333333333362e-03
3.7400000000000000e-01,2.3740000000000001e+00,1.4192957580037718e-03,1.4083333333333361e-03
3.7600000000000000e-01,2.3759999999999999e+00,1.2085732096466413e-03,1.2000000000000021e-03
3.7800000000000000e-01,2.3780000000000001e+00,1.0148992767134817e-03,1.0083333333333353e-03
3.8000000000000000e-01,2.3799999999999999e+00,8.3823828298517852e-04,8.3333333333333490e-04
3.8200000000000001e-01,2.3820000000000001e+00,6.7855527773704252e-04,6.7500000000000123e-04
3.8400000000000001e-01,2.3839999999999999e+00,5.3581602772400164e-04,5.3333333333333433e-04
3.8600000000000001e-01,2.3860000000000001e+00,4.0998700937531010e-04,4.0833333333333406e-04
3.8800000000000001e-01,2.3879999999999999e+00,3.0103540119506660e-04,3.0000000000000052e-04
3.9000000000000001e-01,2.3900000000000001e+00,2.0892907636534813e-04,2.0833333333333373e-04
3.9200000000000002e-01,2.3919999999999999e+00,1.3363659554496872e-04,1.3333333333333358e-04
3.9400000000000002e-01,2.3940000000000001e+00,7.5127199860879068e-05,7.5000000000000129e-05
3.9600000000000002e-01,2.3959999999999999e+00,3.3370804089205390e-05,3.3333333333333396e-05
3.9800000000000002e-01,2.3980000000000001e+00,8.3379900195708519e-06,8.3333333333333490e-06
4.0000000000000002e-01,2.3999999999999999e+00,0.0000000000000000e+00,0.0000000000000000e+00
4.0200000000000002e-01,2.4020000000000001e+00,8.3287306599354877e-06,8.3333333333333490e-06
4.0400000000000003e-01,2.4039999999999999e+00,3.3296726805104315e-05,3.3333333333333396e-05
4.0600000000000003e-01,2.4060000000000001e+00,7.4877175482865321e-05,7.5000000000000129e-05
4.0800000000000003e-01,2.4079999999999999e+00,1.3304390021405890e-04,1.3333333333333358e-04
4.1000000000000003e-01,2.4100000000000001e+00,2.0777135538732096e-04,2.0833333333333373e-04
4.1200000000000003e-01,2.4119999999999999e+00,2.9903462081485969e-04,3.0000000000000052e-04
4.1400000000000003e-01,2.4140000000000001e+00,4.0680939644321089e-04,4.0833333333333406e-04
4.1600000000000004e-01,2.4159999999999999e+00,5.3107199722012000e-04,5.3333333333333433e-04
4.1799999999999998e-01,2.4180000000000001e+00,6.7179934811138070e-04,6.7499999999999700e-04
4.1999999999999998e-01,2.4199999999999999e+00,8.2896897926625426e-04,8.3333333333333024e-04
4.2199999999999999e-01,2.4220000000000002e+00,1.0025590213302224e-03,1.0083333333333301e-03
4.2399999999999999e-01,2.4239999999999999e+00,1.1925482008988131e-03,1.1999999999999966e-03
4.2599999999999999e-01,2.4260000000000002e+00,1.3989158361146260e-03,1.4083333333333300e-03
4.2799999999999999e-01,2.4279999999999999e+00,1.6216418324014291e-03,1.6333333333333297e-03
4.2999999999999999e-01,2.4300000000000002e+00,1.8607066783355129e-03,1.8749999999999965e-03
4.3200000000000000e-01,2.4319999999999999e+00,2.1160914416502620e-03,2.1333333333333300e-03
4.3400000000000000e-01,2.4340000000000002e+00,2.3877777653742924e-03,2.4083333333333296e-03
4.3600000000000000e-01,2.4359999999999999e+00,2.6757478640975219e-03,2.6999999999999967e-03
4.3800000000000000e-01,2.4380000000000002e+00,2.9799845203674555e-03,3.0083333333333303e-03
4.4000000000000000e-01,2.4399999999999999e+00,3.3004710812101490e-03,3.3333333333333301e-03
4.4200000000000000e-01,2.4420000000000002e+00,3.6371914547764436e-03,3.6749999999999968e-03
4.4400000000000001e-01,2.4440000000000000e+00,3.9901301071102110e-03,4.0333333333333306e-03
4.4600000000000001e-01,2.4460000000000002e+00,4.3592720590388198e-03,4.4083333333333309e-03
4.4800000000000001e-01,2.4480000000000000e+00,4.7446028831812856e-03,4.7999999999999978e-03
4.5000000000000001e-01,2.4500000000000002e+00,5.1461087010762213e-03,5.2083333333333313e-03
4.5200000000000001e-01,2.4520000000000000e+00,5.5637761804249661e-03,5.6333333333333313e-03
4.5400000000000001e-01,2.4540000000000002e+00,5.9975925324504895e-03,6.0749999999999988e-03
4.5600000000000002e-01,2.4560000000000000e+00,6.4475455093694276e-03,6.5333333333333328e-03
4.5800000000000002e-01,2.4580000000000002e+00,6.9136234019779308e-03,7.0083333333333326e-03
4.6000000000000002e-01,2.4600000000000000e+00,7.3958150373468479e-03,7.5000000000000006e-03
4.6200000000000002e-01,2.4620000000000002e+00,7.8941097766289797e-03,8.0083333333333326e-03
4.6400000000000002e-01,2.4640000000000000e+00,8.4084975129742334e-03,8.5333333333333337e-03
4.6600000000000003e-01,2.4660000000000002e+00,8.9389686695533557e-03,9.0750000000000015e-03
4.6800000000000003e-01,2.4680000000000000e+00,9.4855141976880469e-03,9.6333333333333358e-03
4.7000000000000003e-01,2.4700000000000002e+00,1.0048125575088759e-02,1.0208333333333335e-02
4.7200000000000003e-01,2.4720000000000000e+00,1.0626794804195455e-02,1.0800000000000002e-02
4.7400000000000003e-01,2.4740000000000002e+00,1.1221514410625244e-02,1.1408333333333338e-02
4.7600000000000003e-01,2.4760000000000000e+00,1.1832277441721925e-02,1.2033333333333337e-02
4.7800000000000004e-01,2.4780000000000002e+00,1.2459077465209661e-02,1.2675000000000004e-02
4.7999999999999998e-01,2.4800000000000000e+00,1.3101908567948087e-02,1.3333333333333320e-02
4.8199999999999998e-01,2.4820000000000002e+00,1.3760765354790414e-02,1.4008333333333322e-02
4.8399999999999999e-01,2.4840000000000000e+00,1.4435642947541349e-02,1.4699999999999987e-02
4.8599999999999999e-01,2.4859999999999998e+00,1.5126536984016309e-02,1.5408333333333321e-02
4.8799999999999999e-01,2.4880000000000000e+00,1.5833443617201681e-02,1.6133333333333322e-02
4.8999999999999999e-01,2.4900000000000002e+00,1.6556359514513050e-02,1.6874999999999991e-02
4.9199999999999999e-01,2.4920000000000000e+00,1.7295281857154898e-02,1.7633333333333324e-02
4.9399999999999999e-01,2.4939999999999998e+00,1.8050208339578086e-02,1.8408333333333325e-02
4.9600000000000000e-01,2.4960000000000000e+00,1.8821137169037022e-02,1.9199999999999991e-02
4.9800000000000000e-01,2.4980000000000002e+00,1.9608067065244678e-02,2.0008333333333322e-02
5.0000000000000000e-01,2.5000000000000000e+00,2.0410997260127586e-02,2.0833333333333325e-02
5.0200000000000000e-01,2.5019999999999998e+00,2.1229927497677353e-02,2.1674999999999993e-02
5.0400000000000000e-01,2.5040000000000000e+00,2.2064858033902290e-02,2.2533333333333325e-02
5.0600000000000001e-01,2.5060000000000002e+00,2.2915789636876072e-02,2.3408333333333326e-02
5.0800000000000001e-01,2.5080000000000000e+00,2.3782723586885574e-02,2.4299999999999995e-02
5.1000000000000001e-01,2.5099999999999998e+00,2.4665661676676290e-02,2.5208333333333329e-02
5.1200000000000001e-01,2.5120000000000000e+00,2.5564606211797639e-02,2.6133333333333331e-02
5.1400000000000001e-01,2.5140000000000002e+00,2.6479560011044956e-02,2.7074999999999995e-02
5.1600000000000001e-01,2.5160000000000000e+00,2.7410526407002561e-02,2.8033333333333330e-02
5.1800000000000002e-01,2.5179999999999998e+00,2.8357509246684329e-02,2.9008333333333334e-02
5.2000000000000002e-01,2.5200000000000000e+00,2.9320512892274692e-02,3.0000000000000002e-02
5.2200000000000002e-01,2.5220000000000002e+00,3.0299542221968762e-02,3.1008333333333336e-02
5.2400000000000002e-01,2.5240000000000000e+00,3.1294602630913812e-02,3.2033333333333330e-02
5.2600000000000002e-01,2.5259999999999998e+00,3.2305700032249765e-02,3.3075000000000007e-02
5.2800000000000002e-01,2.5280000000000000e+00,3.3332840858252652e-02,3.4133333333333335e-02
5.3000000000000003e-01,2.5300000000000002e+00,3.4376032061578549e-02,3.5208333333333341e-02
5.3200000000000003e-01,2.5320000000000000e+00,3.5435281116610651e-02,3.6300000000000006e-02
5.3400000000000003e-01,2.5339999999999998e+00,3.6510596020908406e-02,3.7408333333333342e-02
5.3600000000000003e-01,2.5360000000000000e+00,3.7601985296762078e-02,3.8533333333333343e-02
5.3800000000000003e-01,2.5380000000000003e+00,3.8709457992849444e-02,3.9675000000000009e-02
5.4000000000000004e-01,2.5400000000000000e+00,3.9833023685999960e-02,4.0833333333333340e-02
5.4200000000000004e-01,2.5419999999999998e+00,4.0972692483063677e-02,4.2008333333333349e-02
5.4400000000000004e-01,2.5440000000000000e+00,4.2128475022887940e-02,4.3200000000000009e-02
5.4600000000000004e-01,2.5460000000000003e+00,4.3300382478401483e-02,4.4408333333333348e-02
5.4800000000000004e-01,2.5480000000000000e+00,4.4488426558808775e-02,4.5633333333333352e-02
5.5000000000000004e-01,2.5499999999999998e+00,4.5692619511892629e-02,4.6875000000000014e-02
5.5200000000000005e-01,2.5520000000000000e+00,4.6912974126430362e-02,4.8133333333333347e-02
5.5400000000000005e-01,2.5540000000000003e+00,4.8149503734720517e-02,4.9408333333333353e-02
5.5600000000000005e-01,2.5560000000000000e+00,4.9402222215224695e-02,5.0700000000000016e-02
5.5800000000000005e-01,2.5579999999999998e+00,5.0671143995323437e-02,5.2008333333333358e-02
5.6000000000000005e-01,2.5600000000000001e+00,5.1956284054189894e-02,5.3333333333333365e-02
5.6200000000000006e-01,2.5620000000000003e+00,5.3257657925779855e-02,5.4675000000000022e-02
5.6400000000000006e-01,2.5640000000000001e+00,5.4575281701942563e-02,5.6033333333333359e-02
5.6600000000000006e-01,2.5659999999999998e+00,5.5909172035651933e-02,5.7408333333333360e-02
5.6800000000000006e-01,2.5680000000000001e+00,5.7259346144360734e-02,5.8800000000000033e-02
5.7000000000000006e-01,2.5700000000000003e+00,5.8625821813478446e-02,6.0208333333333364e-02
5.7200000000000006e-01,2.5720000000000001e+00,6.0008617399977177e-02,6.1633333333333366e-02
5.7400000000000007e-01,2.5739999999999998e+00,6.1407751836122959e-02,6.3075000000000034e-02
5.7600000000000007e-01,2.5760000000000001e+00,6.2823244633339798e-02,6.4533333333333373e-02
5.7799999999999996e-01,2.5779999999999998e+00,6.4255115886203779e-02,6.6008333333333294e-02
5.7999999999999996e-01,2.5800000000000001e+00,6.5703386276572490e-02,6.7499999999999963e-02
5.8199999999999996e-01,2.5819999999999999e+00,6.7168077077850219e-02,6.9008333333333297e-02
5.8399999999999996e-01,2.5840000000000001e+00,6.8649210159391710e-02,7.0533333333333295e-02
5.8599999999999997e-01,2.5859999999999999e+00,7.0146807991047444e-02,7.2074999999999959e-02
5.8799999999999997e-01,2.5880000000000001e+00,7.1660893647851720e-02,7.3633333333333301e-02
5.8999999999999997e-01,2.5899999999999999e+00,7.3191490814856985e-02,7.5208333333333294e-02
5.9199999999999997e-01,2.5920000000000001e+00,7.4738623792116182e-02,7.6799999999999966e-02
5.9399999999999997e-01,2.5939999999999999e+00,7.6302317499817807e-02,7.8408333333333302e-02
5.9599999999999997e-01,2.5960000000000001e+00,7.7882597483572652e-02,8.0033333333333290e-02
5.9799999999999998e-01,2.5979999999999999e+00,7.9479489919860147e-02,8.1674999999999970e-02
5.9999999999999998e-01,2.6000000000000001e+00,8.1093021621632816e-02,8.3333333333333301e-02
6.0199999999999998e-01,2.6019999999999999e+00,8.2723220044085083e-02,8.5008333333333311e-02
6.0399999999999998e-01,2.6040000000000001e+00,8.4370113290587356e-02,8.6699999999999972e-02
6.0599999999999998e-01,2.6059999999999999e+00,8.6033730118791729e-02,8.8408333333333297e-02
6.0799999999999998e-01,2.6080000000000001e+00,8.7714099946908430e-02,9.0133333333333301e-02
6.0999999999999999e-01,2.6099999999999999e+00,8.9411252860161494e-02,9.1874999999999984e-02
6.1199999999999999e-01,2.6120000000000001e+00,9.1125219617423814e-02,9.3633333333333305e-02
6.1399999999999999e-01,2.6139999999999999e+00,9.2856031658036742e-02,9.5408333333333317e-02
6.1599999999999999e-01,2.6160000000000001e+00,9.4603721108818123e-02,9.7199999999999981e-02
6.1799999999999999e-01,2.6179999999999999e+00,9.6368320791263840e-02,9.9008333333333323e-02
6.2000000000000000e-01,2.6200000000000001e+00,9.8149864228944533e-02,1.0083333333333332e-01
6.2200000000000000e-01,2.6219999999999999e+00,9.9948385655105582e-02,1.0267499999999997e-01
6.2400000000000000e-01,2.6240000000000001e+00,1.0176392002047135e-01,1.0453333333333333e-01
6.2600000000000000e-01,2.6259999999999999e+00,1.0359650300126116e-01,1.0640833333333331e-01
6.2800000000000000e-01,2.6280000000000001e+00,1.0544617100742010e-01,1.0829999999999998e-01
6.3000000000000000e-01,2.6299999999999999e+00,1.0731296119107153e-01,1.1020833333333331e-01
6.3200000000000001e-01,2.6320000000000001e+00,1.0919691145519400e-01,1.1213333333333332e-01
6.3400000000000001e-01,2.6339999999999999e+00,1.1109806046253115e-01,1.1407500000000000e-01
6.3600000000000001e-01,2.6360000000000001e+00,1.1301644764473745e-01,1.1603333333333334e-01
6.3800000000000001e-01,2.6379999999999999e+00,1.1495211321176765e-01,1.1800833333333333e-01
6.4000000000000001e-01,2.6400000000000001e+00,1.1690509816151404e-01,1.2000000000000001e-01
6.4200000000000002e-01,2.6419999999999999e+00,1.1887544428970101e-01,1.2200833333333334e-01
6.4400000000000002e-01,2.6440000000000001e+00,1.2086319420003802e-01,1.2403333333333334e-01
6.4600000000000002e-01,2.6459999999999999e+00,1.2286839131464478e-01,1.2607500000000002e-01
6.4800000000000002e-01,2.6480000000000001e+00,1.2489107988474829e-01,1.2813333333333332e-01
6.5000000000000002e-01,2.6499999999999999e+00,1.2693130500166511e-01,1.3020833333333334e-01
6.5200000000000002e-01,2.6520000000000001e+00,1.2898911260807158e-01,1.3230000000000003e-01
6.5400000000000003e-01,2.6539999999999999e+00,1.3106454950957369e-01,1.3440833333333335e-01
6.5600000000000003e-01,2.6560000000000001e+00,1.3315766338658094e-01,1.3653333333333334e-01
6.5800000000000003e-01,2.6579999999999999e+00,1.3526850280649547e-01,1.3867499999999999e-01
6.6000000000000003e-01,2.6600000000000001e+00,1.3739711723622350e-01,1.4083333333333337e-01
6.6200000000000003e-01,2.6619999999999999e+00,1.3954355705501828e-01,1.4300833333333338e-01
6.6400000000000003e-01,2.6640000000000001e+00,1.4170787356766348e-01,1.4520000000000002e-01
6.6600000000000004e-01,2.6659999999999999e+00,1.4389011901800824e-01,1.4740833333333336e-01
6.6800000000000004e-01,2.6680000000000001e+00,1.4609034660286102e-01,1.4963333333333337e-01
6.7000000000000004e-01,2.6699999999999999e+00,1.4830861048625524e-01,1.5187500000000004e-01
6.7200000000000004e-01,2.6720000000000002e+00,1.5054496581409571e-01,1.5413333333333337e-01
6.7400000000000004e-01,2.6739999999999999e+00,1.5279946872919808e-01,1.5640833333333337e-01
6.7600000000000005e-01,2.6760000000000002e+00,1.5507217638673118e-01,1.5870000000000004e-01
6.7800000000000005e-01,2.6779999999999999e+00,1.5736314697007683e-01,1.6100833333333339e-01
6.8000000000000005e-01,2.6800000000000002e+00,1.5967243970711614e-01,1.6333333333333336e-01
6.8200000000000005e-01,2.6819999999999999e+00,1.6200011488695915e-01,1.6567500000000004e-01
6.8400000000000005e-01,2.6840000000000002e+00,1.6434623387712682e-01,1.6803333333333340e-01
6.8600000000000005e-01,2.6859999999999999e+00,1.6671085914120334e-01,1.7040833333333338e-01
6.8800000000000006e-01,2.6880000000000002e+00,1.6909405425696969e-01,1.7280000000000004e-01
6.9000000000000006e-01,2.6899999999999999e+00,1.7149588393503709e-01,1.7520833333333338e-01
6.9200000000000006e-01,2.6920000000000002e+00,1.7391641403799171e-01,1.7763333333333339e-01
6.9400000000000006e-01,2.6940000000000000e+00,1.7635571160007057e-01,1.8007500000000007e-01
6.9600000000000006e-01,2.6960000000000002e+00,1.7881384484738355e-01,1.8253333333333341e-01
6.9800000000000006e-01,2.6980000000000000e+00,1.8129088321869910e-01,1.8500833333333339e-01
7.0000000000000007e-01,2.7000000000000002e+00,1.8378689738681225e-01,1.8750000000000006e-01
7.0200000000000007e-01,2.7020000000000000e+00,1.8630195928051504e-01,1.9000833333333339e-01
7.0399999999999996e-01,2.7039999999999997e+00,1.8883614210718502e-01,1.9253333333333325e-01
7.0599999999999996e-01,2.7060000000000000e+00,1.9138952037601895e-01,1.9507499999999994e-01
7.0799999999999996e-01,2.7080000000000002e+00,1.9396216992192583e-01,1.9763333333333327e-01
7.0999999999999996e-01,2.7100000000000000e+00,1.9655416793010744e-01,2.0020833333333327e-01
7.1199999999999997e-01,2.7119999999999997e+00,1.9916559296134581e-01,2.0279999999999992e-01
7.1399999999999997e-01,2.7140000000000000e+00,2.0179652497802403e-01,2.0540833333333328e-01
7.1599999999999997e-01,2.7160000000000002e+00,2.0444704537090405e-01,2.0803333333333329e-01
7.1799999999999997e-01,2.7180000000000000e+00,2.0711723698668863e-01,2.1067499999999995e-01
7.1999999999999997e-01,2.7199999999999998e+00,2.0980718415639457e-01,2.1333333333333326e-01
7.2199999999999998e-01,2.7220000000000000e+00,2.1251697272456591e-01,2.1600833333333327e-01
7.2399999999999998e-01,2.7240000000000002e+00,2.1524669007935662e-01,2.1869999999999995e-01
7.2599999999999998e-01,2.7260000000000000e+00,2.1799642518351414e-01,2.2140833333333329e-01
7.2799999999999998e-01,2.7279999999999998e+00,2.2076626860629589e-01,2.2413333333333330e-01
7.2999999999999998e-01,2.7300000000000000e+00,2.2355631255635369e-01,2.2687499999999994e-01
7.3199999999999998e-01,2.7320000000000002e+00,2.2636665091561950e-01,2.2963333333333330e-01
7.3399999999999999e-01,2.7340000000000000e+00,2.2919737927423264e-01,2.3240833333333330e-01
7.3599999999999999e-01,2.7359999999999998e+00,2.3204859496654293e-01,2.3519999999999999e-01
7.3799999999999999e-01,2.7380000000000000e+00,2.3492039710823506e-01,2.3800833333333332e-01
7.3999999999999999e-01,2.7400000000000002e+00,2.3781288663461184e-01,2.4083333333333332e-01
7.4199999999999999e-01,2.7420000000000000e+00,2.4072616634008520e-01,2.4367499999999997e-01
7.4399999999999999e-01,2.7439999999999998e+00,2.4366034091891622e-01,2.4653333333333333e-01
7.4600000000000000e-01,2.7460000000000000e+00,2.4661551700725812e-01,2.4940833333333332e-01
7.4800000000000000e-01,2.7480000000000002e+00,2.4959180322654820e-01,2.5229999999999997e-01
7.5000000000000000e-01,2.7500000000000000e+00,2.5258931022830561e-01,2.5520833333333331e-01
7.5200000000000000e-01,2.7519999999999998e+00,2.5560815074038834e-01,2.5813333333333333e-01
7.5400000000000000e-01,2.7540000000000000e+00,2.5864843961476980e-01,2.6107500000000000e-01
7.5600000000000001e-01,2.7560000000000002e+00,2.6171029387689410e-01,2.6403333333333334e-01
7.5800000000000001e-01,2.7580000000000000e+00,2.6479383277667801e-01,2.6700833333333335e-01
7.6000000000000001e-01,2.7599999999999998e+00,2.6789917784122280e-01,2.7000000000000002e-01
7.6200000000000001e-01,2.7620000000000000e+00,2.7102645292931038e-01,2.7300833333333335e-01
7.6400000000000001e-01,2.7640000000000002e+00,2.7417578428775680e-01,2.7603333333333335e-01
7.6600000000000001e-01,2.7660000000000000e+00,2.7734730060970270e-01,2.7907500000000002e-01
7.6800000000000002e-01,2.7679999999999998e+00,2.8054113309492001e-01,2.8213333333333335e-01
7.7000000000000002e-01,2.7700000000000000e+00,2.8375741551222683e-01,2.8520833333333334e-01
7.7200000000000002e-01,2.7720000000000002e+00,2.8699628426409618e-01,2.8830000000000006e-01
7.7400000000000002e-01,2.7740000000000000e+00,2.9025787845355833e-01,2.9140833333333338e-01
7.7600000000000002e-01,2.7759999999999998e+00,2.9354233995349588e-01,2.9453333333333337e-01
7.7800000000000002e-01,2.7780000000000000e+00,2.9684981347844031e-01,2.9767500000000002e-01
7.8000000000000003e-01,2.7800000000000002e+00,3.0018044665897869e-01,3.0083333333333334e-01
7.8200000000000003e-01,2.7820000000000000e+00,3.0353439011889283e-01,3.0400833333333332e-01
7.8400000000000003e-01,2.7839999999999998e+00,3.0691179755515391e-01,3.0720000000000003e-01
7.8600000000000003e-01,2.7860000000000000e+00,3.1031282582090347e-01,3.1040833333333340e-01
7.8800000000000003e-01,2.7880000000000003e+00,3.1373763501156254e-01,3.1363333333333338e-01
7.9000000000000004e-01,2.7900000000000000e+00,3.1718638855421499e-01,3.1687500000000007e-01
7.9200000000000004e-01,2.7919999999999998e+00,3.2065925330041922e-01,3.2013333333333338e-01
7.9400000000000004e-01,2.7940000000000000e+00,3.2415639962261567e-01,3.2340833333333341e-01
7.9600000000000004e-01,2.7960000000000003e+00,3.2767800151430160e-01,3.2670000000000005e-01
7.9800000000000004e-01,2.7980000000000000e+00,3.3122423669415968e-01,3.3000833333333340e-01
8.0000000000000004e-01,2.7999999999999998e+00,3.3479528671433423e-01,3.3333333333333343e-01
8.0200000000000005e-01,2.8020000000000000e+00,3.3839133707306412e-01,3.3667500000000006e-01
8.0400000000000005e-01,2.8040000000000003e+00,3.4201257733188811e-01,3.4003333333333341e-01
8.0600000000000005e-01,2.8060000000000000e+00,3.4565920123766231e-01,3.4340833333333337e-01
8.0800000000000005e-01,2.8079999999999998e+00,3.4933140684962966e-01,3.4680000000000011e-01
8.1000000000000005e-01,2.8100000000000001e+00,3.5302939667181155e-01,3.5020833333333340e-01
8.1200000000000006e-01,2.8120000000000003e+00,3.5675337779099603e-01,3.5363333333333341e-01
8.1400000000000006e-01,2.8140000000000001e+00,3.6050356202062278e-01,3.5707500000000009e-01
8.1600000000000006e-01,2.8159999999999998e+00,3.6428016605088054e-01,3.6053333333333343e-01
8.1800000000000006e-01,2.8180000000000001e+00,3.6808341160535596e-01,3.6400833333333338e-01
8.2000000000000006e-01,2.8200000000000003e+00,3.7191352560459134e-01,3.6750000000000010e-01
8.2200000000000006e-01,2.8220000000000001e+00,3.7577074033693592e-01,3.7100833333333344e-01
8.2400000000000007e-01,2.8239999999999998e+00,3.7965529363710060e-01,3.7453333333333344e-01
8.2600000000000007e-01,2.8260000000000001e+00,3.8356742907285335e-01,3.7807500000000011e-01
8.2800000000000007e-01,2.8280000000000003e+00,3.8750739614032276e-01,3.8163333333333344e-01
8.3000000000000007e-01,2.8300000000000001e+00,3.9147545046840893e-01,3.8520833333333343e-01
8.3200000000000007e-01,2.8319999999999999e+00,3.9547185403283958e-01,3.8880000000000009e-01
8.3399999999999996e-01,2.8340000000000001e+00,3.9949687538044359e-01,3.9240833333333325e-01
8.3599999999999997e-01,2.8359999999999999e+00,4.0355078986425813e-01,3.9603333333333329e-01
8.3799999999999997e-01,2.8380000000000001e+00,4.0763387989012712e-01,3.9967499999999995e-01
8.3999999999999997e-01,2.8399999999999999e+00,4.1174643517550569e-01,4.0333333333333327e-01
8.4199999999999997e-01,2.8420000000000001e+00,4.1588875302122785e-01,4.0700833333333325e-01
8.4399999999999997e-01,2.8439999999999999e+00,4.2006113859705996e-01,4.1069999999999990e-01
8.4599999999999997e-01,2.8460000000000001e+00,4.2426390524192437e-01,4.1440833333333327e-01
8.4799999999999998e-01,2.8479999999999999e+00,4.2849737477974476e-01,4.1813333333333330e-01
8.4999999999999998e-01,2.8500000000000001e+00,4.3276187785193954e-01,4.2187499999999994e-01
8.5199999999999998e-01,2.8519999999999999e+00,4.3705775426767557e-01,4.2563333333333325e-01
8.5399999999999998e-01,2.8540000000000001e+00,4.4138535337308182e-01,4.2940833333333328e-01
8.5599999999999998e-01,2.8559999999999999e+00,4.4574503444071750e-01,4.3319999999999992e-01
8.5799999999999998e-01,2.8580000000000001e+00,4.5013716708070939e-01,4.3700833333333333e-01
8.5999999999999999e-01,2.8599999999999999e+00,4.5456213167507353e-01,4.4083333333333324e-01
8.6199999999999999e-01,2.8620000000000001e+00,4.5902031983688885e-01,4.4467499999999999e-01
8.6399999999999999e-01,2.8639999999999999e+00,4.6351213489611465e-01,4.4853333333333328e-01
8.6599999999999999e-01,2.8660000000000001e+00,4.6803799241401489e-01,4.5240833333333330e-01
8.6799999999999999e-01,2.8679999999999999e+00,4.7259832072832519e-01,4.5629999999999998e-01
8.7000000000000000e-01,2.8700000000000001e+00,4.7719356153148984e-01,4.6020833333333333e-01
8.7200000000000000e-01,2.8719999999999999e+00,4.8182417048451404e-01,4.6413333333333334e-01
8.7400000000000000e-01,2.8740000000000001e+00,4.8649061786921355e-01,4.6807500000000002e-01
8.7600000000000000e-01,2.8759999999999999e+00,4.9119338928190903e-01,4.7203333333333330e-01
8.7800000000000000e-01,2.8780000000000001e+00,4.9593298637191174e-01,4.7600833333333337e-01
8.8000000000000000e-01,2.8799999999999999e+00,5.0070992762846567e-01,4.8000000000000004e-01
8.8200000000000001e-01,2.8820000000000001e+00,5.0552474922019308e-01,4.8400833333333332e-01
8.8400000000000001e-01,2.8839999999999999e+00,5.1037800589148608e-01,4.8803333333333337e-01
8.8600000000000001e-01,2.8860000000000001e+00,5.1527027192076147e-01,4.9207500000000004e-01
8.8800000000000001e-01,2.8879999999999999e+00,5.2020214214600113e-01,4.9613333333333337e-01
8.9000000000000001e-01,2.8900000000000001e+00,5.2517423306359090e-01,5.0020833333333337e-01
8.9200000000000002e-01,2.8919999999999999e+00,5.3018718400712039e-01,5.0430000000000008e-01
8.9400000000000002e-01,2.8940000000000001e+00,5.3524165841355331e-01,5.0840833333333335e-01
8.9600000000000002e-01,2.8959999999999999e+00,5.4033834518500934e-01,5.1253333333333329e-01
8.9800000000000002e-01,2.8980000000000001e+00,5.4547796015535621e-01,5.1667500000000000e-01
9.0000000000000002e-01,2.8999999999999999e+00,5.5066124767189040e-01,5.2083333333333337e-01
9.0200000000000002e-01,2.9020000000000001e+00,5.5588898230362049e-01,5.2500833333333341e-01
9.0400000000000003e-01,2.9039999999999999e+00,5.6116197068907403e-01,5.2920000000000011e-01
9.0600000000000003e-01,2.9060000000000001e+00,5.6648105353817035e-01,5.3340833333333337e-01
9.0800000000000003e-01,2.9079999999999999e+00,5.7184710780455295e-01,5.3763333333333341e-01
9.1000000000000003e-01,2.9100000000000001e+00,5.7726104904692221e-01,5.4187500000000000e-01
9.1200000000000003e-01,2.9119999999999999e+00,5.8272383400037198e-01,5.4613333333333336e-01
9.1400000000000003e-01,2.9140000000000001e+00,5.8823646338161084e-01,5.5040833333333339e-01
9.1600000000000004e-01,2.9159999999999999e+00,5.9379998495527386e-01,5.5469999999999997e-01
9.1800000000000004e-01,2.9180000000000001e+00,5.9941549689242746e-01,5.5900833333333344e-01
9.2000000000000004e-01,2.9199999999999999e+00,6.0508415145691452e-01,5.6333333333333346e-01
9.2200000000000004e-01,2.9220000000000002e+00,6.1080715906054905e-01,5.6767500000000004e-01
9.2400000000000004e-01,2.9239999999999999e+00,6.1658579273447500e-01,5.7203333333333350e-01
9.2600000000000005e-01,2.9260000000000002e+00,6.2242139307148459e-01,5.7640833333333341e-01
9.2800000000000005e-01,2.9279999999999999e+00,6.2831537370298030e-01,5.8080000000000009e-01
9.3000000000000005e-01,2.9300000000000002e+00,6.3426922738489222e-01,5.8520833333333344e-01
9.3200000000000005e-01,2.9319999999999999e+00,6.4028453277960928e-01,5.8963333333333345e-01
9.3400000000000005e-01,2.9340000000000002e+00,6.4636296203636245e-01,5.9407500000000013e-01
9.3600000000000005e-01,2.9359999999999999e+00,6.5250628929114063e-01,5.9853333333333347e-01
9.3800000000000006e-01,2.9380000000000002e+00,6.5871640022994649e-01,6.0300833333333348e-01
9.4000000000000006e-01,2.9399999999999999e+00,6.6499530288706099e-01,6.0750000000000015e-01
9.4200000000000006e-01,2.9420000000000002e+00,6.7134513988437095e-01,6.1200833333333338e-01
9.4400000000000006e-01,2.9440000000000000e+00,6.7776820236048196e-01,6.1653333333333349e-01
9.4600000000000006e-01,2.9460000000000002e+00,6.8426694589172499e-01,6.2107500000000015e-01
9.4800000000000006e-01,2.9480000000000000e+00,6.9084400877438845e-01,6.2563333333333349e-01
9.5000000000000007e-01,2.9500000000000002e+00,6.9750223312287440e-01,6.3020833333333348e-01
9.5200000000000007e-01,2.9520000000000000e+00,7.0424468934778484e-01,6.3480000000000014e-01
9.5400000000000007e-01,2.9540000000000002e+00,7.1107470471920642e-01,6.3940833333333358e-01
9.5600000000000007e-01,2.9560000000000000e+00,7.1799589690480214e-01,6.4403333333333357e-01
9.5800000000000007e-01,2.9580000000000002e+00,7.2501221361546131e-01,6.4867500000000022e-01
9.5999999999999996e-01,2.9600000000000000e+00,7.3212797981565536e-01,6.5333333333333321e-01
9.6199999999999997e-01,2.9619999999999997e+00,7.3934795439391987e-01,6.5800833333333331e-01
9.6399999999999997e-01,2.9640000000000000e+00,7.4667739878910988e-01,6.6269999999999996e-01
9.6599999999999997e-01,2.9660000000000002e+00,7.5412216090258199e-01,6.6740833333333316e-01
9.6799999999999997e-01,2.9680000000000000e+00,7.6168877880587449e-01,6.7213333333333336e-01
9.6999999999999997e-01,2.9699999999999998e+00,7.6938461045114326e-01,6.7687500000000000e-01
9.7199999999999998e-01,2.9720000000000000e+00,7.7721799808544167e-01,6.8163333333333320e-01
9.7399999999999998e-01,2.9740000000000002e+00,7.8519847981759316e-01,6.8640833333333329e-01
9.7599999999999998e-01,2.9760000000000000e+00,7.9333706656495095e-01,6.9119999999999993e-01
9.7799999999999998e-01,2.9779999999999998e+00,8.0164661178157259e-01,6.9600833333333323e-01
9.7999999999999998e-01,2.9800000000000000e+00,8.1014231643225965e-01,7.0083333333333331e-01
9.8199999999999998e-01,2.9820000000000002e+00,8.1884243739228724e-01,7.0567499999999994e-01
9.8399999999999999e-01,2.9840000000000000e+00,8.2776931341754123e-01,7.1053333333333335e-01
9.8599999999999999e-01,2.9859999999999998e+00,8.3695090963131569e-01,7.1540833333333331e-01
9.8799999999999999e-01,2.9880000000000000e+00,8.4642325676706942e-01,7.2029999999999994e-01
9.8999999999999999e-01,2.9900000000000002e+00,8.5623454643822583e-01,7.2520833333333334e-01
9.9199999999999999e-01,2.9920000000000000e+00,8.6645258678718517e-01,7.3013333333333330e-01
9.9399999999999999e-01,2.9939999999999998e+00,8.7718000247537198e-01,7.3507500000000003e-01
9.9600000000000000e-01,2.9960000000000000e+00,8.8859103845832466e-01,7.4003333333333332e-01
9.9800000000000000e-01,2.9980000000000002e+00,9.0105258679576250e-01,7.4500833333333338e-01
1.0000000000000000e+00,3.0000000000000000e+00,9.1629073187415511e-01,7.5000000000000000e-01
