theta_radians,theta_over_pi_half,lambda_min_B_over_E,lambda_max_B_over_E,D_matrix,D_formula,E_s_over_E,E_a_over_E,virial_over_E,entropy_change
0.0000000000000000e+00,0.0000000000000000e+00,0.0000000000000000e+00,1.0000000000000000e+00,1.6094379124341003e+00,1.6094379124341003e+00,0.0000000000000000e+00,1.0000000000000000e+00,3.0000000000000000e+00,0.0000000000000000e+00
3.9269908169872417e-03,2.5000000000000001e-03,3.8553092646955020e-06,9.9999614469073528e-01,1.6093859966182387e+00,1.6093859966182382e+00,0.0000000000000000e+00,1.0000000000000000e+00,3.0000000000000000e+00,5.1915815861613979e-05
7.8539816339744835e-03,5.0000000000000001e-03,1.5421177605143900e-05,9.9998457882239467e-01,1.6092516282925422e+00,1.6092516282925422e+00,0.0000000000000000e+00,1.0000000000000000e+00,3.0000000000000000e+00,1.8628414155807960e-04
1.1780972450961725e-02,7.5000000000000006e-03,3.4697426661347735e-05,9.9996530257333871e-01,1.6090469131119594e+00,1.6090469131119591e+00,0.0000000000000000e+00,1.0000000000000000e+00,3.0000000000000000e+00,3.9099932214092803e-04
1.5707963267948967e-02,1.0000000000000000e-02,6.1683759169700654e-05,9.9993831624083029e-01,1.6087782996818796e+00,1.6087782996818796e+00,0.0000000000000000e+00,1.0000000000000000e+00,3.0000000000000000e+00,6.5961275222070626e-04
1.9634954084936207e-02,1.2500000000000001e-02,9.6379758967571807e-05,9.9990362024103241e-01,1.6084502930298668e+00,1.6084502930298665e+00,0.0000000000000000e+00,1.0000000000000000e+00,3.0000000000000000e+00,9.8761940423353067e-04
2.3561944901923450e-02,1.5000000000000001e-02,1.3878489099972320e-04,9.9986121510900017e-01,1.6080663685317582e+00,1.6080663685317582e+00,0.0000000000000000e+00,1.0000000000000000e+00,3.0000000000000000e+00,1.3715439023420650e-03
2.7488935718910694e-02,1.7500000000000002e-02,1.8889850132656141e-04,9.9981110149867336e-01,1.6076293592198214e+00,1.6076293592198214e+00,0.0000000000000000e+00,1.0000000000000000e+00,3.0000000000000000e+00,1.8085532142788630e-03
3.1415926535897934e-02,2.0000000000000000e-02,2.4671981713422157e-04,9.9975328018286591e-01,1.6071416580753672e+00,1.6071416580753672e+00,0.0000000000000000e+00,1.0000000000000000e+00,3.0000000000000000e+00,2.2962543587330408e-03
3.5342917352885174e-02,2.2499999999999999e-02,3.1224794674648555e-04,9.9968775205325344e-01,1.6066053374356342e+00,1.6066053374356339e+00,0.0000000000000000e+00,1.0000000000000000e+00,3.0000000000000000e+00,2.8325749984661197e-03
3.9269908169872414e-02,2.5000000000000001e-02,3.8548187963853277e-04,9.9961451812036151e-01,1.6060222254956287e+00,1.6060222254956285e+00,0.0000000000000000e+00,1.0000000000000000e+00,3.0000000000000000e+00,3.4156869384716071e-03
4.3196898986859661e-02,2.7500000000000004e-02,4.6642048645252295e-04,9.9953357951354760e-01,1.6053939583119907e+00,1.6053939583119907e+00,0.0000000000000000e+00,1.0000000000000000e+00,3.0000000000000000e+00,4.0439541221095610e-03
4.7123889803846901e-02,3.0000000000000002e-02,5.5506251901501385e-04,9.9944493748098506e-01,1.6047220167803409e+00,1.6047220167803411e+00,0.0000000000000000e+00,1.0000000000000000e+00,3.0000000000000000e+00,4.7158956537594054e-03
5.1050880620834141e-02,3.2500000000000001e-02,6.5140661035620730e-04,9.9934859338964377e-01,1.6040077538757138e+00,1.6040077538757136e+00,0.0000000000000000e+00,1.0000000000000000e+00,3.0000000000000000e+00,5.4301585583864664e-03
5.4977871437821388e-02,3.5000000000000003e-02,7.5545127473103174e-04,9.9924454872526891e-01,1.6032524153030172e+00,1.6032524153030172e+00,0.0000000000000000e+00,1.0000000000000000e+00,3.0000000000000000e+00,6.1854971310830731e-03
5.8904862254808628e-02,3.7500000000000006e-02,8.6719490764205348e-04,9.9913280509235802e-01,1.6024571555265730e+00,1.6024571555265730e+00,0.0000000000000000e+00,1.0000000000000000e+00,3.0000000000000000e+00,6.9807569075273079e-03
6.2831853071795868e-02,4.0000000000000001e-02,9.8663578586421921e-04,9.9901336421413567e-01,1.6016230504627058e+00,1.6016230504627060e+00,0.0000000000000000e+00,1.0000000000000000e+00,3.0000000000000000e+00,7.8148619713944711e-03
6.6758843888783115e-02,4.2500000000000010e-02,1.1137720674714311e-03,9.9888622793252857e-01,1.6007511077019616e+00,1.6007511077019616e+00,0.0000000000000000e+00,1.0000000000000000e+00,3.0000000000000000e+00,8.6868047321386754e-03
7.0685834705770348e-02,4.4999999999999998e-02,1.2486017918649523e-03,9.9875139820813508e-01,1.5998422748631485e+00,1.5998422748631485e+00,0.0000000000000000e+00,1.0000000000000000e+00,3.0000000000000000e+00,9.5956375709518316e-03
7.4612825522757595e-02,4.7500000000000007e-02,1.3911228798036404e-03,9.9860887712019619e-01,1.5988974465083376e+00,1.5988974465083379e+00,0.0000000000000000e+00,1.0000000000000000e+00,3.0000000000000000e+00,1.0540465925762632e-02
7.8539816339744828e-02,5.0000000000000003e-02,1.5413331334360116e-03,9.9845866686656404e-01,1.5979174699313483e+00,1.5979174699313481e+00,0.0000000000000000e+00,1.0000000000000000e+00,3.0000000000000000e+00,1.1520442502751971e-02
8.2466807156732075e-02,5.2500000000000005e-02,1.6992302363341375e-03,9.9830076976366589e-01,1.5969031500517317e+00,1.5969031500517319e+00,0.0000000000000000e+00,1.0000000000000000e+00,3.0000000000000000e+00,1.2534762382368614e-02
8.6393797973719322e-02,5.5000000000000007e-02,1.8648117535293627e-03,9.9813518824647063e-01,1.5958552535894486e+00,1.5958552535894486e+00,0.0000000000000000e+00,1.0000000000000000e+00,3.0000000000000000e+00,1.3582658844651707e-02
9.0320788790706555e-02,5.7500000000000002e-02,2.0380751315498559e-03,9.9796192486845015e-01,1.5947745126545154e+00,1.5947745126545154e+00,0.0000000000000000e+00,1.0000000000000000e+00,3.0000000000000000e+00,1.4663399779584863e-02
9.4247779607693802e-02,6.0000000000000005e-02,2.2190176984599940e-03,9.9778098230154000e-01,1.5936616278559650e+00,1.5936616278559650e+00,0.0000000000000000e+00,1.0000000000000000e+00,3.0000000000000000e+00,1.5776284578135291e-02
9.8174770424681049e-02,6.2500000000000014e-02,2.4076366639015569e-03,9.9759236333609835e-01,1.5925172710121862e+00,1.5925172710121864e+00,0.0000000000000000e+00,1.0000000000000000e+00,3.0000000000000000e+00,1.6920641421914073e-02
1.0210176124166828e-01,6.5000000000000002e-02,2.6039291191367652e-03,9.9739607088086324e-01,1.5913420875279105e+00,1.5913420875279105e+00,0.0000000000000000e+00,1.0000000000000000e+00,3.0000000000000000e+00,1.8095824906189772e-02
1.0602875205865553e-01,6.7500000000000004e-02,2.8078920370931352e-03,9.9719210796290692e-01,1.5901366984902758e+00,1.5901366984902758e+00,0.0000000000000000e+00,1.0000000000000000e+00,3.0000000000000000e+00,1.9301213943824447e-02
1.0995574287564278e-01,7.0000000000000007e-02,3.0195222724101567e-03,9.9698047772758991e-01,1.5889017025264880e+00,1.5889017025264882e+00,0.0000000000000000e+00,1.0000000000000000e+00,3.0000000000000000e+00,2.0536209907612291e-02
1.1388273369263001e-01,7.2500000000000009e-02,3.2388165614878010e-03,9.9676118343851217e-01,1.5876376774578402e+00,1.5876376774578405e+00,0.0000000000000000e+00,1.0000000000000000e+00,3.0000000000000000e+00,2.1800234976260047e-02
1.1780972450961726e-01,7.5000000000000011e-02,3.4657715225368522e-03,9.9653422847746320e-01,1.5863451817787442e+00,1.5863451817787442e+00,0.0000000000000000e+00,1.0000000000000000e+00,3.0000000000000000e+00,2.3092730655356108e-02
1.2173671532660449e-01,7.7499999999999999e-02,3.7003836556310532e-03,9.9629961634436892e-01,1.5850247559845567e+00,1.5850247559845565e+00,0.0000000000000000e+00,1.0000000000000000e+00,3.0000000000000000e+00,2.4413156449543560e-02
1.2566370614359174e-01,8.0000000000000002e-02,3.9426493427610863e-03,9.9605735065723899e-01,1.5836769237680817e+00,1.5836769237680819e+00,0.0000000000000000e+00,1.0000000000000000e+00,3.0000000000000000e+00,2.5760988666018614e-02
1.2959069696057898e-01,8.2500000000000004e-02,4.1925648478903519e-03,9.9580743515210957e-01,1.5823021931014589e+00,1.5823021931014587e+00,0.0000000000000000e+00,1.0000000000000000e+00,3.0000000000000000e+00,2.7135719332641361e-02
1.3351768777756623e-01,8.5000000000000020e-02,4.4501263170126058e-03,9.9554987368298753e-01,1.5809010572175834e+00,1.5809010572175834e+00,0.0000000000000000e+00,1.0000000000000000e+00,3.0000000000000000e+00,2.8536855216516832e-02
1.3744467859455345e-01,8.7499999999999994e-02,4.7153297782113746e-03,9.9528467022178857e-01,1.5794739955030743e+00,1.5794739955030743e+00,0.0000000000000000e+00,1.0000000000000000e+00,3.0000000000000000e+00,2.9963916931025958e-02
1.4137166941154070e-01,8.9999999999999997e-02,4.9881711417212159e-03,9.9501182885827877e-01,1.5780214743130798e+00,1.5780214743130798e+00,0.0000000000000000e+00,1.0000000000000000e+00,3.0000000000000000e+00,3.1416438121020462e-02
1.4529866022852794e-01,9.2500000000000013e-02,5.2686461999907810e-03,9.9473135380000932e-01,1.5765439477167380e+00,1.5765439477167378e+00,0.0000000000000000e+00,1.0000000000000000e+00,3.0000000000000000e+00,3.2893964717362278e-02
1.4922565104551519e-01,9.5000000000000015e-02,5.5567506277477080e-03,9.9444324937225237e-01,1.5750418581809165e+00,1.5750418581809165e+00,0.0000000000000000e+00,1.0000000000000000e+00,3.0000000000000000e+00,3.4396054253183816e-02
1.5315264186250244e-01,9.7500000000000017e-02,5.8524799820653213e-03,9.9414752001793461e-01,1.5735156371988297e+00,1.5735156371988297e+00,0.0000000000000000e+00,1.0000000000000000e+00,3.0000000000000000e+00,3.5922275235270584e-02
1.5707963267948966e-01,1.0000000000000001e-01,6.1558297024311356e-03,9.9384417029756889e-01,1.5719657058692726e+00,1.5719657058692729e+00,0.0000000000000000e+00,1.0000000000000000e+00,3.0000000000000000e+00,3.7472206564827637e-02
1.6100662349647690e-01,1.0250000000000001e-01,6.4667951108172113e-03,9.9353320488918273e-01,1.5703924754314844e+00,1.5703924754314844e+00,0.0000000000000000e+00,1.0000000000000000e+00,3.0000000000000000e+00,3.9045437002615868e-02
1.6493361431346415e-01,1.0500000000000001e-01,6.7853714117522617e-03,9.9321462858824772e-01,1.5687963477600388e+00,1.5687963477600388e+00,0.0000000000000000e+00,1.0000000000000000e+00,3.0000000000000000e+00,4.0641564674061437e-02
1.6886060513045140e-01,1.0750000000000001e-01,7.1115536923956274e-03,9.9288844630760442e-01,1.5671777158236189e+00,1.5671777158236189e+00,0.0000000000000000e+00,1.0000000000000000e+00,3.0000000000000000e+00,4.2260196610481415e-02
1.7278759594743864e-01,1.1000000000000001e-01,7.4453369226130418e-03,9.9255466307738693e-01,1.5655369641110888e+00,1.5655369641110888e+00,0.0000000000000000e+00,1.0000000000000000e+00,3.0000000000000000e+00,4.3900948323011502e-02
1.7671458676442589e-01,1.1250000000000002e-01,7.7867159550541829e-03,9.9221328404494580e-01,1.5638744690278747e+00,1.5638744690278745e+00,0.0000000000000000e+00,1.0000000000000000e+00,3.0000000000000000e+00,4.5563443406225534e-02
1.8064157758141311e-01,1.1500000000000000e-01,8.1356855252320507e-03,9.9186431447476797e-01,1.5621905992653324e+00,1.5621905992653327e+00,0.0000000000000000e+00,1.0000000000000000e+00,3.0000000000000000e+00,4.7247313168767846e-02
1.8456856839840036e-01,1.1750000000000001e-01,8.4922402516042009e-03,9.9150775974839567e-01,1.5604857161454833e+00,1.5604857161454833e+00,0.0000000000000000e+00,1.0000000000000000e+00,3.0000000000000000e+00,4.8952196288617023e-02
1.8849555921538760e-01,1.2000000000000001e-01,8.8563746356556602e-03,9.9114362536434442e-01,1.5587601739432433e+00,1.5587601739432433e+00,0.0000000000000000e+00,1.0000000000000000e+00,3.0000000000000000e+00,5.0677738490856994e-02
1.9242255003237485e-01,1.2250000000000001e-01,9.2280830619837721e-03,9.9077191693801625e-01,1.5570143201880449e+00,1.5570143201880451e+00,0.0000000000000000e+00,1.0000000000000000e+00,3.0000000000000000e+00,5.2423592246055417e-02
1.9634954084936210e-01,1.2500000000000003e-01,9.6073597983847760e-03,9.9039264020161522e-01,1.5552484959465604e+00,1.5552484959465604e+00,0.0000000000000000e+00,1.0000000000000000e+00,3.0000000000000000e+00,5.4189416487539832e-02
2.0027653166634932e-01,1.2750000000000000e-01,9.9941989959422134e-03,9.9000580100405788e-01,1.5534630360880533e+00,1.5534630360880530e+00,0.0000000000000000e+00,1.0000000000000000e+00,3.0000000000000000e+00,5.5974876346047031e-02
2.0420352248333656e-01,1.3000000000000000e-01,1.0388594689117110e-02,9.8961140531088287e-01,1.5516582695337413e+00,1.5516582695337413e+00,0.0000000000000000e+00,1.0000000000000000e+00,3.0000000000000000e+00,5.7779642900358974e-02
2.0813051330032381e-01,1.3250000000000001e-01,1.0790540795839989e-02,9.8920945920416004e-01,1.5498345194914191e+00,1.5498345194914191e+00,0.0000000000000000e+00,1.0000000000000000e+00,3.0000000000000000e+00,5.9603392942681133e-02
2.1205750411731106e-01,1.3500000000000001e-01,1.1200031117604656e-02,9.8879996888239541e-01,1.5479921036764623e+00,1.5479921036764623e+00,0.0000000000000000e+00,1.0000000000000000e+00,3.0000000000000000e+00,6.1445808757637943e-02
2.1598449493429830e-01,1.3750000000000001e-01,1.1617059339563786e-02,9.8838294066043630e-01,1.5461313345202383e+00,1.5461313345202381e+00,0.0000000000000000e+00,1.0000000000000000e+00,3.0000000000000000e+00,6.3306577913861961e-02
2.1991148575128555e-01,1.4000000000000001e-01,1.2041619030626300e-02,9.8795838096937372e-01,1.5442525193668515e+00,1.5442525193668515e+00,0.0000000000000000e+00,1.0000000000000000e+00,3.0000000000000000e+00,6.5185393067248798e-02
2.2383847656827277e-01,1.4250000000000002e-01,1.2473703643556567e-02,9.8752629635644340e-01,1.5423559606590656e+00,1.5423559606590658e+00,0.0000000000000000e+00,1.0000000000000000e+00,3.0000000000000000e+00,6.7081951775034732e-02
2.2776546738526002e-01,1.4500000000000002e-01,1.2913306515075332e-02,9.8708669348492473e-01,1.5404419561141722e+00,1.5404419561141722e+00,0.0000000000000000e+00,1.0000000000000000e+00,3.0000000000000000e+00,6.8995956319928053e-02
2.3169245820224726e-01,1.4750000000000002e-01,1.3360420865962513e-02,9.8663957913403744e-01,1.5385107988905089e+00,1.5385107988905089e+00,0.0000000000000000e+00,1.0000000000000000e+00,3.0000000000000000e+00,7.0927113543591380e-02
2.3561944901923451e-01,1.5000000000000002e-01,1.3815039801161697e-02,9.8618496019883839e-01,1.5365627777452679e+00,1.5365627777452677e+00,0.0000000000000000e+00,1.0000000000000000e+00,3.0000000000000000e+00,7.2875134688832333e-02
2.3954643983622176e-01,1.5250000000000002e-01,1.4277156309886531e-02,9.8572284369011354e-01,1.5345981771841837e+00,1.5345981771841837e+00,0.0000000000000000e+00,1.0000000000000000e+00,3.0000000000000000e+00,7.4839735249916606e-02
2.4347343065320898e-01,1.5500000000000000e-01,1.4746763265728770e-02,9.8525323673427123e-01,1.5326172776036389e+00,1.5326172776036389e+00,0.0000000000000000e+00,1.0000000000000000e+00,3.0000000000000000e+00,7.6820634830461421e-02
2.4740042147019622e-01,1.5750000000000000e-01,1.5223853426768236e-02,9.8477614657323187e-01,1.5306203554256832e+00,1.5306203554256830e+00,0.0000000000000000e+00,1.0000000000000000e+00,3.0000000000000000e+00,7.8817557008417083e-02
2.5132741228718347e-01,1.6000000000000000e-01,1.5708419435684441e-02,9.8429158056431554e-01,1.5286076832264217e+00,1.5286076832264217e+00,0.0000000000000000e+00,1.0000000000000000e+00,3.0000000000000000e+00,8.0830229207678572e-02
2.5525440310417069e-01,1.6250000000000001e-01,1.6200453819870106e-02,9.8379954618012988e-01,1.5265795298581928e+00,1.5265795298581928e+00,0.0000000000000000e+00,1.0000000000000000e+00,3.0000000000000000e+00,8.2858382575907497e-02
2.5918139392115797e-01,1.6500000000000001e-01,1.6699948991546351e-02,9.8330005100845375e-01,1.5245361605659198e+00,1.5245361605659198e+00,0.0000000000000000e+00,1.0000000000000000e+00,3.0000000000000000e+00,8.4901751868180497e-02
2.6310838473814518e-01,1.6750000000000001e-01,1.7206897247879712e-02,9.8279310275212017e-01,1.5224778370979977e+00,1.5224778370979979e+00,0.0000000000000000e+00,1.0000000000000000e+00,3.0000000000000000e+00,8.6960075336102616e-02
2.6703537555513246e-01,1.7000000000000004e-01,1.7721290771100962e-02,9.8227870922889915e-01,1.5204048178120442e+00,1.5204048178120440e+00,0.0000000000000000e+00,1.0000000000000000e+00,3.0000000000000000e+00,8.9033094622056108e-02
2.7096236637211968e-01,1.7250000000000001e-01,1.8243121628625628e-02,9.8175687837137438e-01,1.5183173577758171e+00,1.5183173577758171e+00,0.0000000000000000e+00,1.0000000000000000e+00,3.0000000000000000e+00,9.1120554658283170e-02
2.7488935718910690e-01,1.7499999999999999e-01,1.8772381773176357e-02,9.8122761822682358e-01,1.5162157088635904e+00,1.5162157088635904e+00,0.0000000000000000e+00,1.0000000000000000e+00,3.0000000000000000e+00,9.3222203570509921e-02
2.7881634800609417e-01,1.7750000000000002e-01,1.9309063042906999e-02,9.8069093695709286e-01,1.5141001198482429e+00,1.5141001198482429e+00,0.0000000000000000e+00,1.0000000000000000e+00,3.0000000000000000e+00,9.5337792585857395e-02
2.8274333882308139e-01,1.7999999999999999e-01,1.9853157161528471e-02,9.8014684283847142e-01,1.5119708364893085e+00,1.5119708364893085e+00,0.0000000000000000e+00,1.0000000000000000e+00,3.0000000000000000e+00,9.7467075944791759e-02
2.8667032964006867e-01,1.8250000000000002e-01,2.0404655738436379e-02,9.7959534426156369e-01,1.5098281016172164e+00,1.5098281016172164e+00,0.0000000000000000e+00,1.0000000000000000e+00,3.0000000000000000e+00,9.9609810816883915e-02
2.9059732045705589e-01,1.8500000000000003e-01,2.0963550268840413e-02,9.7903644973115966e-01,1.5076721552139289e+00,1.5076721552139292e+00,0.0000000000000000e+00,1.0000000000000000e+00,3.0000000000000000e+00,1.0176575722017134e-01
2.9452431127404310e-01,1.8750000000000000e-01,2.1529832133895557e-02,9.7847016786610430e-01,1.5055032344901793e+00,1.5055032344901793e+00,0.0000000000000000e+00,1.0000000000000000e+00,3.0000000000000000e+00,1.0393467794392097e-01
2.9845130209103038e-01,1.9000000000000003e-01,2.2103492600834940e-02,9.7789650739916500e-01,1.5033215739594874e+00,1.5033215739594874e+00,0.0000000000000000e+00,1.0000000000000000e+00,3.0000000000000000e+00,1.0611633847461288e-01
3.0237829290801760e-01,1.9250000000000000e-01,2.2684522823104469e-02,9.7731547717689549e-01,1.5011274055091295e+00,1.5011274055091297e+00,0.0000000000000000e+00,1.0000000000000000e+00,3.0000000000000000e+00,1.0831050692497080e-01
3.0630528372500487e-01,1.9500000000000003e-01,2.3272913840499398e-02,9.7672708615950055e-01,1.4989209584682215e+00,1.4989209584682215e+00,0.0000000000000000e+00,1.0000000000000000e+00,3.0000000000000000e+00,1.1051695396587879e-01
3.1023227454199209e-01,1.9750000000000001e-01,2.3868656579302296e-02,9.7613134342069774e-01,1.4967024596730647e+00,1.4967024596730647e+00,0.0000000000000000e+00,1.0000000000000000e+00,3.0000000000000000e+00,1.1273545276103558e-01
3.1415926535897931e-01,2.0000000000000001e-01,2.4471741852423217e-02,9.7552825814757682e-01,1.4944721335298943e+00,1.4944721335298943e+00,0.0000000000000000e+00,1.0000000000000000e+00,3.0000000000000000e+00,1.1496577890420601e-01
3.1808625617596659e-01,2.0250000000000001e-01,2.5082160359541181e-02,9.7491783964045875e-01,1.4922302020751645e+00,1.4922302020751645e+00,0.0000000000000000e+00,1.0000000000000000e+00,3.0000000000000000e+00,1.1720771035893573e-01
3.2201324699295381e-01,2.0500000000000002e-01,2.5699902687247689e-02,9.7430009731275236e-01,1.4899768850334922e+00,1.4899768850334922e+00,0.0000000000000000e+00,1.0000000000000000e+00,3.0000000000000000e+00,1.1946102740060804e-01
3.2594023780994108e-01,2.0750000000000002e-01,2.6324959309191848e-02,9.7367504069080801e-01,1.4877123998733732e+00,1.4877123998733732e+00,0.0000000000000000e+00,1.0000000000000000e+00,3.0000000000000000e+00,1.2172551256072706e-01
3.2986722862692830e-01,2.1000000000000002e-01,2.6957320586227341e-02,9.7304267941377254e-01,1.4854369618607839e+00,1.4854369618607841e+00,0.0000000000000000e+00,1.0000000000000000e+00,3.0000000000000000e+00,1.2400095057331639e-01
3.3379421944391557e-01,2.1250000000000002e-01,2.7596976766560991e-02,9.7240302323343897e-01,1.4831507841107665e+00,1.4831507841107667e+00,0.0000000000000000e+00,1.0000000000000000e+00,3.0000000000000000e+00,1.2628712832333377e-01
3.3772121026090279e-01,2.1500000000000002e-01,2.8243917985903221e-02,9.7175608201409680e-01,1.4808540776370969e+00,1.4808540776370969e+00,0.0000000000000000e+00,1.0000000000000000e+00,3.0000000000000000e+00,1.2858383479700342e-01
3.4164820107789001e-01,2.1750000000000000e-01,2.8898134267620092e-02,9.7110186573237978e-01,1.4785470514001238e+00,1.4785470514001238e+00,0.0000000000000000e+00,1.0000000000000000e+00,3.0000000000000000e+00,1.3089086103397651e-01
3.4557519189487729e-01,2.2000000000000003e-01,2.9559615522887276e-02,9.7044038447711278e-01,1.4762299123528673e+00,1.4762299123528673e+00,0.0000000000000000e+00,1.0000000000000000e+00,3.0000000000000000e+00,1.3320800008123301e-01
3.4950218271186451e-01,2.2250000000000000e-01,3.0228351550845484e-02,9.6977164844915453e-01,1.4739028654854516e+00,1.4739028654854516e+00,0.0000000000000000e+00,1.0000000000000000e+00,3.0000000000000000e+00,1.3553504694864871e-01
3.5342917352885178e-01,2.2500000000000003e-01,3.0904332038757937e-02,9.6909566796124214e-01,1.4715661138679541e+00,1.4715661138679541e+00,0.0000000000000000e+00,1.0000000000000000e+00,3.0000000000000000e+00,1.3787179856614618e-01
3.5735616434583900e-01,2.2750000000000001e-01,3.1587546562169271e-02,9.6841245343783067e-01,1.4692198586917395e+00,1.4692198586917395e+00,0.0000000000000000e+00,1.0000000000000000e+00,3.0000000000000000e+00,1.4021805374236074e-01
3.6128315516282622e-01,2.3000000000000001e-01,3.2277984585066352e-02,9.6772201541493352e-01,1.4668642993093459e+00,1.4668642993093459e+00,0.0000000000000000e+00,1.0000000000000000e+00,3.0000000000000000e+00,1.4257361312475436e-01
3.6521014597981349e-01,2.3250000000000004e-01,3.2975635460040759e-02,9.6702436453995944e-01,1.4644996332729865e+00,1.4644996332729865e+00,0.0000000000000000e+00,1.0000000000000000e+00,3.0000000000000000e+00,1.4493827916111379e-01
3.6913713679680071e-01,2.3500000000000001e-01,3.3680488428452948e-02,9.6631951157154705e-01,1.4621260563717304e+00,1.4621260563717304e+00,0.0000000000000000e+00,1.0000000000000000e+00,3.0000000000000000e+00,1.4731185606236985e-01
3.7306412761378799e-01,2.3750000000000004e-01,3.4392532620598222e-02,9.6560746737940173e-01,1.4597437626674183e+00,1.4597437626674183e+00,0.0000000000000000e+00,1.0000000000000000e+00,3.0000000000000000e+00,1.4969414976668194e-01
3.7699111843077521e-01,2.4000000000000002e-01,3.5111757055874299e-02,9.6488824294412567e-01,1.4573529445293627e+00,1.4573529445293625e+00,0.0000000000000000e+00,1.0000000000000000e+00,3.0000000000000000e+00,1.5208496790473758e-01
3.8091810924776243e-01,2.4249999999999999e-01,3.5838150642950643e-02,9.6416184935704929e-01,1.4549537926678922e+00,1.4549537926678922e+00,0.0000000000000000e+00,1.0000000000000000e+00,3.0000000000000000e+00,1.5448411976620813e-01
3.8484510006474970e-01,2.4500000000000002e-01,3.6571702179939596e-02,9.6342829782006045e-01,1.4525464961667818e+00,1.4525464961667818e+00,0.0000000000000000e+00,1.0000000000000000e+00,3.0000000000000000e+00,1.5689141626731851e-01
3.8877209088173692e-01,2.4750000000000003e-01,3.7312400354568960e-02,9.6268759964543116e-01,1.4501312425146193e+00,1.4501312425146193e+00,0.0000000000000000e+00,1.0000000000000000e+00,3.0000000000000000e+00,1.5930666991948095e-01
3.9269908169872420e-01,2.5000000000000006e-01,3.8060233744356638e-02,9.6193976625564337e-01,1.4477082176351472e+00,1.4477082176351472e+00,0.0000000000000000e+00,1.0000000000000000e+00,3.0000000000000000e+00,1.6172969479895305e-01
3.9662607251571141e-01,2.5250000000000000e-01,3.8815190816786596e-02,9.6118480918321336e-01,1.4452776059166288e+00,1.4452776059166288e+00,0.0000000000000000e+00,1.0000000000000000e+00,3.0000000000000000e+00,1.6416030651747149e-01
4.0055306333269863e-01,2.5500000000000000e-01,3.9577259929486866e-02,9.6042274007051320e-01,1.4428395902402695e+00,1.4428395902402695e+00,0.0000000000000000e+00,1.0000000000000000e+00,3.0000000000000000e+00,1.6659832219383075e-01
4.0448005414968591e-01,2.5750000000000001e-01,4.0346429330409050e-02,9.5965357066959101e-01,1.4403943520077369e+00,1.4403943520077369e+00,0.0000000000000000e+00,1.0000000000000000e+00,3.0000000000000000e+00,1.6904356042636337e-01
4.0840704496667313e-01,2.6000000000000001e-01,4.1122687158009423e-02,9.5887731284199051e-01,1.4379420711678148e+00,1.4379420711678148e+00,0.0000000000000000e+00,1.0000000000000000e+00,3.0000000000000000e+00,1.7149584126628548e-01
4.1233403578366040e-01,2.6250000000000001e-01,4.1906021441432073e-02,9.5809397855856782e-01,1.4354829262422215e+00,1.4354829262422215e+00,0.0000000000000000e+00,1.0000000000000000e+00,3.0000000000000000e+00,1.7395498619187877e-01
4.1626102660064762e-01,2.6500000000000001e-01,4.2696420100693210e-02,9.5730357989930681e-01,1.4330170943506286e+00,1.4330170943506286e+00,0.0000000000000000e+00,1.0000000000000000e+00,3.0000000000000000e+00,1.7642081808347165e-01
4.2018801741763484e-01,2.6750000000000002e-01,4.3493870946867831e-02,9.5650612905313215e-01,1.4305447512349077e+00,1.4305447512349077e+00,0.0000000000000000e+00,1.0000000000000000e+00,3.0000000000000000e+00,1.7889316119919263e-01
4.2411500823462212e-01,2.7000000000000002e-01,4.4298361682277368e-02,9.5570163831772270e-01,1.4280660712826394e+00,1.4280660712826394e+00,0.0000000000000000e+00,1.0000000000000000e+00,3.0000000000000000e+00,1.8137184115146088e-01
4.2804199905160933e-01,2.7250000000000002e-01,4.5109879900679502e-02,9.5489012009932051e-01,1.4255812275499058e+00,1.4255812275499058e+00,0.0000000000000000e+00,1.0000000000000000e+00,3.0000000000000000e+00,1.8385668488419449e-01
4.3196898986859661e-01,2.7500000000000002e-01,4.5928413087459354e-02,9.5407158691254057e-01,1.4230903917834001e+00,1.4230903917834001e+00,0.0000000000000000e+00,1.0000000000000000e+00,3.0000000000000000e+00,1.8634752065070015e-01
4.3589598068558383e-01,2.7750000000000002e-01,4.6753948619822662e-02,9.5324605138017737e-01,1.4205937344418724e+00,1.4205937344418724e+00,0.0000000000000000e+00,1.0000000000000000e+00,3.0000000000000000e+00,1.8884417799222786e-01
4.3982297150257110e-01,2.8000000000000003e-01,4.7586473766990260e-02,9.5241352623300979e-01,1.4180914247169407e+00,1.4180914247169407e+00,0.0000000000000000e+00,1.0000000000000000e+00,3.0000000000000000e+00,1.9134648771715956e-01
4.4374996231955832e-01,2.8250000000000003e-01,4.8425975690394474e-02,9.5157402430960558e-01,1.4155836305532890e+00,1.4155836305532890e+00,0.0000000000000000e+00,1.0000000000000000e+00,3.0000000000000000e+00,1.9385428188081133e-01
4.4767695313654554e-01,2.8500000000000003e-01,4.9272441443877164e-02,9.5072755855612279e-01,1.4130705186682726e+00,1.4130705186682726e+00,0.0000000000000000e+00,1.0000000000000000e+00,3.0000000000000000e+00,1.9636739376582768e-01
4.5160394395353282e-01,2.8750000000000003e-01,5.0125857973889305e-02,9.4987414202611065e-01,1.4105522545709552e+00,1.4105522545709552e+00,0.0000000000000000e+00,1.0000000000000000e+00,3.0000000000000000e+00,1.9888565786314505e-01
4.5553093477052004e-01,2.9000000000000004e-01,5.0986212119692176e-02,9.4901378788030788e-01,1.4080290025805959e+00,1.4080290025805959e+00,0.0000000000000000e+00,1.0000000000000000e+00,3.0000000000000000e+00,2.0140890985350435e-01
4.5945792558750731e-01,2.9250000000000004e-01,5.1853490613560677e-02,9.4814650938643941e-01,1.4055009258446043e+00,1.4055009258446043e+00,0.0000000000000000e+00,1.0000000000000000e+00,3.0000000000000000e+00,2.0393698658949599e-01
4.6338491640449453e-01,2.9500000000000004e-01,5.2727680080987466e-02,9.4727231991901251e-01,1.4029681863559862e+00,1.4029681863559862e+00,0.0000000000000000e+00,1.0000000000000000e+00,3.0000000000000000e+00,2.0646972607811409e-01
4.6731190722148175e-01,2.9749999999999999e-01,5.3608767040889571e-02,9.4639123295911043e-01,1.4004309449702945e+00,1.4004309449702945e+00,0.0000000000000000e+00,1.0000000000000000e+00,3.0000000000000000e+00,2.0900696746380576e-01
4.7123889803846902e-01,3.0000000000000004e-01,5.4496737905816078e-02,9.4550326209418389e-01,1.3978893614221024e+00,1.3978893614221024e+00,0.0000000000000000e+00,1.0000000000000000e+00,3.0000000000000000e+00,2.1154855101199788e-01
4.7516588885545624e-01,3.0250000000000005e-01,5.5391578982157796e-02,9.4460842101784226e-01,1.3953435943410164e+00,1.3953435943410164e+00,0.0000000000000000e+00,1.0000000000000000e+00,3.0000000000000000e+00,2.1409431809308388e-01
4.7909287967244352e-01,3.0500000000000005e-01,5.6293276470358401e-02,9.4370672352964147e-01,1.3927938012672432e+00,1.3927938012672432e+00,0.0000000000000000e+00,1.0000000000000000e+00,3.0000000000000000e+00,2.1664411116685711e-01
4.8301987048943074e-01,3.0750000000000005e-01,5.7201816465127092e-02,9.4279818353487288e-01,1.3902401386667300e+00,1.3902401386667300e+00,0.0000000000000000e+00,1.0000000000000000e+00,3.0000000000000000e+00,2.1919777376737026e-01
4.8694686130641796e-01,3.1000000000000000e-01,5.8117184955653281e-02,9.4188281504434679e-01,1.3876827619458834e+00,1.3876827619458834e+00,0.0000000000000000e+00,1.0000000000000000e+00,3.0000000000000000e+00,2.2175515048821692e-01
4.9087385212340523e-01,3.1250000000000006e-01,5.9039367825822503e-02,9.4096063217417747e-01,1.3851218254658901e+00,1.3851218254658904e+00,0.0000000000000000e+00,1.0000000000000000e+00,3.0000000000000000e+00,2.2431608696821015e-01
4.9480084294039245e-01,3.1500000000000000e-01,5.9968350854434027e-02,9.4003164914556603e-01,1.3825574825566496e+00,1.3825574825566496e+00,0.0000000000000000e+00,1.0000000000000000e+00,3.0000000000000000e+00,2.2688042987745072e-01
4.9872783375737972e-01,3.1750000000000006e-01,6.0904119715420410e-02,9.3909588028457958e-01,1.3799898855303252e+00,1.3799898855303252e+00,0.0000000000000000e+00,1.0000000000000000e+00,3.0000000000000000e+00,2.2944802690377508e-01
5.0265482457436694e-01,3.2000000000000001e-01,6.1846659978068215e-02,9.3815334002193174e-01,1.3774191856945381e+00,1.3774191856945381e+00,0.0000000000000000e+00,1.0000000000000000e+00,3.0000000000000000e+00,2.3201872673956214e-01
5.0658181539135416e-01,3.2250000000000001e-01,6.2795957107240563e-02,9.3720404289275949e-01,1.3748455333652041e+00,1.3748455333652041e+00,0.0000000000000000e+00,1.0000000000000000e+00,3.0000000000000000e+00,2.3459237906889618e-01
5.1050880620834138e-01,3.2500000000000001e-01,6.3751996463601426e-02,9.3624800353639859e-01,1.3722690778790305e+00,1.3722690778790305e+00,0.0000000000000000e+00,1.0000000000000000e+00,3.0000000000000000e+00,2.3716883455506976e-01
5.1443579702532871e-01,3.2750000000000007e-01,6.4714763303841266e-02,9.3528523669615882e-01,1.3696899676056840e+00,1.3696899676056840e+00,0.0000000000000000e+00,1.0000000000000000e+00,3.0000000000000000e+00,2.3974794482841633e-01
5.1836278784231593e-01,3.3000000000000002e-01,6.5684242780904400e-02,9.3431575721909554e-01,1.3671083499596368e+00,1.3671083499596368e+00,0.0000000000000000e+00,1.0000000000000000e+00,3.0000000000000000e+00,2.4232956247446347e-01
5.2228977865930315e-01,3.3250000000000002e-01,6.6660419944217925e-02,9.3333958005578210e-01,1.3645243714117044e+00,1.3645243714117044e+00,0.0000000000000000e+00,1.0000000000000000e+00,3.0000000000000000e+00,2.4491354102239593e-01
5.2621676947629037e-01,3.3500000000000002e-01,6.7643279739922471e-02,9.3235672026007754e-01,1.3619381775002810e+00,1.3619381775002810e+00,0.0000000000000000e+00,1.0000000000000000e+00,3.0000000000000000e+00,2.4749973493381927e-01
5.3014376029327759e-01,3.3750000000000002e-01,6.8632807011104066e-02,9.3136719298889592e-01,1.3593499128422866e+00,1.3593499128422866e+00,0.0000000000000000e+00,1.0000000000000000e+00,3.0000000000000000e+00,2.5008799959181371e-01
5.3407075111026492e-01,3.4000000000000008e-01,6.9628986498028206e-02,9.3037101350197182e-01,1.3567597211438285e+00,1.3567597211438285e+00,0.0000000000000000e+00,1.0000000000000000e+00,3.0000000000000000e+00,2.5267819129027180e-01
5.3799774192725214e-01,3.4250000000000003e-01,7.0631802838374724e-02,9.2936819716162522e-01,1.3541677452105927e+00,1.3541677452105927e+00,0.0000000000000000e+00,1.0000000000000000e+00,3.0000000000000000e+00,2.5527016722350759e-01
5.4192473274423936e-01,3.4500000000000003e-01,7.1641240567475187e-02,9.2835875943252488e-01,1.3515741269579677e+00,1.3515741269579677e+00,0.0000000000000000e+00,1.0000000000000000e+00,3.0000000000000000e+00,2.5786378547613253e-01
5.4585172356122658e-01,3.4750000000000003e-01,7.2657284118551047e-02,9.2734271588144901e-01,1.3489790074209105e+00,1.3489790074209105e+00,0.0000000000000000e+00,1.0000000000000000e+00,3.0000000000000000e+00,2.6045890501318980e-01
5.4977871437821380e-01,3.4999999999999998e-01,7.3679917822953855e-02,9.2632008217704609e-01,1.3463825267635645e+00,1.3463825267635645e+00,0.0000000000000000e+00,1.0000000000000000e+00,3.0000000000000000e+00,2.6305538567053577e-01
5.5370570519520113e-01,3.5250000000000004e-01,7.4709125910406904e-02,9.2529087408959310e-01,1.3437848242886334e+00,1.3437848242886334e+00,0.0000000000000000e+00,1.0000000000000000e+00,3.0000000000000000e+00,2.6565308814546684e-01
5.5763269601218834e-01,3.5500000000000004e-01,7.5744892509248193e-02,9.2425510749075179e-01,1.3411860384465222e+00,1.3411860384465222e+00,0.0000000000000000e+00,1.0000000000000000e+00,3.0000000000000000e+00,2.6825187398757810e-01
5.6155968682917556e-01,3.5750000000000004e-01,7.6787201646675463e-02,9.2321279835332448e-01,1.3385863068442458e+00,1.3385863068442458e+00,0.0000000000000000e+00,1.0000000000000000e+00,3.0000000000000000e+00,2.7085160558985444e-01
5.6548667764616278e-01,3.5999999999999999e-01,7.7836037248992490e-02,9.2216396275100754e-01,1.3359857662541201e+00,1.3359857662541201e+00,0.0000000000000000e+00,1.0000000000000000e+00,3.0000000000000000e+00,2.7345214617998015e-01
5.6941366846315000e-01,3.6249999999999999e-01,7.8891383141856730e-02,9.2110861685814327e-01,1.3333845526222348e+00,1.3333845526222348e+00,0.0000000000000000e+00,1.0000000000000000e+00,3.0000000000000000e+00,2.7605335981186552e-01
5.7334065928013733e-01,3.6500000000000005e-01,7.9953223050529071e-02,9.2004677694947090e-01,1.3307828010767171e+00,1.3307828010767171e+00,0.0000000000000000e+00,1.0000000000000000e+00,3.0000000000000000e+00,2.7865511135738319e-01
5.7726765009712455e-01,3.6750000000000005e-01,8.1021540600124481e-02,9.1897845939987544e-01,1.3281806459357957e+00,1.3281806459357957e+00,0.0000000000000000e+00,1.0000000000000000e+00,3.0000000000000000e+00,2.8125726649830463e-01
5.8119464091411177e-01,3.7000000000000005e-01,8.2096319315864877e-02,9.1790368068413519e-01,1.3255782207156608e+00,1.3255782207156608e+00,0.0000000000000000e+00,1.0000000000000000e+00,3.0000000000000000e+00,2.8385969171843950e-01
5.8512163173109899e-01,3.7250000000000000e-01,8.3177542623332767e-02,9.1682245737666723e-01,1.3229756581381389e+00,1.3229756581381389e+00,0.0000000000000000e+00,1.0000000000000000e+00,3.0000000000000000e+00,2.8646225429596139e-01
5.8904862254808621e-01,3.7500000000000000e-01,8.4265193848727382e-02,9.1573480615127256e-01,1.3203730901381761e+00,1.3203730901381761e+00,0.0000000000000000e+00,1.0000000000000000e+00,3.0000000000000000e+00,2.8906482229592423e-01
5.9297561336507354e-01,3.7750000000000006e-01,8.5359256219121216e-02,9.1464074378087878e-01,1.3177706478711424e+00,1.3177706478711424e+00,0.0000000000000000e+00,1.0000000000000000e+00,3.0000000000000000e+00,2.9166726456295788e-01
5.9690260418206076e-01,3.8000000000000006e-01,8.6459712862719085e-02,9.1354028713728086e-01,1.3151684617199586e+00,1.3151684617199586e+00,0.0000000000000000e+00,1.0000000000000000e+00,3.0000000000000000e+00,2.9426945071414168e-01
6.0082959499904798e-01,3.8250000000000001e-01,8.7566546809118267e-02,9.1243345319088176e-01,1.3125666613020530e+00,1.3125666613020530e+00,0.0000000000000000e+00,1.0000000000000000e+00,3.0000000000000000e+00,2.9687125113204726e-01
6.0475658581603520e-01,3.8500000000000001e-01,8.8679740989570113e-02,9.1132025901042990e-01,1.3099653754761484e+00,1.3099653754761484e+00,0.0000000000000000e+00,1.0000000000000000e+00,3.0000000000000000e+00,2.9947253695795184e-01
6.0868357663302242e-01,3.8750000000000001e-01,8.9799278237243180e-02,9.1020072176275679e-01,1.3073647323488899e+00,1.3073647323488899e+00,0.0000000000000000e+00,1.0000000000000000e+00,3.0000000000000000e+00,3.0207318008521034e-01
6.1261056745000975e-01,3.9000000000000007e-01,9.0925141287488298e-02,9.0907485871251170e-01,1.3047648592813135e+00,1.3047648592813135e+00,0.0000000000000000e+00,1.0000000000000000e+00,3.0000000000000000e+00,3.0467305315278681e-01
6.1653755826699697e-01,3.9250000000000002e-01,9.2057312778104361e-02,9.0794268722189564e-01,1.3021658828951597e+00,1.3021658828951597e+00,0.0000000000000000e+00,1.0000000000000000e+00,3.0000000000000000e+00,3.0727202953894062e-01
6.2046454908398418e-01,3.9500000000000002e-01,9.3195775249606455e-02,9.0680422475039357e-01,1.2995679290790394e+00,1.2995679290790394e+00,0.0000000000000000e+00,1.0000000000000000e+00,3.0000000000000000e+00,3.0986998335506089e-01
6.2439153990097140e-01,3.9750000000000002e-01,9.4340511145494979e-02,9.0565948885450509e-01,1.2969711229944534e+00,1.2969711229944532e+00,0.0000000000000000e+00,1.0000000000000000e+00,3.0000000000000000e+00,3.1246678943964690e-01
6.2831853071795862e-01,4.0000000000000002e-01,9.5491502812526274e-02,9.0450849718747373e-01,1.2943755890816695e+00,1.2943755890816695e+00,0.0000000000000000e+00,1.0000000000000000e+00,3.0000000000000000e+00,3.1506232335243078e-01
6.3224552153494595e-01,4.0250000000000008e-01,9.6648732500985032e-02,9.0335126749901495e-01,1.2917814510654630e+00,1.2917814510654630e+00,0.0000000000000000e+00,1.0000000000000000e+00,3.0000000000000000e+00,3.1765646136863723e-01
6.3617251235193317e-01,4.0500000000000003e-01,9.7812182364957784e-02,9.0218781763504219e-01,1.2891888319607212e+00,1.2891888319607214e+00,0.0000000000000000e+00,1.0000000000000000e+00,3.0000000000000000e+00,3.2024908047337908e-01
6.4009950316892039e-01,4.0750000000000003e-01,9.8981834462608442e-02,9.0101816553739167e-01,1.2865978540779177e+00,1.2865978540779175e+00,0.0000000000000000e+00,1.0000000000000000e+00,3.0000000000000000e+00,3.2284005835618257e-01
6.4402649398590761e-01,4.1000000000000003e-01,1.0015767075645471e-01,8.9984232924354535e-01,1.2840086390284580e+00,1.2840086390284580e+00,0.0000000000000000e+00,1.0000000000000000e+00,3.0000000000000000e+00,3.2542927340564232e-01
6.4795348480289494e-01,4.1250000000000009e-01,1.0133967311364644e-01,8.9866032688635356e-01,1.2814213077299039e+00,1.2814213077299039e+00,0.0000000000000000e+00,1.0000000000000000e+00,3.0000000000000000e+00,3.2801660470419636e-01
6.5188047561988216e-01,4.1500000000000004e-01,1.0252782330624499e-01,8.9747217669375501e-01,1.2788359804110736e+00,1.2788359804110736e+00,0.0000000000000000e+00,1.0000000000000000e+00,3.0000000000000000e+00,3.3060193202302668e-01
6.5580746643686938e-01,4.1750000000000004e-01,1.0372210301150461e-01,8.9627789698849547e-01,1.2762527766170237e+00,1.2762527766170237e+00,0.0000000000000000e+00,1.0000000000000000e+00,3.0000000000000000e+00,3.3318513581707654e-01
6.5973445725385660e-01,4.2000000000000004e-01,1.0492249381215481e-01,8.9507750618784532e-01,1.2736718152139197e+00,1.2736718152139195e+00,0.0000000000000000e+00,1.0000000000000000e+00,3.0000000000000000e+00,3.3576609722018058e-01
6.6366144807084382e-01,4.2249999999999999e-01,1.0612897719668454e-01,8.9387102280331543e-01,1.2710932143937892e+00,1.2710932143937892e+00,0.0000000000000000e+00,1.0000000000000000e+00,3.0000000000000000e+00,3.3834469804031109e-01
6.6758843888783115e-01,4.2500000000000004e-01,1.0734153455962757e-01,8.9265846544037242e-01,1.2685170916791715e+00,1.2685170916791715e+00,0.0000000000000000e+00,1.0000000000000000e+00,3.0000000000000000e+00,3.4092082075492880e-01
6.7151542970481837e-01,4.2750000000000005e-01,1.0856014720184920e-01,8.9143985279815086e-01,1.2659435639276562e+00,1.2659435639276562e+00,0.0000000000000000e+00,1.0000000000000000e+00,3.0000000000000000e+00,3.4349434850644411e-01
6.7544242052180559e-01,4.3000000000000005e-01,1.0978479633083515e-01,8.9021520366916485e-01,1.2633727473363181e+00,1.2633727473363181e+00,0.0000000000000000e+00,1.0000000000000000e+00,3.0000000000000000e+00,3.4606516509778218e-01
6.7936941133879281e-01,4.3250000000000005e-01,1.1101546306098078e-01,8.8898453693901924e-01,1.2608047574460555e+00,1.2608047574460555e+00,0.0000000000000000e+00,1.0000000000000000e+00,3.0000000000000000e+00,3.4863315498804481e-01
6.8329640215578002e-01,4.3500000000000000e-01,1.1225212841388278e-01,8.8774787158611723e-01,1.2582397091458224e+00,1.2582397091458224e+00,0.0000000000000000e+00,1.0000000000000000e+00,3.0000000000000000e+00,3.5119820328827789e-01
6.8722339297276736e-01,4.3750000000000006e-01,1.1349477331863156e-01,8.8650522668136844e-01,1.2556777166767707e+00,1.2556777166767707e+00,0.0000000000000000e+00,1.0000000000000000e+00,3.0000000000000000e+00,3.5376019575732953e-01
6.9115038378975457e-01,4.4000000000000006e-01,1.1474337861210543e-01,8.8525662138789452e-01,1.2531188936362951e+00,1.2531188936362951e+00,0.0000000000000000e+00,1.0000000000000000e+00,3.0000000000000000e+00,3.5631901879780514e-01
6.9507737460674179e-01,4.4250000000000006e-01,1.1599792503926616e-01,8.8400207496073380e-01,1.2505633529819857e+00,1.2505633529819857e+00,0.0000000000000000e+00,1.0000000000000000e+00,3.0000000000000000e+00,3.5887455945211455e-01
6.9900436542372901e-01,4.4500000000000001e-01,1.1725839325345591e-01,8.8274160674654389e-01,1.2480112070354936e+00,1.2480112070354936e+00,0.0000000000000000e+00,1.0000000000000000e+00,3.0000000000000000e+00,3.6142670539860666e-01
7.0293135624071623e-01,4.4750000000000001e-01,1.1852476381669561e-01,8.8147523618330437e-01,1.2454625674863071e+00,1.2454625674863071e+00,0.0000000000000000e+00,1.0000000000000000e+00,3.0000000000000000e+00,3.6397534494779316e-01
7.0685834705770356e-01,4.5000000000000007e-01,1.1979701719998458e-01,8.8020298280001563e-01,1.2429175453954429e+00,1.2429175453954426e+00,0.0000000000000000e+00,1.0000000000000000e+00,3.0000000000000000e+00,3.6652036703865742e-01
7.1078533787469078e-01,4.5250000000000007e-01,1.2107513378360167e-01,8.7892486621639843e-01,1.2403762511990544e+00,1.2403762511990544e+00,0.0000000000000000e+00,1.0000000000000000e+00,3.0000000000000000e+00,3.6906166123504591e-01
7.1471232869167800e-01,4.5500000000000002e-01,1.2235909385740820e-01,8.7764090614259171e-01,1.2378387947119598e+00,1.2378387947119598e+00,0.0000000000000000e+00,1.0000000000000000e+00,3.0000000000000000e+00,3.7159911772214049e-01
7.1863931950866522e-01,4.5750000000000002e-01,1.2364887762115144e-01,8.7635112237884849e-01,1.2353052851310879e+00,1.2353052851310879e+00,0.0000000000000000e+00,1.0000000000000000e+00,3.0000000000000000e+00,3.7413262730301233e-01
7.2256631032565244e-01,4.6000000000000002e-01,1.2494446518477018e-01,8.7505553481522980e-01,1.2327758310388499e+00,1.2327758310388499e+00,0.0000000000000000e+00,1.0000000000000000e+00,3.0000000000000000e+00,3.7666208139525037e-01
7.2649330114263977e-01,4.6250000000000008e-01,1.2624583656870164e-01,8.7375416343129841e-01,1.2302505404064321e+00,1.2302505404064321e+00,0.0000000000000000e+00,1.0000000000000000e+00,3.0000000000000000e+00,3.7918737202766817e-01
7.3042029195962699e-01,4.6500000000000008e-01,1.2755297170418900e-01,8.7244702829581089e-01,1.2277295205970185e+00,1.2277295205970187e+00,0.0000000000000000e+00,1.0000000000000000e+00,3.0000000000000000e+00,3.8170839183708183e-01
7.3434728277661421e-01,4.6750000000000003e-01,1.2886585043359156e-01,8.7113414956640844e-01,1.2252128783689384e+00,1.2252128783689384e+00,0.0000000000000000e+00,1.0000000000000000e+00,3.0000000000000000e+00,3.8422503406516184e-01
7.3827427359360143e-01,4.7000000000000003e-01,1.3018445251069516e-01,8.6981554748930490e-01,1.2227007198787443e+00,1.2227007198787443e+00,0.0000000000000000e+00,1.0000000000000000e+00,3.0000000000000000e+00,3.8673719255535599e-01
7.4220126441058865e-01,4.7250000000000003e-01,1.3150875760102462e-01,8.6849124239897535e-01,1.2201931506842205e+00,1.2201931506842205e+00,0.0000000000000000e+00,1.0000000000000000e+00,3.0000000000000000e+00,3.8924476174987976e-01
7.4612825522757598e-01,4.7500000000000009e-01,1.3283874528215728e-01,8.6716125471784278e-01,1.2176902757473269e+00,1.2176902757473269e+00,0.0000000000000000e+00,1.0000000000000000e+00,3.0000000000000000e+00,3.9174763668677337e-01
7.5005524604456320e-01,4.7750000000000004e-01,1.3417439504403766e-01,8.6582560495596239e-01,1.2151921994370738e+00,1.2151921994370736e+00,0.0000000000000000e+00,1.0000000000000000e+00,3.0000000000000000e+00,3.9424571299702649e-01
7.5398223686155041e-01,4.8000000000000004e-01,1.3551568628929422e-01,8.6448431371070589e-01,1.2126990255323342e+00,1.2126990255323342e+00,0.0000000000000000e+00,1.0000000000000000e+00,3.0000000000000000e+00,3.9673888690176606e-01
7.5790922767853763e-01,4.8250000000000004e-01,1.3686259833355680e-01,8.6313740166644315e-01,1.2102108572245933e+00,1.2102108572245935e+00,0.0000000000000000e+00,1.0000000000000000e+00,3.0000000000000000e+00,3.9922705520950696e-01
7.6183621849552485e-01,4.8499999999999999e-01,1.3821511040577533e-01,8.6178488959422461e-01,1.2077277971206377e+00,1.2077277971206377e+00,0.0000000000000000e+00,1.0000000000000000e+00,3.0000000000000000e+00,4.0171011531346257e-01
7.6576320931251218e-01,4.8750000000000004e-01,1.3957320164854062e-01,8.6042679835145941e-01,1.2052499472451812e+00,1.2052499472451812e+00,0.0000000000000000e+00,1.0000000000000000e+00,3.0000000000000000e+00,4.0418796518891908e-01
7.6969020012949940e-01,4.9000000000000005e-01,1.4093685111840559e-01,8.5906314888159452e-01,1.2027774090434367e+00,1.2027774090434367e+00,0.0000000000000000e+00,1.0000000000000000e+00,3.0000000000000000e+00,4.0666050339066362e-01
7.7361719094648662e-01,4.9250000000000005e-01,1.4230603778620854e-01,8.5769396221379146e-01,1.2003102833836277e+00,1.2003102833836277e+00,0.0000000000000000e+00,1.0000000000000000e+00,3.0000000000000000e+00,4.0912762905047262e-01
7.7754418176347384e-01,4.9500000000000005e-01,1.4368074053739732e-01,8.5631925946260257e-01,1.1978486705594444e+00,1.1978486705594444e+00,0.0000000000000000e+00,1.0000000000000000e+00,3.0000000000000000e+00,4.1158924187465584e-01
7.8147117258046106e-01,4.9750000000000000e-01,1.4506093817235488e-01,8.5493906182764512e-01,1.1953926702924473e+00,1.1953926702924473e+00,0.0000000000000000e+00,1.0000000000000000e+00,3.0000000000000000e+00,4.1404524214165295e-01
7.8539816339744839e-01,5.0000000000000011e-01,1.4644660940672632e-01,8.5355339059327373e-01,1.1929423817344127e+00,1.1929423817344129e+00,0.0000000000000000e+00,1.0000000000000000e+00,3.0000000000000000e+00,4.1649553069968759e-01
7.8932515421443561e-01,5.0250000000000006e-01,1.4783773287174690e-01,8.5216226712825316e-01,1.1904979034696321e+00,1.1904979034696319e+00,0.0000000000000000e+00,1.0000000000000000e+00,3.0000000000000000e+00,4.1894000896446815e-01
7.9325214503142283e-01,5.0500000000000000e-01,1.4923428711457221e-01,8.5076571288542779e-01,1.1880593335171539e+00,1.1880593335171539e+00,0.0000000000000000e+00,1.0000000000000000e+00,3.0000000000000000e+00,4.2137857891694641e-01
7.9717913584841005e-01,5.0750000000000006e-01,1.5063625059860783e-01,8.4936374940139214e-01,1.1856267693329816e+00,1.1856267693329816e+00,0.0000000000000000e+00,1.0000000000000000e+00,3.0000000000000000e+00,4.2381114310111867e-01
8.0110612666539727e-01,5.1000000000000001e-01,1.5204360170384285e-01,8.4795639829615710e-01,1.1832003078122180e+00,1.1832003078122180e+00,0.0000000000000000e+00,1.0000000000000000e+00,3.0000000000000000e+00,4.2623760462188232e-01
8.0503311748238460e-01,5.1250000000000007e-01,1.5345631872718207e-01,8.4654368127281798e-01,1.1807800452911641e+00,1.1807800452911641e+00,0.0000000000000000e+00,1.0000000000000000e+00,3.0000000000000000e+00,4.2865786714293619e-01
8.0896010829937182e-01,5.1500000000000001e-01,1.5487437988278152e-01,8.4512562011721859e-01,1.1783660775493705e+00,1.1783660775493705e+00,0.0000000000000000e+00,1.0000000000000000e+00,3.0000000000000000e+00,4.3107183488472978e-01
8.1288709911635904e-01,5.1750000000000007e-01,1.5629776330238368e-01,8.4370223669761635e-01,1.1759584998116444e+00,1.1759584998116444e+00,0.0000000000000000e+00,1.0000000000000000e+00,3.0000000000000000e+00,4.3347941262245593e-01
8.1681408993334625e-01,5.2000000000000002e-01,1.5772644703565569e-01,8.4227355296434436e-01,1.1735574067500092e+00,1.1735574067500092e+00,0.0000000000000000e+00,1.0000000000000000e+00,3.0000000000000000e+00,4.3588050568409109e-01
8.2074108075033347e-01,5.2249999999999996e-01,1.5916040905052686e-01,8.4083959094947314e-01,1.1711628924856239e+00,1.1711628924856239e+00,0.0000000000000000e+00,1.0000000000000000e+00,3.0000000000000000e+00,4.3827501994847640e-01
8.2466807156732080e-01,5.2500000000000002e-01,1.6059962723352916e-01,8.3940037276647073e-01,1.1687750505906553e+00,1.1687750505906556e+00,0.0000000000000000e+00,1.0000000000000000e+00,3.0000000000000000e+00,4.4066286184344494e-01
8.2859506238430802e-01,5.2750000000000008e-01,1.6204407939013768e-01,8.3795592060986235e-01,1.1663939740901146e+00,1.1663939740901146e+00,0.0000000000000000e+00,1.0000000000000000e+00,3.0000000000000000e+00,4.4304393834398570e-01
8.3252205320129524e-01,5.3000000000000003e-01,1.6349374324511332e-01,8.3650625675488666e-01,1.1640197554636449e+00,1.1640197554636447e+00,0.0000000000000000e+00,1.0000000000000000e+00,3.0000000000000000e+00,4.4541815697045539e-01
8.3644904401828246e-01,5.3249999999999997e-01,1.6494859644284623e-01,8.3505140355715379e-01,1.1616524866472759e+00,1.1616524866472759e+00,0.0000000000000000e+00,1.0000000000000000e+00,3.0000000000000000e+00,4.4778542578682434e-01
8.4037603483526968e-01,5.3500000000000003e-01,1.6640861654770017e-01,8.3359138345229977e-01,1.1592922590351360e+00,1.1592922590351362e+00,0.0000000000000000e+00,1.0000000000000000e+00,3.0000000000000000e+00,4.5014565339896428e-01
8.4430302565225701e-01,5.3750000000000009e-01,1.6787378104435915e-01,8.3212621895564087e-01,1.1569391634811266e+00,1.1569391634811266e+00,0.0000000000000000e+00,1.0000000000000000e+00,3.0000000000000000e+00,4.5249874895297371e-01
8.4823001646924423e-01,5.4000000000000004e-01,1.6934406733817411e-01,8.3065593266182591e-01,1.1545932903005576e+00,1.1545932903005578e+00,0.0000000000000000e+00,1.0000000000000000e+00,3.0000000000000000e+00,4.5484462213354271e-01
8.5215700728623145e-01,5.4250000000000009e-01,1.7081945275551141e-01,8.2918054724448842e-01,1.1522547292717498e+00,1.1522547292717498e+00,0.0000000000000000e+00,1.0000000000000000e+00,3.0000000000000000e+00,4.5718318316235051e-01
8.5608399810321867e-01,5.4500000000000004e-01,1.7229991454410309e-01,8.2770008545589691e-01,1.1499235696375965e+00,1.1499235696375965e+00,0.0000000000000000e+00,1.0000000000000000e+00,3.0000000000000000e+00,4.5951434279650383e-01
8.6001098892020589e-01,5.4749999999999999e-01,1.7378542987339662e-01,8.2621457012660338e-01,1.1475999001070940e+00,1.1475999001070940e+00,0.0000000000000000e+00,1.0000000000000000e+00,3.0000000000000000e+00,4.6183801232700628e-01
8.6393797973719322e-01,5.5000000000000004e-01,1.7527597583490823e-01,8.2472402416509172e-01,1.1452838088568347e+00,1.1452838088568347e+00,0.0000000000000000e+00,1.0000000000000000e+00,3.0000000000000000e+00,4.6415410357726561e-01
8.6786497055418044e-01,5.5250000000000010e-01,1.7677152944257513e-01,8.2322847055742487e-01,1.1429753835324696e+00,1.1429753835324699e+00,0.0000000000000000e+00,1.0000000000000000e+00,3.0000000000000000e+00,4.6646252890163065e-01
8.7179196137116766e-01,5.5500000000000005e-01,1.7827206763311051e-01,8.2172793236688946e-01,1.1406747112501350e+00,1.1406747112501350e+00,0.0000000000000000e+00,1.0000000000000000e+00,3.0000000000000000e+00,4.6876320118396531e-01
8.7571895218815488e-01,5.5750000000000000e-01,1.7977756726635946e-01,8.2022243273364048e-01,1.1383818785978470e+00,1.1383818785978470e+00,0.0000000000000000e+00,1.0000000000000000e+00,3.0000000000000000e+00,4.7105603383625327e-01
8.7964594300514221e-01,5.6000000000000005e-01,1.8128800512565513e-01,8.1871199487434487e-01,1.1360969716368676e+00,1.1360969716368676e+00,0.0000000000000000e+00,1.0000000000000000e+00,3.0000000000000000e+00,4.7334094079723266e-01
8.8357293382212942e-01,5.6250000000000011e-01,1.8280335791817726e-01,8.1719664208182274e-01,1.1338200759030359e+00,1.1338200759030359e+00,0.0000000000000000e+00,1.0000000000000000e+00,3.0000000000000000e+00,4.7561783653106438e-01
8.8749992463911664e-01,5.6500000000000006e-01,1.8432360227531114e-01,8.1567639772468870e-01,1.1315512764080713e+00,1.1315512764080713e+00,0.0000000000000000e+00,1.0000000000000000e+00,3.0000000000000000e+00,4.7788663602602899e-01
8.9142691545610386e-01,5.6750000000000000e-01,1.8584871475300824e-01,8.1415128524699176e-01,1.1292906576408472e+00,1.1292906576408472e+00,0.0000000000000000e+00,1.0000000000000000e+00,3.0000000000000000e+00,4.8014725479325304e-01
8.9535390627309108e-01,5.7000000000000006e-01,1.8737867183214743e-01,8.1262132816785260e-01,1.1270383035686338e+00,1.1270383035686338e+00,0.0000000000000000e+00,1.0000000000000000e+00,3.0000000000000000e+00,4.8239960886546651e-01
8.9928089709007841e-01,5.7250000000000012e-01,1.8891344991889802e-01,8.1108655008110198e-01,1.1247942976383145e+00,1.1247942976383145e+00,0.0000000000000000e+00,1.0000000000000000e+00,3.0000000000000000e+00,4.8464361479578577e-01
9.0320788790706563e-01,5.7500000000000007e-01,1.9045302534508302e-01,8.0954697465491687e-01,1.1225587227775735e+00,1.1225587227775735e+00,0.0000000000000000e+00,1.0000000000000000e+00,3.0000000000000000e+00,4.8687918965652677e-01
9.0713487872405285e-01,5.7750000000000001e-01,1.9199737436854514e-01,8.0800262563145497e-01,1.1203316613960563e+00,1.1203316613960563e+00,0.0000000000000000e+00,1.0000000000000000e+00,3.0000000000000000e+00,4.8910625103804395e-01
9.1106186954104007e-01,5.8000000000000007e-01,1.9354647317351176e-01,8.0645352682648830e-01,1.1181131953865036e+00,1.1181131953865036e+00,0.0000000000000000e+00,1.0000000000000000e+00,3.0000000000000000e+00,4.9132471704759673e-01
9.1498886035802729e-01,5.8250000000000002e-01,1.9510029787096311e-01,8.0489970212903694e-01,1.1159034061258593e+00,1.1159034061258593e+00,0.0000000000000000e+00,1.0000000000000000e+00,3.0000000000000000e+00,4.9353450630824103e-01
9.1891585117501462e-01,5.8500000000000008e-01,1.9665882449900024e-01,8.0334117550099982e-01,1.1137023744763523e+00,1.1137023744763523e+00,0.0000000000000000e+00,1.0000000000000000e+00,3.0000000000000000e+00,4.9573553795774794e-01
9.2284284199200184e-01,5.8750000000000002e-01,1.9822202902321429e-01,8.0177797097678560e-01,1.1115101807865546e+00,1.1115101807865546e+00,0.0000000000000000e+00,1.0000000000000000e+00,3.0000000000000000e+00,4.9792773164754567e-01
9.2676983280898906e-01,5.9000000000000008e-01,1.9978988733705805e-01,8.0021011266294195e-01,1.1093269048924133e+00,1.1093269048924133e+00,0.0000000000000000e+00,1.0000000000000000e+00,3.0000000000000000e+00,5.0011100754168702e-01
9.3069682362597628e-01,5.9250000000000003e-01,2.0136237526221645e-01,7.9863762473778332e-01,1.1071526261182587e+00,1.1071526261182589e+00,0.0000000000000000e+00,1.0000000000000000e+00,3.0000000000000000e+00,5.0228528631584157e-01
9.3462381444296350e-01,5.9499999999999997e-01,2.0293946854898076e-01,7.9706053145101929e-01,1.1049874232777919e+00,1.1049874232777919e+00,0.0000000000000000e+00,1.0000000000000000e+00,3.0000000000000000e+00,5.0445048915630841e-01
9.3855080525995083e-01,5.9750000000000003e-01,2.0452114287662138e-01,7.9547885712337862e-01,1.1028313746750442e+00,1.1028313746750444e+00,0.0000000000000000e+00,1.0000000000000000e+00,3.0000000000000000e+00,5.0660653775905606e-01
9.4247779607693805e-01,6.0000000000000009e-01,2.0610737385376349e-01,7.9389262614623657e-01,1.1006845581053193e+00,1.1006845581053191e+00,0.0000000000000000e+00,1.0000000000000000e+00,3.0000000000000000e+00,5.0875335432878099e-01
9.4640478689392527e-01,6.0250000000000004e-01,2.0769813701876325e-01,7.9230186298123684e-01,1.0985470508561090e+00,1.0985470508561090e+00,0.0000000000000000e+00,1.0000000000000000e+00,3.0000000000000000e+00,5.1089086157799124e-01
9.5033177771091248e-01,6.0500000000000009e-01,2.0929340784008471e-01,7.9070659215991523e-01,1.0964189297079912e+00,1.0964189297079912e+00,0.0000000000000000e+00,1.0000000000000000e+00,3.0000000000000000e+00,5.1301898272610913e-01
9.5425876852789970e-01,6.0750000000000004e-01,2.1089316171667852e-01,7.8910683828332151e-01,1.0943002709355030e+00,1.0943002709355030e+00,0.0000000000000000e+00,1.0000000000000000e+00,3.0000000000000000e+00,5.1513764149859731e-01
9.5818575934488703e-01,6.1000000000000010e-01,2.1249737397836077e-01,7.8750262602163923e-01,1.0921911503079966e+00,1.0921911503079966e+00,0.0000000000000000e+00,1.0000000000000000e+00,3.0000000000000000e+00,5.1724676212610365e-01
9.6211275016187425e-01,6.1250000000000004e-01,2.1410601988619393e-01,7.8589398011380607e-01,1.0900916430904726e+00,1.0900916430904726e+00,0.0000000000000000e+00,1.0000000000000000e+00,3.0000000000000000e+00,5.1934626934362771e-01
9.6603974097886147e-01,6.1500000000000010e-01,2.1571907463286805e-01,7.8428092536713190e-01,1.0880018240443938e+00,1.0880018240443938e+00,0.0000000000000000e+00,1.0000000000000000e+00,3.0000000000000000e+00,5.2143608838970645e-01
9.6996673179584869e-01,6.1750000000000005e-01,2.1733651334308357e-01,7.8266348665691643e-01,1.0859217674284811e+00,1.0859217674284811e+00,0.0000000000000000e+00,1.0000000000000000e+00,3.0000000000000000e+00,5.2351614500561916e-01
9.7389372261283591e-01,6.2000000000000000e-01,2.1895831107393471e-01,7.8104168892606529e-01,1.0838515469994876e+00,1.0838515469994876e+00,0.0000000000000000e+00,1.0000000000000000e+00,3.0000000000000000e+00,5.2558636543461268e-01
9.7782071342982324e-01,6.2250000000000005e-01,2.2058444281529421e-01,7.7941555718470579e-01,1.0817912360129569e+00,1.0817912360129569e+00,0.0000000000000000e+00,1.0000000000000000e+00,3.0000000000000000e+00,5.2764667642114338e-01
9.8174770424681046e-01,6.2500000000000011e-01,2.2221488349019894e-01,7.7778511650980109e-01,1.0797409072239619e+00,1.0797409072239619e+00,0.0000000000000000e+00,1.0000000000000000e+00,3.0000000000000000e+00,5.2969700521013841e-01
9.8567469506379768e-01,6.2750000000000006e-01,2.2384960795523670e-01,7.7615039204476333e-01,1.0777006328878254e+00,1.0777006328878254e+00,0.0000000000000000e+00,1.0000000000000000e+00,3.0000000000000000e+00,5.3173727954627492e-01
9.8960168588078490e-01,6.3000000000000000e-01,2.2548859100093416e-01,7.7451140899906590e-01,1.0756704847608229e+00,1.0756704847608229e+00,0.0000000000000000e+00,1.0000000000000000e+00,3.0000000000000000e+00,5.3376742767327734e-01
9.9352867669777212e-01,6.3250000000000006e-01,2.2713180735214511e-01,7.7286819264785489e-01,1.0736505341008706e+00,1.0736505341008706e+00,0.0000000000000000e+00,1.0000000000000000e+00,3.0000000000000000e+00,5.3578737833322965e-01
9.9745566751475945e-01,6.3500000000000012e-01,2.2877923166844066e-01,7.7122076833155928e-01,1.0716408516681937e+00,1.0716408516681937e+00,0.0000000000000000e+00,1.0000000000000000e+00,3.0000000000000000e+00,5.3779706076590661e-01
1.0013826583317467e+00,6.3750000000000007e-01,2.3043083854449997e-01,7.6956916145550003e-01,1.0696415077259798e+00,1.0696415077259800e+00,0.0000000000000000e+00,1.0000000000000000e+00,3.0000000000000000e+00,5.3979640470812051e-01
1.0053096491487339e+00,6.4000000000000001e-01,2.3208660251050167e-01,7.6791339748949827e-01,1.0676525720410168e+00,1.0676525720410168e+00,0.0000000000000000e+00,1.0000000000000000e+00,3.0000000000000000e+00,5.4178534039308346e-01
1.0092366399657211e+00,6.4250000000000007e-01,2.3374649803251746e-01,7.6625350196748254e-01,1.0656741138843127e+00,1.0656741138843127e+00,0.0000000000000000e+00,1.0000000000000000e+00,3.0000000000000000e+00,5.4376379854978762e-01
1.0131636307827083e+00,6.4500000000000002e-01,2.3541049951290477e-01,7.6458950048709529e-01,1.0637062020317032e+00,1.0637062020317032e+00,0.0000000000000000e+00,1.0000000000000000e+00,3.0000000000000000e+00,5.4573171040239710e-01
1.0170906215996955e+00,6.4749999999999996e-01,2.3707858129070222e-01,7.6292141870929775e-01,1.0617489047644413e+00,1.0617489047644413e+00,0.0000000000000000e+00,1.0000000000000000e+00,3.0000000000000000e+00,5.4768900766965900e-01
1.0210176124166828e+00,6.5000000000000002e-01,2.3875071764202560e-01,7.6124928235797440e-01,1.0598022898697743e+00,1.0598022898697743e+00,0.0000000000000000e+00,1.0000000000000000e+00,3.0000000000000000e+00,5.4963562256432597e-01
1.0249446032336702e+00,6.5250000000000008e-01,2.4042688278046365e-01,7.5957311721953635e-01,1.0578664246415048e+00,1.0578664246415048e+00,0.0000000000000000e+00,1.0000000000000000e+00,3.0000000000000000e+00,5.5157148779259546e-01
1.0288715940506574e+00,6.5500000000000014e-01,2.4210705085747641e-01,7.5789294914252370e-01,1.0559413758805389e+00,1.0559413758805389e+00,0.0000000000000000e+00,1.0000000000000000e+00,3.0000000000000000e+00,5.5349653655356135e-01
1.0327985848676446e+00,6.5750000000000008e-01,2.4379119596279358e-01,7.5620880403720636e-01,1.0540272098954184e+00,1.0540272098954184e+00,0.0000000000000000e+00,1.0000000000000000e+00,3.0000000000000000e+00,5.5541070253868186e-01
1.0367255756846319e+00,6.6000000000000003e-01,2.4547929212481440e-01,7.5452070787518566e-01,1.0521239925028429e+00,1.0521239925028429e+00,0.0000000000000000e+00,1.0000000000000000e+00,3.0000000000000000e+00,5.5731391993125734e-01
1.0406525665016191e+00,6.6250000000000009e-01,2.4717131331100772e-01,7.5282868668899228e-01,1.0502317890281749e+00,1.0502317890281749e+00,0.0000000000000000e+00,1.0000000000000000e+00,3.0000000000000000e+00,5.5920612340592535e-01
1.0445795573186063e+00,6.6500000000000004e-01,2.4886723342831379e-01,7.5113276657168626e-01,1.0483506643059344e+00,1.0483506643059344e+00,0.0000000000000000e+00,1.0000000000000000e+00,3.0000000000000000e+00,5.6108724812816591e-01
1.0485065481355935e+00,6.6750000000000009e-01,2.5056702632354633e-01,7.4943297367645367e-01,1.0464806826802795e+00,1.0464806826802795e+00,0.0000000000000000e+00,1.0000000000000000e+00,3.0000000000000000e+00,5.6295722975382079e-01
1.0524335389525807e+00,6.7000000000000004e-01,2.5227066578379626e-01,7.4772933421620380e-01,1.0446219080054755e+00,1.0446219080054755e+00,0.0000000000000000e+00,1.0000000000000000e+00,3.0000000000000000e+00,5.6481600442862478e-01
1.0563605297695680e+00,6.7249999999999999e-01,2.5397812553683546e-01,7.4602187446316448e-01,1.0427744036463513e+00,1.0427744036463513e+00,0.0000000000000000e+00,1.0000000000000000e+00,3.0000000000000000e+00,5.6666350878774896e-01
1.0602875205865552e+00,6.7500000000000004e-01,2.5568937925152252e-01,7.4431062074847754e-01,1.0409382324787435e+00,1.0409382324787435e+00,0.0000000000000000e+00,1.0000000000000000e+00,3.0000000000000000e+00,5.6849967995535677e-01
1.0642145114035426e+00,6.7750000000000010e-01,2.5740440053820818e-01,7.4259559946179188e-01,1.0391134568899292e+00,1.0391134568899292e+00,0.0000000000000000e+00,1.0000000000000000e+00,3.0000000000000000e+00,5.7032445554417111e-01
1.0681415022205298e+00,6.8000000000000016e-01,2.5912316294914239e-01,7.4087683705085761e-01,1.0373001387790484e+00,1.0373001387790484e+00,0.0000000000000000e+00,1.0000000000000000e+00,3.0000000000000000e+00,5.7213777365505192e-01
1.0720684930375171e+00,6.8250000000000011e-01,2.6084563997888277e-01,7.3915436002111723e-01,1.0354983395575130e+00,1.0354983395575130e+00,0.0000000000000000e+00,1.0000000000000000e+00,3.0000000000000000e+00,5.7393957287658726e-01
1.0759954838545043e+00,6.8500000000000005e-01,2.6257180506470273e-01,7.3742819493529721e-01,1.0337081201494067e+00,1.0337081201494067e+00,0.0000000000000000e+00,1.0000000000000000e+00,3.0000000000000000e+00,5.7572979228469356e-01
1.0799224746714915e+00,6.8750000000000011e-01,2.6430163158700126e-01,7.3569836841299874e-01,1.0319295409918738e+00,1.0319295409918738e+00,0.0000000000000000e+00,1.0000000000000000e+00,3.0000000000000000e+00,5.7750837144222644e-01
1.0838494654884787e+00,6.9000000000000006e-01,2.6603509286971333e-01,7.3396490713028673e-01,1.0301626620354971e+00,1.0301626620354971e+00,0.0000000000000000e+00,1.0000000000000000e+00,3.0000000000000000e+00,5.7927525039860317e-01
1.0877764563054659e+00,6.9250000000000000e-01,2.6777216218072175e-01,7.3222783781927825e-01,1.0284075427446655e+00,1.0284075427446655e+00,0.0000000000000000e+00,1.0000000000000000e+00,3.0000000000000000e+00,5.8103036968943478e-01
1.0917034471224532e+00,6.9500000000000006e-01,2.6951281273226879e-01,7.3048718726773121e-01,1.0266642420979326e+00,1.0266642420979326e+00,0.0000000000000000e+00,1.0000000000000000e+00,3.0000000000000000e+00,5.8277367033616767e-01
1.0956304379394404e+00,6.9750000000000001e-01,2.7125701768136984e-01,7.2874298231863022e-01,1.0249328185883644e+00,1.0249328185883644e+00,0.0000000000000000e+00,1.0000000000000000e+00,3.0000000000000000e+00,5.8450509384573590e-01
1.0995574287564276e+00,6.9999999999999996e-01,2.7300475013022663e-01,7.2699524986977337e-01,1.0232133302238773e+00,1.0232133302238773e+00,0.0000000000000000e+00,1.0000000000000000e+00,3.0000000000000000e+00,5.8622458221022300e-01
1.1034844195734150e+00,7.0250000000000012e-01,2.7475598312664301e-01,7.2524401687335704e-01,1.0215058345275683e+00,1.0215058345275683e+00,0.0000000000000000e+00,1.0000000000000000e+00,3.0000000000000000e+00,5.8793207790653201e-01
1.1074114103904023e+00,7.0500000000000007e-01,2.7651068966443948e-01,7.2348931033556052e-01,1.0198103885380347e+00,1.0198103885380347e+00,0.0000000000000000e+00,1.0000000000000000e+00,3.0000000000000000e+00,5.8962752389606554e-01
1.1113384012073895e+00,7.0750000000000013e-01,2.7826884268387075e-01,7.2173115731612913e-01,1.0181270488096841e+00,1.0181270488096841e+00,0.0000000000000000e+00,1.0000000000000000e+00,3.0000000000000000e+00,5.9131086362441621e-01
1.1152653920243767e+00,7.1000000000000008e-01,2.8003041507204252e-01,7.1996958492795748e-01,1.0164558714130376e+00,1.0164558714130376e+00,0.0000000000000000e+00,1.0000000000000000e+00,3.0000000000000000e+00,5.9298204102106267e-01
1.1191923828413639e+00,7.1250000000000002e-01,2.8179537966332902e-01,7.1820462033667098e-01,1.0147969119350237e+00,1.0147969119350237e+00,0.0000000000000000e+00,1.0000000000000000e+00,3.0000000000000000e+00,5.9464100049907653e-01
1.1231193736583511e+00,7.1500000000000008e-01,2.8356370923979302e-01,7.1643629076020687e-01,1.0131502254792628e+00,1.0131502254792628e+00,0.0000000000000000e+00,1.0000000000000000e+00,3.0000000000000000e+00,5.9628768695483747e-01
1.1270463644753383e+00,7.1750000000000003e-01,2.8533537653160507e-01,7.1466462346839499e-01,1.0115158666663446e+00,1.0115158666663446e+00,0.0000000000000000e+00,1.0000000000000000e+00,3.0000000000000000e+00,5.9792204576775565e-01
1.1309733552923256e+00,7.1999999999999997e-01,2.8711035421746373e-01,7.1288964578253633e-01,1.0098938896340972e+00,1.0098938896340972e+00,0.0000000000000000e+00,1.0000000000000000e+00,3.0000000000000000e+00,5.9954402280000307e-01
1.1349003461093128e+00,7.2250000000000003e-01,2.8888861492501738e-01,7.1111138507498273e-01,1.0082843480378489e+00,1.0082843480378489e+00,0.0000000000000000e+00,1.0000000000000000e+00,3.0000000000000000e+00,6.0115356439625134e-01
1.1388273369263000e+00,7.2499999999999998e-01,2.9067013123128593e-01,7.0932986876871407e-01,1.0066872950506807e+00,1.0066872950506807e+00,0.0000000000000000e+00,1.0000000000000000e+00,3.0000000000000000e+00,6.0275061738341962e-01
1.1427543277432874e+00,7.2750000000000015e-01,2.9245487566308448e-01,7.0754512433691552e-01,1.0051027833636730e+00,1.0051027833636730e+00,0.0000000000000000e+00,1.0000000000000000e+00,3.0000000000000000e+00,6.0433512907042730e-01
1.1466813185602747e+00,7.3000000000000009e-01,2.9424282069744562e-01,7.0575717930255433e-01,1.0035308651861459e+00,1.0035308651861459e+00,0.0000000000000000e+00,1.0000000000000000e+00,3.0000000000000000e+00,6.0590704724795441e-01
1.1506083093772619e+00,7.3250000000000015e-01,2.9603393876204548e-01,7.0396606123795458e-01,1.0019715922458876e+00,1.0019715922458876e+00,0.0000000000000000e+00,1.0000000000000000e+00,3.0000000000000000e+00,6.0746632018821267e-01
1.1545353001942491e+00,7.3500000000000010e-01,2.9782820223562761e-01,7.0217179776437244e-01,1.0004250157893821e+00,1.0004250157893821e+00,0.0000000000000000e+00,1.0000000000000000e+00,3.0000000000000000e+00,6.0901289664471814e-01
1.1584622910112363e+00,7.3750000000000004e-01,2.9962558344842960e-01,7.0037441655157040e-01,9.9889118658202625e-01,9.9889118658202625e-01,0.0000000000000000e+00,1.0000000000000000e+00,3.0000000000000000e+00,6.1054672585207403e-01
1.1623892818282235e+00,7.4000000000000010e-01,3.0142605468260975e-01,6.9857394531739025e-01,9.9737015490834025e-01,9.9737015490834025e-01,0.0000000000000000e+00,1.0000000000000000e+00,3.0000000000000000e+00,6.1206775752576004e-01
1.1663162726452108e+00,7.4250000000000005e-01,3.0322958817267437e-01,6.9677041182732569e-01,9.9586197057217341e-01,9.9586197057217341e-01,0.0000000000000000e+00,1.0000000000000000e+00,3.0000000000000000e+00,6.1357594186192688e-01
1.1702432634621980e+00,7.4500000000000000e-01,3.0503615610590590e-01,6.9496384389409416e-01,9.9436668289690211e-01,9.9436668289690211e-01,0.0000000000000000e+00,1.0000000000000000e+00,3.0000000000000000e+00,6.1507122953719817e-01
1.1741702542791852e+00,7.4750000000000005e-01,3.0684573062279208e-01,6.9315426937720792e-01,9.9288434072562204e-01,9.9288434072562215e-01,0.0000000000000000e+00,1.0000000000000000e+00,3.0000000000000000e+00,6.1655357170847824e-01
1.1780972450961724e+00,7.5000000000000000e-01,3.0865828381745508e-01,6.9134171618254492e-01,9.9141499242133502e-01,9.9141499242133502e-01,0.0000000000000000e+00,1.0000000000000000e+00,3.0000000000000000e+00,6.1802292001276526e-01
1.1820242359131599e+00,7.5250000000000017e-01,3.1047378773808276e-01,6.8952621226191724e-01,9.8995868586712810e-01,9.8995868586712810e-01,0.0000000000000000e+00,1.0000000000000000e+00,3.0000000000000000e+00,6.1947922656697219e-01
1.1859512267301471e+00,7.5500000000000012e-01,3.1229221438735855e-01,6.8770778561264145e-01,9.8851546846634908e-01,9.8851546846634908e-01,0.0000000000000000e+00,1.0000000000000000e+00,3.0000000000000000e+00,6.2092244396775120e-01
1.1898782175471343e+00,7.5750000000000006e-01,3.1411353572289402e-01,6.8588646427710598e-01,9.8708538714277561e-01,9.8708538714277561e-01,0.0000000000000000e+00,1.0000000000000000e+00,3.0000000000000000e+00,6.2235252529132468e-01
1.1938052083641215e+00,7.6000000000000012e-01,3.1593772365766110e-01,6.8406227634233896e-01,9.8566848834077736e-01,9.8566848834077736e-01,0.0000000000000000e+00,1.0000000000000000e+00,3.0000000000000000e+00,6.2376942409332292e-01
1.1977321991811087e+00,7.6250000000000007e-01,3.1776475006042509e-01,6.8223524993957485e-01,9.8426481802547583e-01,9.8426481802547561e-01,0.0000000000000000e+00,1.0000000000000000e+00,3.0000000000000000e+00,6.2517309440862445e-01
1.2016591899980960e+00,7.6500000000000001e-01,3.1959458675617902e-01,6.8040541324382087e-01,9.8287442168289529e-01,9.8287442168289529e-01,0.0000000000000000e+00,1.0000000000000000e+00,3.0000000000000000e+00,6.2656349075120499e-01
1.2055861808150832e+00,7.6750000000000007e-01,3.2142720552657739e-01,6.7857279447342267e-01,9.8149734432011271e-01,9.8149734432011271e-01,0.0000000000000000e+00,1.0000000000000000e+00,3.0000000000000000e+00,6.2794056811398757e-01
1.2095131716320704e+00,7.7000000000000002e-01,3.2326257811037140e-01,6.7673742188962849e-01,9.8013363046539859e-01,9.8013363046539870e-01,0.0000000000000000e+00,1.0000000000000000e+00,3.0000000000000000e+00,6.2930428196870170e-01
1.2134401624490576e+00,7.7249999999999996e-01,3.2510067620384558e-01,6.7489932379615436e-01,9.7878332416835667e-01,9.7878332416835667e-01,0.0000000000000000e+00,1.0000000000000000e+00,3.0000000000000000e+00,6.3065458826574361e-01
1.2173671532660448e+00,7.7500000000000002e-01,3.2694147146125352e-01,6.7305852853874648e-01,9.7744646900005572e-01,9.7744646900005572e-01,0.0000000000000000e+00,1.0000000000000000e+00,3.0000000000000000e+00,6.3199144343404456e-01
1.2212941440830323e+00,7.7750000000000008e-01,3.2878493549525506e-01,6.7121506450474488e-01,9.7612310805315927e-01,9.7612310805315927e-01,0.0000000000000000e+00,1.0000000000000000e+00,3.0000000000000000e+00,6.3331480438094101e-01
1.2252211349000195e+00,7.8000000000000014e-01,3.3063103987735443e-01,6.6936896012264557e-01,9.7481328394204947e-01,9.7481328394204947e-01,0.0000000000000000e+00,1.0000000000000000e+00,3.0000000000000000e+00,6.3462462849205081e-01
1.2291481257170067e+00,7.8250000000000008e-01,3.3247975613833808e-01,6.6752024386166187e-01,9.7351703880294682e-01,9.7351703880294682e-01,0.0000000000000000e+00,1.0000000000000000e+00,3.0000000000000000e+00,6.3592087363115346e-01
1.2330751165339939e+00,7.8500000000000003e-01,3.3433105576871458e-01,6.6566894423128542e-01,9.7223441429402602e-01,9.7223441429402602e-01,0.0000000000000000e+00,1.0000000000000000e+00,3.0000000000000000e+00,6.3720349814007426e-01
1.2370021073509812e+00,7.8750000000000009e-01,3.3618491021915331e-01,6.6381508978084669e-01,9.7096545159552727e-01,9.7096545159552727e-01,0.0000000000000000e+00,1.0000000000000000e+00,3.0000000000000000e+00,6.3847246083857301e-01
1.2409290981679684e+00,7.9000000000000004e-01,3.3804129090092522e-01,6.6195870909907473e-01,9.6971019140986359e-01,9.6971019140986359e-01,0.0000000000000000e+00,1.0000000000000000e+00,3.0000000000000000e+00,6.3972772102423670e-01
1.2448560889849556e+00,7.9250000000000009e-01,3.3990016918634408e-01,6.6009983081365586e-01,9.6846867396172476e-01,9.6846867396172465e-01,0.0000000000000000e+00,1.0000000000000000e+00,3.0000000000000000e+00,6.4096923847237552e-01
1.2487830798019428e+00,7.9500000000000004e-01,3.4176151640920688e-01,6.5823848359079307e-01,9.6724093899817665e-01,9.6724093899817665e-01,0.0000000000000000e+00,1.0000000000000000e+00,3.0000000000000000e+00,6.4219697343592363e-01
1.2527100706189300e+00,7.9749999999999999e-01,3.4362530386523704e-01,6.5637469613476296e-01,9.6602702578875754e-01,9.6602702578875754e-01,0.0000000000000000e+00,1.0000000000000000e+00,3.0000000000000000e+00,6.4341088664534274e-01
1.2566370614359172e+00,8.0000000000000004e-01,3.4549150281252622e-01,6.5450849718747373e-01,9.6482697312557009e-01,9.6482697312557009e-01,0.0000000000000000e+00,1.0000000000000000e+00,3.0000000000000000e+00,6.4461093930853020e-01
1.2605640522529047e+00,8.0250000000000010e-01,3.4736008447197836e-01,6.5263991552802170e-01,9.6364081932337053e-01,9.6364081932337053e-01,0.0000000000000000e+00,1.0000000000000000e+00,3.0000000000000000e+00,6.4579709311072975e-01
1.2644910430698919e+00,8.0500000000000016e-01,3.4923102002775225e-01,6.5076897997224781e-01,9.6246860221965402e-01,9.6246860221965402e-01,0.0000000000000000e+00,1.0000000000000000e+00,3.0000000000000000e+00,6.4696931021444626e-01
1.2684180338868791e+00,8.0750000000000011e-01,3.5110428062770738e-01,6.4889571937229262e-01,9.6131035917473695e-01,9.6131035917473695e-01,0.0000000000000000e+00,1.0000000000000000e+00,3.0000000000000000e+00,6.4812755325936333e-01
1.2723450247038663e+00,8.1000000000000005e-01,3.5297983738384803e-01,6.4702016261615192e-01,9.6016612707183546e-01,9.6016612707183546e-01,0.0000000000000000e+00,1.0000000000000000e+00,3.0000000000000000e+00,6.4927178536226482e-01
1.2762720155208536e+00,8.1250000000000011e-01,3.5485766137276897e-01,6.4514233862723114e-01,9.5903594231714195e-01,9.5903594231714195e-01,0.0000000000000000e+00,1.0000000000000000e+00,3.0000000000000000e+00,6.5040197011695833e-01
1.2801990063378408e+00,8.1500000000000006e-01,3.5673772363610085e-01,6.4326227636389910e-01,9.5791984083989656e-01,9.5791984083989656e-01,0.0000000000000000e+00,1.0000000000000000e+00,3.0000000000000000e+00,6.5151807159420372e-01
1.2841259971548280e+00,8.1750000000000000e-01,3.5861999518095838e-01,6.4138000481904167e-01,9.5681785809245867e-01,9.5681785809245878e-01,0.0000000000000000e+00,1.0000000000000000e+00,3.0000000000000000e+00,6.5262005434164161e-01
1.2880529879718152e+00,8.2000000000000006e-01,3.6050444698038536e-01,6.3949555301961469e-01,9.5573002905037263e-01,9.5573002905037263e-01,0.0000000000000000e+00,1.0000000000000000e+00,3.0000000000000000e+00,6.5370788338372765e-01
1.2919799787888024e+00,8.2250000000000001e-01,3.6239104997380422e-01,6.3760895002619566e-01,9.5465638821243171e-01,9.5465638821243182e-01,0.0000000000000000e+00,1.0000000000000000e+00,3.0000000000000000e+00,6.5478152422166858e-01
1.2959069696057899e+00,8.2500000000000018e-01,3.6427977506746295e-01,6.3572022493253710e-01,9.5359696960074081e-01,9.5359696960074081e-01,0.0000000000000000e+00,1.0000000000000000e+00,3.0000000000000000e+00,6.5584094283335947e-01
1.2998339604227771e+00,8.2750000000000012e-01,3.6617059313488393e-01,6.3382940686511602e-01,9.5255180676077389e-01,9.5255180676077389e-01,0.0000000000000000e+00,1.0000000000000000e+00,3.0000000000000000e+00,6.5688610567332639e-01
1.3037609512397643e+00,8.3000000000000007e-01,3.6806347501731357e-01,6.3193652498268638e-01,9.5152093276143135e-01,9.5152093276143135e-01,0.0000000000000000e+00,1.0000000000000000e+00,3.0000000000000000e+00,6.5791697967266893e-01
1.3076879420567515e+00,8.3250000000000013e-01,3.6995839152417176e-01,6.3004160847582824e-01,9.5050438019509298e-01,9.5050438019509298e-01,0.0000000000000000e+00,1.0000000000000000e+00,3.0000000000000000e+00,6.5893353223900730e-01
1.3116149328737388e+00,8.3500000000000008e-01,3.7185531343350181e-01,6.2814468656649824e-01,9.4950218117766993e-01,9.4950218117766993e-01,0.0000000000000000e+00,1.0000000000000000e+00,3.0000000000000000e+00,6.5993573125643035e-01
1.3155419236907260e+00,8.3750000000000002e-01,3.7375421149242100e-01,6.2624578850757895e-01,9.4851436734865413e-01,9.4851436734865424e-01,0.0000000000000000e+00,1.0000000000000000e+00,3.0000000000000000e+00,6.6092354508544615e-01
1.3194689145077132e+00,8.4000000000000008e-01,3.7565505641757263e-01,6.2434494358242743e-01,9.4754096987116432e-01,9.4754096987116432e-01,0.0000000000000000e+00,1.0000000000000000e+00,3.0000000000000000e+00,6.6189694256293596e-01
1.3233959053247004e+00,8.4250000000000003e-01,3.7755781889557616e-01,6.2244218110442373e-01,9.4658201943199161e-01,9.4658201943199161e-01,0.0000000000000000e+00,1.0000000000000000e+00,3.0000000000000000e+00,6.6285589300210868e-01
1.3273228961416876e+00,8.4499999999999997e-01,3.7946246958348062e-01,6.2053753041651927e-01,9.4563754624164142e-01,9.4563754624164154e-01,0.0000000000000000e+00,1.0000000000000000e+00,3.0000000000000000e+00,6.6380036619245886e-01
1.3312498869586749e+00,8.4750000000000003e-01,3.8136897910921613e-01,6.1863102089078392e-01,9.4470758003437505e-01,9.4470758003437505e-01,0.0000000000000000e+00,1.0000000000000000e+00,3.0000000000000000e+00,6.6473033239972523e-01
1.3351768777756623e+00,8.5000000000000009e-01,3.8327731807204729e-01,6.1672268192795265e-01,9.4379215006824735e-01,9.4379215006824746e-01,0.0000000000000000e+00,1.0000000000000000e+00,3.0000000000000000e+00,6.6564576236585293e-01
1.3391038685926495e+00,8.5250000000000015e-01,3.8518745704302670e-01,6.1481254295697330e-01,9.4289128512514453e-01,9.4289128512514453e-01,0.0000000000000000e+00,1.0000000000000000e+00,3.0000000000000000e+00,6.6654662730895575e-01
1.3430308594096367e+00,8.5500000000000009e-01,3.8709936656544830e-01,6.1290063343455181e-01,9.4200501351081833e-01,9.4200501351081833e-01,0.0000000000000000e+00,1.0000000000000000e+00,3.0000000000000000e+00,6.6743289892328195e-01
1.3469578502266240e+00,8.5750000000000015e-01,3.8901301715530207e-01,6.1098698284469799e-01,9.4113336305491935e-01,9.4113336305491935e-01,0.0000000000000000e+00,1.0000000000000000e+00,3.0000000000000000e+00,6.6830454937918093e-01
1.3508848410436112e+00,8.6000000000000010e-01,3.9092837930172875e-01,6.0907162069827125e-01,9.4027636111102908e-01,9.4027636111102908e-01,0.0000000000000000e+00,1.0000000000000000e+00,3.0000000000000000e+00,6.6916155132307120e-01
1.3548118318605984e+00,8.6250000000000004e-01,3.9284542346747470e-01,6.0715457653252536e-01,9.3943403455668928e-01,9.3943403455668939e-01,0.0000000000000000e+00,1.0000000000000000e+00,3.0000000000000000e+00,6.7000387787741100e-01
1.3587388226775856e+00,8.6500000000000010e-01,3.9476412008934719e-01,6.0523587991065286e-01,9.3860640979343080e-01,9.3860640979343080e-01,0.0000000000000000e+00,1.0000000000000000e+00,3.0000000000000000e+00,6.7083150264066949e-01
1.3626658134945728e+00,8.6750000000000005e-01,3.9668443957867100e-01,6.0331556042132906e-01,9.3779351274679978e-01,9.3779351274679978e-01,0.0000000000000000e+00,1.0000000000000000e+00,3.0000000000000000e+00,6.7164439968730050e-01
1.3665928043115600e+00,8.7000000000000000e-01,3.9860635232174374e-01,6.0139364767825620e-01,9.3699536886638346e-01,9.3699536886638346e-01,0.0000000000000000e+00,1.0000000000000000e+00,3.0000000000000000e+00,6.7244254356771682e-01
1.3705197951285473e+00,8.7250000000000005e-01,4.0052982868029369e-01,5.9947017131970626e-01,9.3621200312583408e-01,9.3621200312583408e-01,0.0000000000000000e+00,1.0000000000000000e+00,3.0000000000000000e+00,6.7322590930826620e-01
1.3744467859455347e+00,8.7500000000000011e-01,4.0245483899193585e-01,5.9754516100806410e-01,9.3544344002289104e-01,9.3544344002289104e-01,0.0000000000000000e+00,1.0000000000000000e+00,3.0000000000000000e+00,6.7399447241120924e-01
1.3783737767625219e+00,8.7750000000000017e-01,4.0438135357062988e-01,5.9561864642937001e-01,9.3468970357940317e-01,9.3468970357940317e-01,0.0000000000000000e+00,1.0000000000000000e+00,3.0000000000000000e+00,6.7474820885469711e-01
1.3823007675795091e+00,8.8000000000000012e-01,4.0630934270713776e-01,5.9369065729286230e-01,9.3395081734134766e-01,9.3395081734134766e-01,0.0000000000000000e+00,1.0000000000000000e+00,3.0000000000000000e+00,6.7548709509275262e-01
1.3862277583964964e+00,8.8250000000000006e-01,4.0823877666948188e-01,5.9176122333051817e-01,9.3322680437884953e-01,9.3322680437884953e-01,0.0000000000000000e+00,1.0000000000000000e+00,3.0000000000000000e+00,6.7621110805525075e-01
1.3901547492134836e+00,8.8500000000000012e-01,4.1016962570340382e-01,5.8983037429659624e-01,9.3251768728619933e-01,9.3251768728619933e-01,0.0000000000000000e+00,1.0000000000000000e+00,3.0000000000000000e+00,6.7692022514790096e-01
1.3940817400304708e+00,8.8750000000000007e-01,4.1210186003282279e-01,5.8789813996717721e-01,9.3182348818186989e-01,9.3182348818186989e-01,0.0000000000000000e+00,1.0000000000000000e+00,3.0000000000000000e+00,6.7761442425223040e-01
1.3980087308474580e+00,8.9000000000000001e-01,4.1403544986029528e-01,5.8596455013970472e-01,9.3114422870853164e-01,9.3114422870853164e-01,0.0000000000000000e+00,1.0000000000000000e+00,3.0000000000000000e+00,6.7829368372556864e-01
1.4019357216644452e+00,8.9250000000000007e-01,4.1597036536747417e-01,5.8402963463252588e-01,9.3047993003306695e-01,9.3047993003306695e-01,0.0000000000000000e+00,1.0000000000000000e+00,3.0000000000000000e+00,6.7895798240103333e-01
1.4058627124814325e+00,8.9500000000000002e-01,4.1790657671556852e-01,5.8209342328443137e-01,9.2983061284658453e-01,9.2983061284658464e-01,0.0000000000000000e+00,1.0000000000000000e+00,3.0000000000000000e+00,6.7960729958751576e-01
1.4097897032984197e+00,8.9749999999999996e-01,4.1984405404580444e-01,5.8015594595419562e-01,9.2919629736443166e-01,9.2919629736443166e-01,0.0000000000000000e+00,1.0000000000000000e+00,3.0000000000000000e+00,6.8024161506966863e-01
1.4137166941154071e+00,9.0000000000000013e-01,4.2178276747988469e-01,5.7821723252011537e-01,9.2857700332620596e-01,9.2857700332620596e-01,0.0000000000000000e+00,1.0000000000000000e+00,3.0000000000000000e+00,6.8086090910789432e-01
1.4176436849323943e+00,9.0250000000000008e-01,4.2372268712044958e-01,5.7627731287955042e-01,9.2797274999576662e-01,9.2797274999576662e-01,0.0000000000000000e+00,1.0000000000000000e+00,3.0000000000000000e+00,6.8146516243833366e-01
1.4215706757493816e+00,9.0500000000000014e-01,4.2566378305153857e-01,5.7433621694846149e-01,9.2738355616124468e-01,9.2738355616124468e-01,0.0000000000000000e+00,1.0000000000000000e+00,3.0000000000000000e+00,6.8205435627285560e-01
1.4254976665663688e+00,9.0750000000000008e-01,4.2760602533905112e-01,5.7239397466094877e-01,9.2680944013505218e-01,9.2680944013505229e-01,0.0000000000000000e+00,1.0000000000000000e+00,3.0000000000000000e+00,6.8262847229904811e-01
1.4294246573833560e+00,9.1000000000000003e-01,4.2954938403120868e-01,5.7045061596879121e-01,9.2625041975389133e-01,9.2625041975389144e-01,0.0000000000000000e+00,1.0000000000000000e+00,3.0000000000000000e+00,6.8318749268020895e-01
1.4333516482003432e+00,9.1250000000000009e-01,4.3149382915901607e-01,5.6850617084098398e-01,9.2570651237876245e-01,9.2570651237876234e-01,0.0000000000000000e+00,1.0000000000000000e+00,3.0000000000000000e+00,6.8373140005533783e-01
1.4372786390173304e+00,9.1500000000000004e-01,4.3343933073672380e-01,5.6656066926327620e-01,9.2517773489497124e-01,9.2517773489497124e-01,0.0000000000000000e+00,1.0000000000000000e+00,3.0000000000000000e+00,6.8426017753912904e-01
1.4412056298343177e+00,9.1750000000000009e-01,4.3538585876229113e-01,5.6461414123770881e-01,9.2466410371213592e-01,9.2466410371213592e-01,0.0000000000000000e+00,1.0000000000000000e+00,3.0000000000000000e+00,6.8477380872196436e-01
1.4451326206513049e+00,9.2000000000000004e-01,4.3733338321784793e-01,5.6266661678215213e-01,9.2416563476419356e-01,9.2416563476419356e-01,0.0000000000000000e+00,1.0000000000000000e+00,3.0000000000000000e+00,6.8527227766990673e-01
1.4490596114682921e+00,9.2249999999999999e-01,4.3928187407015762e-01,5.6071812592984238e-01,9.2368234350940548e-01,9.2368234350940548e-01,0.0000000000000000e+00,1.0000000000000000e+00,3.0000000000000000e+00,6.8575556892469480e-01
1.4529866022852795e+00,9.2500000000000016e-01,4.4123130127108118e-01,5.5876869872891877e-01,9.2321424493036286e-01,9.2321424493036286e-01,0.0000000000000000e+00,1.0000000000000000e+00,3.0000000000000000e+00,6.8622366750373742e-01
1.4569135931022668e+00,9.2750000000000010e-01,4.4318163475803946e-01,5.5681836524196049e-01,9.2276135353399136e-01,9.2276135353399136e-01,0.0000000000000000e+00,1.0000000000000000e+00,3.0000000000000000e+00,6.8667655890010892e-01
1.4608405839192540e+00,9.3000000000000016e-01,4.4513284445447743e-01,5.5486715554552257e-01,9.2232368335155557e-01,9.2232368335155557e-01,0.0000000000000000e+00,1.0000000000000000e+00,3.0000000000000000e+00,6.8711422908254471e-01
1.4647675747362412e+00,9.3250000000000011e-01,4.4708490027032771e-01,5.5291509972967223e-01,9.2190124793866257e-01,9.2190124793866257e-01,0.0000000000000000e+00,1.0000000000000000e+00,3.0000000000000000e+00,6.8753666449543771e-01
1.4686945655532284e+00,9.3500000000000005e-01,4.4903777210247497e-01,5.5096222789752503e-01,9.2149406037526593e-01,9.2149406037526593e-01,0.0000000000000000e+00,1.0000000000000000e+00,3.0000000000000000e+00,6.8794385205883435e-01
1.4726215563702156e+00,9.3750000000000011e-01,4.5099142983521984e-01,5.4900857016478022e-01,9.2110213326566870e-01,9.2110213326566859e-01,0.0000000000000000e+00,1.0000000000000000e+00,3.0000000000000000e+00,6.8833577916843158e-01
1.4765485471872029e+00,9.4000000000000006e-01,4.5294584334074278e-01,5.4705415665925716e-01,9.2072547873852606e-01,9.2072547873852606e-01,0.0000000000000000e+00,1.0000000000000000e+00,3.0000000000000000e+00,6.8871243369557422e-01
1.4804755380041901e+00,9.4250000000000000e-01,4.5490098247957056e-01,5.4509901752042955e-01,9.2036410844684813e-01,9.2036410844684813e-01,0.0000000000000000e+00,1.0000000000000000e+00,3.0000000000000000e+00,6.8907380398725215e-01
1.4844025288211773e+00,9.4500000000000006e-01,4.5685681710103831e-01,5.4314318289896169e-01,9.2001803356800216e-01,9.2001803356800216e-01,0.0000000000000000e+00,1.0000000000000000e+00,3.0000000000000000e+00,6.8941987886609812e-01
1.4883295196381645e+00,9.4750000000000001e-01,4.5881331704375722e-01,5.4118668295624284e-01,9.1968726480371432e-01,9.1968726480371432e-01,0.0000000000000000e+00,1.0000000000000000e+00,3.0000000000000000e+00,6.8975064763038596e-01
1.4922565104551520e+00,9.5000000000000018e-01,4.6077045213607759e-01,5.3922954786392241e-01,9.1937181238007148e-01,9.1937181238007148e-01,0.0000000000000000e+00,1.0000000000000000e+00,3.0000000000000000e+00,6.9006610005402880e-01
1.4961835012721392e+00,9.5250000000000012e-01,4.6272819219655520e-01,5.3727180780344475e-01,9.1907168604752287e-01,9.1907168604752287e-01,0.0000000000000000e+00,1.0000000000000000e+00,3.0000000000000000e+00,6.9036622638657741e-01
1.5001104920891264e+00,9.5500000000000007e-01,4.6468650703441677e-01,5.3531349296558328e-01,9.1878689508088152e-01,9.1878689508088152e-01,0.0000000000000000e+00,1.0000000000000000e+00,3.0000000000000000e+00,6.9065101735321877e-01
1.5040374829061136e+00,9.5750000000000013e-01,4.6664536645002458e-01,5.3335463354997548e-01,9.1851744827932480e-01,9.1851744827932469e-01,0.0000000000000000e+00,1.0000000000000000e+00,3.0000000000000000e+00,6.9092046415477548e-01
1.5079644737231008e+00,9.6000000000000008e-01,4.6860474023534332e-01,5.3139525976465662e-01,9.1826335396639591e-01,9.1826335396639591e-01,0.0000000000000000e+00,1.0000000000000000e+00,3.0000000000000000e+00,6.9117455846770437e-01
1.5118914645400880e+00,9.6250000000000002e-01,4.7056459817440555e-01,5.2943540182559445e-01,9.1802461999000473e-01,9.1802461999000473e-01,0.0000000000000000e+00,1.0000000000000000e+00,3.0000000000000000e+00,6.9141329244409555e-01
1.5158184553570753e+00,9.6500000000000008e-01,4.7252491004377711e-01,5.2747508995622283e-01,9.1780125372242805e-01,9.1780125372242805e-01,0.0000000000000000e+00,1.0000000000000000e+00,3.0000000000000000e+00,6.9163665871167224e-01
1.5197454461740625e+00,9.6750000000000003e-01,4.7448564561302425e-01,5.2551435438697580e-01,9.1759326206031055e-01,9.1759326206031055e-01,0.0000000000000000e+00,1.0000000000000000e+00,3.0000000000000000e+00,6.9184465037378973e-01
1.5236724369910497e+00,9.6999999999999997e-01,4.7644677464517871e-01,5.2355322535482129e-01,9.1740065142466509e-01,9.1740065142466509e-01,0.0000000000000000e+00,1.0000000000000000e+00,3.0000000000000000e+00,6.9203726100943519e-01
1.5275994278080371e+00,9.7250000000000014e-01,4.7840826689720495e-01,5.2159173310279505e-01,9.1722342776087307e-01,9.1722342776087307e-01,0.0000000000000000e+00,1.0000000000000000e+00,3.0000000000000000e+00,6.9221448467322721e-01
1.5315264186250244e+00,9.7500000000000009e-01,4.8037009212046566e-01,5.1962990787953423e-01,9.1706159653868480e-01,9.1706159653868480e-01,0.0000000000000000e+00,1.0000000000000000e+00,3.0000000000000000e+00,6.9237631589541548e-01
1.5354534094420116e+00,9.7750000000000015e-01,4.8233222006118942e-01,5.1766777993881052e-01,9.1691516275221974e-01,9.1691516275221974e-01,0.0000000000000000e+00,1.0000000000000000e+00,3.0000000000000000e+00,6.9252274968188055e-01
1.5393804002589988e+00,9.8000000000000009e-01,4.8429462046093597e-01,5.1570537953906403e-01,9.1678413091996647e-01,9.1678413091996647e-01,0.0000000000000000e+00,1.0000000000000000e+00,3.0000000000000000e+00,6.9265378151413382e-01
1.5433073910759860e+00,9.8250000000000015e-01,4.8625726305706324e-01,5.1374273694293671e-01,9.1666850508478337e-01,9.1666850508478337e-01,0.0000000000000000e+00,1.0000000000000000e+00,3.0000000000000000e+00,6.9276940734931691e-01
1.5472343818929732e+00,9.8500000000000010e-01,4.8822011758319483e-01,5.1177988241680505e-01,9.1656828881389785e-01,9.1656828881389796e-01,0.0000000000000000e+00,1.0000000000000000e+00,3.0000000000000000e+00,6.9286962362020243e-01
1.5511613727099605e+00,9.8750000000000004e-01,4.9018315376968585e-01,5.0981684623031409e-01,9.1648348519890732e-01,9.1648348519890732e-01,0.0000000000000000e+00,1.0000000000000000e+00,3.0000000000000000e+00,6.9295442723519296e-01
1.5550883635269477e+00,9.9000000000000010e-01,4.9214634134408969e-01,5.0785365865591037e-01,9.1641409685577846e-01,9.1641409685577846e-01,0.0000000000000000e+00,1.0000000000000000e+00,3.0000000000000000e+00,6.9302381557832182e-01
1.5590153543439349e+00,9.9250000000000005e-01,4.9410965003162544e-01,5.0589034996837456e-01,9.1636012592484772e-01,9.1636012592484772e-01,0.0000000000000000e+00,1.0000000000000000e+00,3.0000000000000000e+00,6.9307778650925256e-01
1.5629423451609221e+00,9.9500000000000000e-01,4.9607304955564424e-01,5.0392695044435565e-01,9.1632157407082149e-01,9.1632157407082149e-01,0.0000000000000000e+00,1.0000000000000000e+00,3.0000000000000000e+00,6.9311633836327879e-01
1.5668693359779096e+00,9.9750000000000016e-01,4.9803650963809709e-01,5.0196349036190291e-01,9.1629844248277537e-01,9.1629844248277537e-01,0.0000000000000000e+00,1.0000000000000000e+00,3.0000000000000000e+00,6.9313946995132492e-01
1.5707963267948966e+00,1.0000000000000000e+00,5.0000000000000000e-01,5.0000000000000000e-01,9.1629073187415500e-01,9.1629073187415500e-01,0.0000000000000000e+00,1.0000000000000000e+00,3.0000000000000000e+00,6.9314718055994529e-01
