z,variance,cubic,maximum_block_entropy
0.001,0.000999,0.000997002,1.1061140786722334
0.002,0.001996,0.001988016,1.1122285733140695
0.003,0.002991,0.002973054,1.117818817807965
0.004,0.003984,0.003952128,1.1230682612190745
0.005,0.004975,0.00492525,1.1280640290747357
0.006,0.005964,0.0058924319999999995,1.132857436769595
0.007,0.006951,0.0068536859999999995,1.1374823914532461
0.008,0.007936,0.007809024,1.141962992025349
0.009000000000000001,0.008919000000000002,0.008758458000000002,1.1463172569602293
0.010000000000000002,0.009900000000000003,0.009702000000000002,1.1505591719418755
0.011,0.010879,0.010639662,1.1546999094854125
0.012,0.011856,0.011571456,1.1587486011805994
0.013000000000000001,0.012831,0.012497394,1.1627128506769944
0.014000000000000002,0.013804000000000002,0.013417488000000002,1.1665990878839203
0.015,0.014775,0.014331749999999999,1.1704128214575835
0.016,0.015744,0.015240192000000001,1.1741588236652623
0.017,0.016711,0.016142826,1.1778412688587876
0.018000000000000002,0.017676,0.017039664,1.1814638392580832
0.019000000000000003,0.018639000000000003,0.017930718000000002,1.185029807158408
0.02,0.0196,0.018816,1.1885420997856784
0.021,0.020559,0.019695522,1.192003351150414
0.022000000000000002,0.021516,0.020569296,1.1954159440039327
0.023,0.022470999999999998,0.021437333999999995,1.1987820441515897
0.024,0.023424,0.022299648,1.202103628788122
0.025,0.024375,0.02315625,1.2053825101029365
0.026000000000000002,0.025324000000000003,0.024007152,1.208620355103047
0.027000000000000003,0.026271000000000003,0.024852366,1.2118187023822267
0.028,0.027216,0.025691903999999998,1.2149789764027656
0.029,0.028159,0.026525778,1.2181024997346257
0.030000000000000002,0.0291,0.027354,1.2211905036046315
0.031,0.030039,0.028176582,1.2242441370377013
0.032,0.030976,0.028993535999999997,1.2272644748174677
0.033,0.031911,0.029804874,1.2302525244509477
0.034,0.032844,0.030610607999999997,1.2332092322883272
0.035,0.033775,0.031410749999999994,1.2361354889222103
0.036000000000000004,0.034704000000000006,0.032205312,1.239032133969367
0.037000000000000005,0.035631,0.032994306,1.2418999603208136
0.038,0.036556,0.033777744,1.2447397179321242
0.039,0.037479,0.034555638,1.247552117214521
0.04,0.0384,0.035328,1.250337832077956
0.041,0.039319,0.036094842,1.2530975026697182
0.042,0.040236,0.036856176000000004,1.255831737845718
0.043000000000000003,0.041151,0.037612014,1.2585411174062953
0.044000000000000004,0.042064000000000004,0.03836236800000001,1.2612261941239444
0.045,0.042975,0.03910725,1.2638874955866177
0.046,0.043884,0.039846672,1.2665255258771073
0.047,0.044791,0.040580646,1.2691407671063355
0.048,0.045696,0.041309184,1.2717336808160964
0.049,0.046599,0.042032298,1.2743047092648598
0.05,0.0475,0.04275,1.2768542766085742
0.051000000000000004,0.048399000000000005,0.04346230200000001,1.2793827899869683
0.052000000000000005,0.049296,0.044169216,1.2818906405246273
0.053000000000000005,0.050191,0.044870754,1.2843782042550353
0.054,0.051084,0.045566928,1.2868458429748584
0.055,0.051975,0.04625775,1.2892939050349248
0.056,0.052864,0.046943232,1.2917227260736686
0.057,0.053751,0.047623386000000004,1.2941326296981617
0.058,0.054636,0.048298224,1.2965239281173468
0.059000000000000004,0.055519,0.048967758,1.2988969227315854
0.060000000000000005,0.0564,0.049632,1.3012519046822244
0.061,0.057279000000000004,0.050290962,1.303589155364518
0.062,0.058156,0.050944656,1.305908946906906
0.063,0.05903100000000001,0.051593094000000006,1.3082115426193643
0.064,0.059904,0.052236288,1.310497197413279
0.065,0.060775,0.052874250000000005,1.3127661581950774
0.066,0.061644,0.053506991999999996,1.3150186642356247
0.067,0.06251100000000001,0.05413452600000001,1.3172549475172333
0.068,0.063376,0.054756864,1.3194752330599453
0.069,0.064239,0.055374018000000004,1.321679739228623
0.07,0.0651,0.055986,1.3238686780222295
0.07100000000000001,0.065959,0.056592822,1.3260422553465776
0.07200000000000001,0.066816,0.057194496,1.3282006712717087
0.07300000000000001,0.06767100000000001,0.057791034000000005,1.3303441202749706
0.074,0.068524,0.058382447999999997,1.332472791470772
0.075,0.069375,0.05896875,1.3345868688279177
0.076,0.070224,0.059549951999999996,1.3366865313753489
0.077,0.07107100000000001,0.060126066000000006,1.3387719533970517
0.078,0.07191600000000001,0.060697104,1.3408433046168424
0.079,0.072759,0.061263078,1.3429007503736696
0.08,0.0736,0.061824,1.3449444517880438
0.081,0.074439,0.062379882000000005,1.3469745659201418
0.082,0.07527600000000001,0.062930736,1.3489912459200983
0.083,0.07611100000000001,0.06347657400000001,1.350994641170973
0.084,0.07694400000000001,0.06401740800000001,1.3529848974248195
0.085,0.07777500000000001,0.06455325,1.3549621569322738
0.08600000000000001,0.07860400000000001,0.065084112,1.3569265585660495
0.08700000000000001,0.07943100000000002,0.06561000600000001,1.3588782379386815
0.08800000000000001,0.08025600000000001,0.066130944,1.360817327514856
0.089,0.081079,0.066646938,1.3627439567186377
0.09,0.0819,0.06715800000000001,1.364658252035873
0.091,0.082719,0.06766414200000001,1.3665603371120423
0.092,0.083536,0.068165376,1.3684503328458095
0.093,0.084351,0.068661714,1.370328357478506
0.094,0.085164,0.069153168,1.3721945266797597
0.095,0.08597500000000001,0.06963975000000001,1.3740489536294866
0.096,0.086784,0.070121472,1.3758917490964233
0.097,0.087591,0.070598346,1.377723021513389
0.098,0.088396,0.071070384,1.379542877049444
0.099,0.089199,0.07153759800000001,1.3813514196791017
0.1,0.09000000000000001,0.07200000000000001,1.3831487512487415
0.101,0.090799,0.07245760200000001,1.3849349715403683
0.10200000000000001,0.09159600000000001,0.072910416,1.386710178332843
0.10300000000000001,0.09239100000000001,0.07335845400000002,1.3884744674607132
0.10400000000000001,0.09318400000000002,0.07380172800000001,1.3902279328707572
0.10500000000000001,0.09397500000000002,0.07424025000000002,1.391970666676354
0.106,0.094764,0.074674032,1.3937027592097806
0.107,0.095551,0.075103086,1.3954242990725356
0.108,0.096336,0.07552742400000001,1.3971353731837808
0.109,0.097119,0.075947058,1.398836066826989
0.11,0.0979,0.076362,1.4005264636948778
0.111,0.098679,0.07677226200000001,1.4022066459327103
0.112,0.099456,0.077177856,1.4038766941800347
0.113,0.100231,0.077578794,1.4055366876109328
0.114,0.10100400000000001,0.07797508800000001,1.4071867039728416
0.115,0.101775,0.07836675,1.4088268196240166
0.116,0.10254400000000001,0.078753792,1.4104571095696847
0.117,0.103311,0.079136226,1.4120776474969574
0.11800000000000001,0.104076,0.07951406400000001,1.4136885058085449
0.11900000000000001,0.104839,0.079887318,1.415289755655329
0.12000000000000001,0.10560000000000001,0.08025600000000001,1.4168814669678396
0.121,0.106359,0.080620122,1.4184637084866827
0.122,0.107116,0.080979696,1.4200365477919608
0.123,0.107871,0.08133473399999999,1.4216000513317306
0.124,0.108624,0.081685248,1.4231542844495308
0.125,0.109375,0.08203125,1.424699311411026
0.126,0.110124,0.082372752,1.4262351954297936
0.127,0.110871,0.082709766,1.4277619986922963
0.128,0.111616,0.08304230400000001,1.4292797823820604
0.129,0.112359,0.083370378,1.430788606703108
0.13,0.1131,0.083694,1.4322885309026523
0.131,0.11383900000000001,0.084013182,1.4337796132931007
0.132,0.11457600000000001,0.084327936,1.4352619112733842
0.133,0.11531100000000001,0.084638274,1.436735481349638
0.134,0.11604400000000001,0.08494420800000001,1.4382003791552618
0.135,0.116775,0.08524575,1.439656659470381
0.136,0.11750400000000001,0.08554291200000001,1.4411043762407292
0.137,0.118231,0.085835706,1.442543582595977
0.138,0.118956,0.086124144,1.4439743308675224
0.139,0.11967900000000001,0.086408238,1.4453966726057697
0.14,0.12040000000000001,0.086688,1.4468106585969052
0.14100000000000001,0.121119,0.086963442,1.4482163388791987
0.14200000000000002,0.12183600000000001,0.08723457600000001,1.4496137627588368
0.14300000000000002,0.12255100000000001,0.087501414,1.451002978825315
0.14400000000000002,0.12326400000000001,0.08776396800000001,1.4523840349663957
0.14500000000000002,0.12397500000000002,0.08802225000000001,1.4537569783826498
0.146,0.12468399999999999,0.08827627199999999,1.455121855601599
0.147,0.125391,0.088526046,1.45647871249147
0.148,0.12609599999999999,0.08877158399999999,1.4578275942745724
0.149,0.126799,0.089012898,1.4591685455403154
0.15,0.1275,0.08925,1.4605016102578758
0.151,0.12819899999999998,0.08948290199999998,1.4618268317885266
0.152,0.12889599999999998,0.08971161599999998,1.463144252897638
0.153,0.12959099999999998,0.08993615399999998,1.464453915766365
0.154,0.13028399999999998,0.09015652799999999,1.4657558620030258
0.155,0.130975,0.09037275,1.467050132654186
0.156,0.131664,0.09058483199999999,1.4683367682154573
0.157,0.132351,0.09079278599999999,1.4696158086420166
0.158,0.133036,0.09099662399999998,1.470887293358857
0.159,0.133719,0.09119635799999999,1.4721512612707826
0.16,0.1344,0.09139199999999999,1.4734077507721466
0.161,0.135079,0.091583562,1.4746567997563478
0.162,0.135756,0.09177105599999999,1.4758984456250923
0.163,0.136431,0.09195449399999998,1.477132725297423
0.164,0.137104,0.092133888,1.4783596752185286
0.165,0.137775,0.09230925,1.4795793313683396
0.166,0.138444,0.092480592,1.4807917292699107
0.167,0.139111,0.09264792599999999,1.481996903997605
0.168,0.139776,0.09281126399999999,1.4831948901850822
0.169,0.140439,0.09297061799999999,1.4843857220330903
0.17,0.1411,0.09312599999999999,1.4855694333170801
0.171,0.141759,0.09327742199999998,1.4867460573946363
0.17200000000000001,0.14241600000000001,0.093424896,1.4879156272127336
0.17300000000000001,0.143071,0.09356843399999999,1.489078175314826
0.17400000000000002,0.14372400000000002,0.093708048,1.4902337338477702
0.17500000000000002,0.144375,0.09384374999999999,1.4913823345685913
0.17600000000000002,0.14502400000000001,0.09397555199999999,1.4925240088510905
0.177,0.145671,0.094103466,1.4936587876923055
0.178,0.146316,0.094227504,1.4947867017188226
0.179,0.14695899999999998,0.09434767799999999,1.4959077811929464
0.18,0.1476,0.094464,1.4970220560187344
0.181,0.14823899999999998,0.09457648199999999,1.4981295557478909
0.182,0.148876,0.094685136,1.499230309585537
0.183,0.14951099999999998,0.09478997399999999,1.5003243463958502
0.184,0.150144,0.094891008,1.5014116947075797
0.185,0.150775,0.09498825,1.502492382719443
0.186,0.151404,0.09508171200000001,1.503566438305405
0.187,0.152031,0.095171406,1.5046338890198423
0.188,0.15265600000000001,0.09525734400000001,1.5056947621025991
0.189,0.153279,0.095339538,1.5067490844839315
0.19,0.1539,0.095418,1.5077968827893509
0.191,0.154519,0.09549274199999999,1.5088381833443614
0.192,0.15513600000000002,0.09556377600000002,1.5098730121790997
0.193,0.155751,0.095631114,1.5109013950328793
0.194,0.156364,0.095694768,1.511923357358635
0.195,0.156975,0.09575475,1.5129389243272804
0.196,0.157584,0.095811072,1.513948120831976
0.197,0.158191,0.095863746,1.5149509714923046
0.198,0.15879600000000002,0.09591278400000001,1.5159475006583676
0.199,0.15939899999999999,0.095958198,1.5169377324147924
0.2,0.16000000000000003,0.09600000000000002,1.5179216905846649
0.201,0.160599,0.09603820199999999,1.518899398733378
0.202,0.161196,0.096072816,1.5198708801724068
0.203,0.161791,0.09610385399999999,1.5208361579630052
0.20400000000000001,0.16238400000000003,0.09613132800000002,1.521795254919832
0.20500000000000002,0.162975,0.09615525,1.5227481936145055
0.20600000000000002,0.16356400000000001,0.096175632,1.5236949963790856
0.20700000000000002,0.164151,0.096192486,1.524635685309491
0.20800000000000002,0.16473600000000002,0.09620582400000001,1.525570282268849
0.20900000000000002,0.165319,0.096215658,1.5264988088907807
0.21,0.1659,0.096222,1.5274212865826207
0.211,0.166479,0.09622486200000001,1.5283377365285795
0.212,0.167056,0.09622425600000002,1.5292481796928405
0.213,0.167631,0.09622019400000001,1.530152636822604
0.214,0.168204,0.096212688,1.531051128451067
0.215,0.168775,0.09620175000000002,1.5319436749003534
0.216,0.169344,0.09618739200000001,1.5328302962843838
0.217,0.169911,0.09616962600000001,1.5337110125116964
0.218,0.17047600000000002,0.09614846400000002,1.5345858432882122
0.219,0.171039,0.096123918,1.5354548081199502
0.22,0.1716,0.09609600000000001,1.5363179263156939
0.221,0.172159,0.09606472200000002,1.5371752169896062
0.222,0.172716,0.09603009600000001,1.5380266990637994
0.223,0.173271,0.095992134,1.5388723912708575
0.224,0.173824,0.095950848,1.5397123121563112
0.225,0.174375,0.09590625000000001,1.540546480081071
0.226,0.174924,0.09585835200000001,1.5413749132238161
0.227,0.17547100000000002,0.09580716600000001,1.5421976295833382
0.228,0.176016,0.09575270400000001,1.5430146469808455
0.229,0.17655900000000002,0.09569497800000001,1.5438259830622292
0.23,0.1771,0.09563400000000001,1.5446316553002823
0.231,0.17763900000000002,0.09556978200000002,1.5454316809968862
0.232,0.178176,0.09550233600000001,1.5462260772851566
0.233,0.178711,0.09543167400000001,1.5470148611315508
0.234,0.17924400000000001,0.09535780800000002,1.5477980493379413
0.23500000000000001,0.17977500000000002,0.09528075000000001,1.5485756585436508
0.23600000000000002,0.18030400000000002,0.09520051200000001,1.5493477052274542
0.23700000000000002,0.18083100000000002,0.09511710600000002,1.550114205709545
0.23800000000000002,0.18135600000000002,0.09503054400000001,1.5508751761534683
0.23900000000000002,0.181879,0.09494083800000001,1.5516306325680216
0.24000000000000002,0.1824,0.094848,1.5523805908091228
0.241,0.182919,0.09475204200000001,1.5531250665816483
0.242,0.183436,0.094652976,1.553864075441235
0.243,0.183951,0.09455081400000001,1.5545976327960607
0.244,0.184464,0.094445568,1.5553257539085865
0.245,0.184975,0.09433725,1.5560484538972748
0.246,0.185484,0.094225872,1.5567657477382781
0.247,0.185991,0.094111446,1.5574776502671
0.248,0.186496,0.093993984,1.5581841761802269
0.249,0.186999,0.093873498,1.5588853400367366
0.25,0.1875,0.09375,1.5595811562598767
0.251,0.187999,0.093623502,1.5602716391386222
0.252,0.188496,0.093494016,1.5609568028292018
0.253,0.188991,0.093361554,1.5616366613566042
0.254,0.189484,0.093226128,1.5623112286160592
0.255,0.189975,0.09308775,1.5629805183744945
0.256,0.190464,0.092946432,1.5636445442719684
0.257,0.190951,0.09280218600000001,1.564303319823082
0.258,0.191436,0.09265502399999999,1.564956858418367
0.259,0.191919,0.092504958,1.5656051733256515
0.26,0.19240000000000002,0.092352,1.5662482776914073
0.261,0.192879,0.092196162,1.5668861845420718
0.262,0.193356,0.09203745599999999,1.5675189067853519
0.263,0.193831,0.091875894,1.5681464572115065
0.264,0.194304,0.091711488,1.568768848494611
0.265,0.194775,0.09154425,1.5693860931937995
0.266,0.195244,0.09137419199999999,1.5699982037544884
0.267,0.195711,0.09120132599999999,1.5706051925095847
0.268,0.19617600000000002,0.091025664,1.571207071680669
0.269,0.196639,0.090847218,1.5718038533791676
0.27,0.1971,0.090666,1.5723955496075024
0.271,0.197559,0.090482022,1.5729821722602235
0.272,0.198016,0.090295296,1.5735637331251273
0.273,0.198471,0.090105834,1.5741402438843553
0.274,0.19892400000000002,0.089913648,1.5747117161154764
0.275,0.199375,0.08971874999999999,1.5752781612925553
0.276,0.199824,0.08952115199999999,1.5758395907872011
0.277,0.200271,0.089320866,1.5763960158696055
0.278,0.200716,0.089117904,1.5769474477095593
0.279,0.201159,0.088912278,1.5774938973774595
0.28,0.2016,0.08870399999999999,1.5780353758452983
0.281,0.20203900000000002,0.088493082,1.5785718939876374
0.28200000000000003,0.20247600000000002,0.08827953599999999,1.5791034625825715
0.28300000000000003,0.202911,0.08806337399999999,1.5796300923126723
0.28400000000000003,0.20334400000000002,0.087844608,1.5801517937659233
0.28500000000000003,0.203775,0.08762324999999999,1.5806685774366391
0.28600000000000003,0.20420400000000002,0.08739931199999999,1.5811804537263705
0.28700000000000003,0.204631,0.08717280599999999,1.5816874329447994
0.28800000000000003,0.20505600000000002,0.08694374399999999,1.5821895253106162
0.28900000000000003,0.20547900000000002,0.086712138,1.58268674095239
0.29,0.20589999999999997,0.086478,1.5831790899094218
0.291,0.206319,0.08624134200000001,1.5836665821325882
0.292,0.20673599999999998,0.086002176,1.5841492274851707
0.293,0.207151,0.08576051400000001,1.584627035743677
0.294,0.20756399999999997,0.085516368,1.585100016598645
0.295,0.20797500000000002,0.08526975000000002,1.5855681796554422
0.296,0.20838399999999999,0.085020672,1.5860315344350462
0.297,0.208791,0.084769146,1.5864900903748227
0.298,0.20919599999999997,0.084515184,1.5869438568292837
0.299,0.209599,0.08425879800000001,1.5873928430708426
0.3,0.21,0.084,1.5878370582905537
0.301,0.210399,0.083738802,1.5882765115988442
0.302,0.21079599999999998,0.08347521599999999,1.5887112120262343
0.303,0.21119100000000002,0.08320925400000001,1.589141168524049
0.304,0.21158399999999997,0.08294092799999998,1.5895663899651173
0.305,0.21197500000000002,0.08267025000000001,1.5899868851444656
0.306,0.21236399999999997,0.08239723199999999,1.5904026627799976
0.307,0.21275100000000002,0.082121886,1.5908137315131676
0.308,0.213136,0.081844224,1.5912200999096437
0.309,0.21351900000000001,0.081564258,1.5916217764599607
0.31,0.21389999999999998,0.081282,1.5920187695801657
0.311,0.21427900000000003,0.080997462,1.5924110876124549
0.312,0.21465599999999999,0.08071065599999999,1.5927987388258005
0.313,0.21503100000000003,0.08042159400000001,1.5931817314165693
0.314,0.21540399999999998,0.080130288,1.5935600735091342
0.315,0.21577500000000002,0.07983675000000001,1.5939337731564762
0.316,0.21614399999999998,0.07954099199999999,1.594302838340778
0.317,0.216511,0.07924302600000001,1.5946672769740111
0.318,0.21687599999999999,0.07894286399999999,1.5950270968985132
0.319,0.21723900000000002,0.078640518,1.595382305887559
0.32,0.2176,0.07833599999999999,1.5957329116459233
0.321,0.217959,0.078029322,1.5960789218104363
0.322,0.21831599999999998,0.07772049599999999,1.59642034395053
0.323,0.21867100000000003,0.077409534,1.5967571855687814
0.324,0.219024,0.077096448,1.597089454101443
0.325,0.21937500000000001,0.07678125,1.5974171569189712
0.326,0.21972399999999997,0.07646395199999999,1.5977403013265437
0.327,0.22007100000000002,0.076144566,1.5980588945645735
0.328,0.22041599999999997,0.07582310399999999,1.598372943809213
0.329,0.220759,0.075499578,1.5986824561728548
0.33,0.2211,0.07517399999999999,1.598987438704621
0.331,0.22143900000000002,0.074846382,1.5992878983908518
0.332,0.221776,0.07451673599999999,1.5995838421555826
0.333,0.22211100000000003,0.074185074,1.5998752768610192
0.334,0.22244399999999998,0.07385140799999998,1.6001622093080026
0.335,0.22277500000000003,0.07351575,1.6004446462364714
0.336,0.223104,0.07317811199999999,1.600722594325915
0.337,0.22343100000000002,0.072838506,1.6009960601958226
0.338,0.22375599999999998,0.07249694399999998,1.6012650504061274
0.339,0.22407900000000003,0.072153438,1.6015295714576416
0.34,0.2244,0.07180799999999998,1.6017896297924894
0.341,0.22471900000000003,0.071460642,1.602045231794531
0.342,0.22503599999999999,0.07111137599999999,1.6022963837897848
0.343,0.22535100000000002,0.070760214,1.60254309204684
0.34400000000000003,0.225664,0.07040716799999999,1.6027853627772668
0.34500000000000003,0.22597500000000004,0.07005225,1.603023202136021
0.34600000000000003,0.22628399999999999,0.06969547199999998,1.6032566162218411
0.34700000000000003,0.22659100000000004,0.069336846,1.603485611077644
0.34800000000000003,0.226896,0.06897638399999999,1.6037101926909108
0.34900000000000003,0.22719900000000004,0.068614098,1.6039303669940719
0.35000000000000003,0.22749999999999998,0.06824999999999998,1.6041461398648846
0.35100000000000003,0.22779900000000003,0.06788410199999999,1.6043575171268079
0.35200000000000004,0.228096,0.06751641599999998,1.6045645045493686
0.353,0.22839099999999998,0.06714695400000001,1.6047671078485282
0.354,0.228684,0.066775728,1.6049653326870397
0.355,0.22897499999999998,0.06640275000000001,1.6051591846748026
0.356,0.229264,0.066028032,1.6053486693692136
0.357,0.229551,0.06565158600000001,1.6055337922755117
0.358,0.22983599999999998,0.065273424,1.6057145588471182
0.359,0.230119,0.064893558,1.6058909744859742
0.36,0.2304,0.064512,1.6060630445428723
0.361,0.230679,0.064128762,1.6062307743177846
0.362,0.230956,0.063743856,1.6063941690601862
0.363,0.231231,0.06335729400000001,1.6065532339693742
0.364,0.231504,0.062969088,1.6067079741947836
0.365,0.231775,0.06257925,1.6068583948362982
0.366,0.232044,0.062187792000000006,1.6070045009445573
0.367,0.232311,0.061794726,1.6071462975212596
0.368,0.232576,0.061400064000000004,1.6072837895194618
0.369,0.232839,0.061003818,1.607416981843874
0.37,0.2331,0.060606,1.6075458793511515
0.371,0.233359,0.060206622,1.6076704868501823
0.372,0.233616,0.059805696,1.6077908091023703
0.373,0.233871,0.059403234,1.607906850821917
0.374,0.234124,0.058999248,1.6080186166760968
0.375,0.234375,0.05859375,1.60812611128553
0.376,0.234624,0.058186752,1.6082293392244538
0.377,0.234871,0.057778266,1.6083283050209851
0.378,0.235116,0.057368303999999995,1.608423013157387
0.379,0.235359,0.056956878,1.6085134680703224
0.38,0.2356,0.056544,1.6085996741511153
0.381,0.235839,0.05612968199999999,1.6086816357459979
0.382,0.236076,0.055713936,1.6087593571563634
0.383,0.236311,0.05529677399999999,1.6088328426390082
0.384,0.236544,0.054878208,1.6089020964063763
0.385,0.236775,0.05445825,1.608967122626798
0.386,0.237004,0.05403691199999999,1.609027925424725
0.387,0.237231,0.053614206,1.6090845088809638
0.388,0.237456,0.053190143999999995,1.6091368770329053
0.389,0.237679,0.05276473799999999,1.6091850338747504
0.39,0.2379,0.052337999999999996,1.609228983357735
0.391,0.238119,0.051909941999999994,1.6092687293903492
0.392,0.238336,0.05148057599999999,1.6093042758385554
0.393,0.238551,0.051049913999999995,1.609335626526003
0.394,0.238764,0.05061796799999999,1.6093627852342396
0.395,0.238975,0.05018474999999999,1.6093857557029196
0.396,0.239184,0.04975027199999999,1.6094045416300111
0.397,0.239391,0.04931454599999999,1.609419146671998
0.398,0.239596,0.04887758399999999,1.6094295744440807
0.399,0.239799,0.048439397999999995,1.609435828520374
0.4,0.24,0.04799999999999999,1.6094379124341005
0.401,0.240199,0.04755940199999999,1.6094358296777842
0.402,0.240396,0.04711761599999999,1.6094295837034405
0.403,0.240591,0.04667465399999999,1.60941917792276
0.404,0.240784,0.046230527999999986,1.6094046157072952
0.405,0.240975,0.045785249999999986,1.609385900388642
0.406,0.24116400000000002,0.04533883199999999,1.6093630352586175
0.40700000000000003,0.241351,0.04489128599999999,1.6093360235694365
0.40800000000000003,0.241536,0.044442623999999986,1.6093048685338864
0.40900000000000003,0.24171900000000002,0.04399285799999999,1.6092695733254976
0.41000000000000003,0.2419,0.043541999999999983,1.6092301410787129
0.41100000000000003,0.24207900000000002,0.043090061999999985,1.6091865748890541
0.41200000000000003,0.242256,0.042637055999999986,1.6091388778132856
0.41300000000000003,0.242431,0.04218299399999999,1.6090870528695755
0.41400000000000003,0.24260400000000001,0.041727887999999984,1.609031103037657
0.41500000000000004,0.24277500000000002,0.04127174999999999,1.6089710312589829
0.41600000000000004,0.242944,0.04081459199999998,1.6089068404368803
0.41700000000000004,0.243111,0.04035642599999998,1.608838533436705
0.418,0.24327600000000002,0.03989726400000001,1.6087661130859892
0.419,0.24343899999999996,0.039437118,1.6086895821745897
0.42,0.2436,0.03897600000000001,1.608608943454834
0.421,0.24375899999999998,0.038513922000000006,1.6085241996416628
0.422,0.24391600000000002,0.03805089600000001,1.6084353534127702
0.423,0.24407099999999998,0.037586934,1.608342407408744
0.424,0.24422400000000002,0.03712204800000001,1.6082453642332015
0.425,0.24437499999999998,0.03665625,1.608144226452923
0.426,0.24452400000000002,0.03618955200000001,1.608038996597986
0.427,0.24467099999999997,0.035721966,1.6079296771618923
0.428,0.24481600000000003,0.03525350400000001,1.607816270601699
0.429,0.24495899999999998,0.034784178,1.607698779338143
0.43,0.2451,0.034314000000000004,1.607577205755765
0.431,0.24523899999999998,0.033842982,1.6074515522030302
0.432,0.245376,0.033371136,1.6073218209924502
0.433,0.24551099999999998,0.032898474,1.607188014400698
0.434,0.24564400000000003,0.032425008000000005,1.6070501346687263
0.435,0.24577499999999997,0.03195075,1.6069081840018784
0.436,0.245904,0.031475712,1.6067621645700028
0.437,0.24603099999999997,0.030999905999999997,1.6066120785075604
0.438,0.246156,0.030523344,1.606457927913733
0.439,0.24627899999999997,0.030046037999999997,1.6062997148525295
0.44,0.24640000000000004,0.029568000000000004,1.6061374413528902
0.441,0.246519,0.029089241999999998,1.6059711094087867
0.442,0.24663600000000002,0.028609776,1.605800720979324
0.443,0.24675099999999997,0.028129613999999994,1.6056262779888377
0.444,0.24686400000000003,0.027648768,1.6054477823269901
0.445,0.24697499999999997,0.027167249999999993,1.6052652358488655
0.446,0.24708400000000003,0.026685072,1.6050786403750616
0.447,0.24719099999999997,0.02620224599999999,1.604887997691781
0.448,0.24729600000000002,0.025718783999999998,1.6046933095509193
0.449,0.24739899999999998,0.025234697999999993,1.604494577670153
0.45,0.24750000000000003,0.024749999999999998,1.604291803733024
0.451,0.24759899999999999,0.024264701999999992,1.6040849893890243
0.452,0.24769600000000003,0.023778815999999998,1.6038741362536755
0.453,0.24779099999999998,0.02329235399999999,1.6036592459086103
0.454,0.24788400000000002,0.022805327999999996,1.60344031990165
0.455,0.24797499999999997,0.02231774999999999,1.6032173597468815
0.456,0.24806400000000003,0.021829631999999995,1.6029903669247312
0.457,0.24815099999999998,0.02134098599999999,1.602759342882037
0.458,0.24823600000000004,0.020851823999999995,1.6025242890321225
0.459,0.24831899999999998,0.020362157999999988,1.6022852067548623
0.46,0.24840000000000004,0.019871999999999994,1.6020420973967537
0.461,0.24847899999999998,0.01938136199999999,1.6017949622709784
0.462,0.24855600000000003,0.01889025599999999,1.6015438026574715
0.463,0.24863099999999996,0.018398693999999986,1.6012886198029799
0.464,0.24870400000000004,0.01790668799999999,1.6010294149211262
0.465,0.24877499999999997,0.017414249999999985,1.600766189192466
0.466,0.24884400000000004,0.01692139199999999,1.600498943764547
0.467,0.24891099999999997,0.016428125999999984,1.6002276797519637
0.468,0.24897600000000003,0.01593446399999999,1.5999523982364123
0.46900000000000003,0.24903899999999998,0.015440417999999985,1.599673100266743
0.47000000000000003,0.24910000000000002,0.014945999999999987,1.5993897868590117
0.47100000000000003,0.24915899999999996,0.014451221999999982,1.5991024589965281
0.47200000000000003,0.24921600000000002,0.013956095999999986,1.598811117629905
0.47300000000000003,0.24927099999999996,0.013460633999999982,1.5985157636771028
0.47400000000000003,0.24932400000000002,0.012964847999999985,1.5982163980234754
0.47500000000000003,0.24937499999999999,0.012468749999999983,1.5979130215218116
0.47600000000000003,0.24942400000000003,0.011972351999999985,1.5976056349923786
0.47700000000000004,0.24947099999999997,0.011475665999999982,1.597294239222959
0.47800000000000004,0.24951600000000002,0.010978703999999983,1.596978834968891
0.47900000000000004,0.24955899999999998,0.01048147799999998,1.5966594229531033
0.48000000000000004,0.24960000000000002,0.009983999999999982,1.5963360038661523
0.481,0.249639,0.009486282000000009,1.5960085783662523
0.482,0.249676,0.008988336000000008,1.5956771470793099
0.483,0.249711,0.008490174000000007,1.595341710598953
0.484,0.249744,0.007991808000000006,1.5950022694865589
0.485,0.249775,0.007493250000000007,1.5946588242712836
0.486,0.249804,0.0069945120000000065,1.5943113754500842
0.487,0.249831,0.006495606000000005,1.5939599234877446
0.488,0.249856,0.0059965440000000056,1.5936044688168987
0.489,0.249879,0.005497338000000004,1.5932450118380488
0.49,0.2499,0.004998000000000005,1.5928815529195872
0.491,0.249919,0.004498542000000004,1.5925140923978125
0.492,0.249936,0.003998976000000003,1.5921426305769455
0.493,0.249951,0.0034993140000000034,1.5917671677291456
0.494,0.249964,0.0029995680000000024,1.5913877040945223
0.495,0.249975,0.0024997500000000024,1.591004239881147
0.496,0.249984,0.001999872000000002,1.5906167752650633
0.497,0.249991,0.0014999460000000013,1.590225310390296
0.498,0.249996,0.0009999840000000009,1.5898298453688557
0.499,0.249999,0.0004999980000000004,1.5894303802807475
0.5,0.25,0.0,1.5890269151739727
0.501,0.249999,-0.0004999980000000004,1.5886194500645314
0.502,0.249996,-0.0009999840000000009,1.588207984936423
0.503,0.249991,-0.0014999460000000013,1.587792519741647
0.504,0.249984,-0.001999872000000002,1.587373054400198
0.505,0.249975,-0.0024997500000000024,1.5869495888000653
0.506,0.249964,-0.0029995680000000024,1.5865221227972244
0.507,0.249951,-0.0034993140000000034,1.5860906562156314
0.508,0.249936,-0.003998976000000003,1.5856551888472148
0.509,0.249919,-0.004498542000000004,1.5852157204518653
0.51,0.2499,-0.004998000000000005,1.584772250757424
0.511,0.249879,-0.005497338000000004,1.5843247794596693
0.512,0.249856,-0.0059965440000000056,1.5838733062223027
0.513,0.249831,-0.006495606000000005,1.5834178306769324
0.514,0.249804,-0.0069945120000000065,1.5829583524230553
0.515,0.249775,-0.007493250000000007,1.5824948710280387
0.516,0.249744,-0.007991808000000006,1.582027386027098
0.517,0.249711,-0.008490174000000007,1.5815558969232753
0.518,0.249676,-0.008988336000000008,1.581080403187416
0.519,0.249639,-0.009486282000000009,1.580600904258142
0.52,0.2496,-0.009984000000000008,1.5801173995418258
0.521,0.249559,-0.01048147800000001,1.5796298884125606
0.522,0.249516,-0.01097870400000001,1.5791383702121315
0.523,0.249471,-0.01147566600000001,1.5786428442499834
0.524,0.249424,-0.01197235200000001,1.5781433098031865
0.525,0.24937499999999999,-0.012468750000000011,1.5776397661164032
0.526,0.249324,-0.012964848000000011,1.5771322124018505
0.527,0.249271,-0.013460634000000011,1.576620647839262
0.528,0.249216,-0.013956096000000012,1.5761050715758476
0.529,0.249159,-0.014451222000000012,1.5755854827262545
0.53,0.2491,-0.014946000000000013,1.5750618803725218
0.531,0.249039,-0.015440418000000015,1.574534263564037
0.532,0.248976,-0.015934464000000013,1.5740026313174897
0.533,0.248911,-0.016428126000000015,1.573466982616825
0.534,0.248844,-0.016921392000000014,1.572927316413192
0.535,0.248775,-0.017414250000000017,1.5723836316248945
0.536,0.248704,-0.017906688000000018,1.571835927137338
0.537,0.248631,-0.018398694000000014,1.5712842018029756
0.538,0.248556,-0.018890256000000015,1.570728454441251
0.539,0.248479,-0.019381362000000017,1.5701686838385418
0.54,0.2484,-0.019872000000000018,1.5696048887481004
0.541,0.24831899999999998,-0.020362158000000016,1.569037067889993
0.542,0.24823599999999998,-0.02085182400000002,1.5684652199510367
0.543,0.248151,-0.02134098600000002,1.567889343584735
0.544,0.248064,-0.02182963200000002,1.5673094374112124
0.545,0.247975,-0.02231775000000002,1.5667255000171467
0.546,0.247884,-0.02280532800000002,1.5661375299556988
0.547,0.24779099999999998,-0.02329235400000002,1.5655455257464426
0.548,0.247696,-0.023778816000000022,1.5649494858752917
0.549,0.24759899999999999,-0.02426470200000002,1.5643494087944243
0.55,0.2475,-0.024750000000000022,1.5637452929222078
0.551,0.247399,-0.025234698000000024,1.5631371366431202
0.552,0.247296,-0.025718784000000022,1.56252493830767
0.553,0.247191,-0.026202246000000023,1.5619086962323154
0.554,0.247084,-0.026685072000000025,1.56128840869938
0.555,0.246975,-0.027167250000000025,1.5606640739569675
0.556,0.246864,-0.027648768000000025,1.560035690218876
0.557,0.246751,-0.028129614000000025,1.559403255664507
0.558,0.246636,-0.028609776000000024,1.558766768438777
0.559,0.246519,-0.029089242000000026,1.5581262266520233
0.56,0.24639999999999998,-0.029568000000000025,1.5574816283799104
0.561,0.246279,-0.030046038000000025,1.5568329716633338
0.562,0.24615599999999999,-0.030523344000000025,1.5561802545083205
0.5630000000000001,0.246031,-0.03099990600000003,1.5555234748859317
0.5640000000000001,0.24590399999999998,-0.031475712000000024,1.554862630732158
0.5650000000000001,0.245775,-0.03195075000000003,1.5541977199478172
0.5660000000000001,0.245644,-0.032425008000000026,1.5535287403984483
0.5670000000000001,0.24551099999999998,-0.032898474000000025,1.552855689914204
0.5680000000000001,0.24537599999999998,-0.03337113600000003,1.5521785662897398
0.5690000000000001,0.24523899999999998,-0.03384298200000003,1.5514973672841037
0.5700000000000001,0.24509999999999998,-0.034314000000000025,1.5508120906206218
0.5710000000000001,0.24495899999999998,-0.03478417800000003,1.5501227339867838
0.5720000000000001,0.24481599999999998,-0.035253504000000026,1.5494292950341233
0.5730000000000001,0.244671,-0.03572196600000003,1.5487317713781001
0.5740000000000001,0.244524,-0.03618955200000003,1.5480301605979774
0.5750000000000001,0.24437499999999998,-0.03665625000000003,1.5473244602366985
0.5760000000000001,0.244224,-0.03712204800000003,1.5466146678007604
0.5770000000000001,0.24407099999999998,-0.03758693400000003,1.5459007807600869
0.578,0.243916,-0.03805089599999998,1.5451827965478966
0.579,0.243759,-0.03851392199999998,1.5444607125605727
0.58,0.2436,-0.03897599999999998,1.543734526157528
0.581,0.24343900000000002,-0.039437117999999986,1.5430042346610673
0.582,0.24327600000000002,-0.03989726399999999,1.5422698353562503
0.583,0.243111,-0.04035642599999998,1.5415313254907494
0.584,0.242944,-0.04081459199999998,1.5407887022747087
0.585,0.24277500000000002,-0.04127174999999999,1.5400419628805948
0.586,0.24260400000000001,-0.041727887999999984,1.5392911044430528
0.587,0.242431,-0.04218299399999999,1.538536124058755
0.588,0.242256,-0.042637055999999986,1.5377770187862487
0.589,0.24207900000000002,-0.043090061999999985,1.5370137856458008
0.59,0.2419,-0.043541999999999983,1.5362464216192433
0.591,0.24171900000000002,-0.04399285799999999,1.5354749236498115
0.592,0.241536,-0.044442623999999986,1.5346992886419841
0.593,0.241351,-0.04489128599999999,1.533919513461318
0.594,0.24116400000000002,-0.04533883199999999,1.5331355949342826
0.595,0.240975,-0.045785249999999986,1.532347529848091
0.596,0.240784,-0.046230527999999986,1.5315553149505274
0.597,0.240591,-0.04667465399999999,1.530758946949776
0.598,0.240396,-0.04711761599999999,1.5299584225142402
0.599,0.240199,-0.04755940199999999,1.5291537382723677
0.6,0.24,-0.04799999999999999,1.5283448908124675
0.601,0.239799,-0.048439397999999995,1.5275318766825245
0.602,0.239596,-0.04887758399999999,1.5267146923900152
0.603,0.239391,-0.04931454599999999,1.5258933344017163
0.604,0.239184,-0.04975027199999999,1.525067799143513
0.605,0.238975,-0.05018474999999999,1.5242380830002051
0.606,0.238764,-0.05061796799999999,1.5234041823153088
0.607,0.238551,-0.051049913999999995,1.5225660933908558
0.608,0.238336,-0.05148057599999999,1.521723812487192
0.609,0.238119,-0.051909941999999994,1.5208773358227694
0.61,0.2379,-0.052337999999999996,1.5200266595739387
0.611,0.237679,-0.05276473799999999,1.519171779874738
0.612,0.237456,-0.053190143999999995,1.5183126928166764
0.613,0.237231,-0.053614206,1.5174493944485188
0.614,0.237004,-0.05403691199999999,1.5165818807760636
0.615,0.236775,-0.05445825,1.5157101477619204
0.616,0.236544,-0.054878208,1.5148341913252823
0.617,0.236311,-0.05529677399999999,1.5139540073416977
0.618,0.236076,-0.055713936,1.5130695916428365
0.619,0.235839,-0.05612968199999999,1.512180940016255
0.62,0.2356,-0.056544,1.5112880482051558
0.621,0.235359,-0.056956878,1.510390911908147
0.622,0.235116,-0.057368303999999995,1.5094895267789945
0.623,0.234871,-0.057778266,1.5085838884263767
0.624,0.234624,-0.058186752,1.507673992413629
0.625,0.234375,-0.05859375,1.506759834258489
0.626,0.234124,-0.058999248,1.5058414094328394
0.627,0.233871,-0.059403234,1.5049187133624433
0.628,0.233616,-0.059805696,1.5039917414266801
0.629,0.233359,-0.060206622,1.503060488958276
0.63,0.2331,-0.060606,1.5021249512430288
0.631,0.232839,-0.061003818,1.501185123519535
0.632,0.232576,-0.061400064000000004,1.5002410009789064
0.633,0.232311,-0.061794726,1.499292578764488
0.634,0.232044,-0.062187792000000006,1.4983398519715694
0.635,0.231775,-0.06257925,1.4973828156470939
0.636,0.231504,-0.062969088,1.4964214647893628
0.637,0.231231,-0.06335729400000001,1.4954557943477371
0.638,0.230956,-0.063743856,1.4944857992223328
0.639,0.230679,-0.064128762,1.493511474263715
0.64,0.2304,-0.064512,1.4925328142725862
0.641,0.230119,-0.064893558,1.4915498139994718
0.642,0.22983599999999998,-0.065273424,1.4905624681443994
0.643,0.229551,-0.06565158600000001,1.4895707713565765
0.644,0.229264,-0.066028032,1.4885747182340623
0.645,0.22897499999999998,-0.06640275000000001,1.4875743033234348
0.646,0.228684,-0.066775728,1.4865695211194554
0.647,0.22839099999999998,-0.06714695400000001,1.4855603660647279
0.648,0.228096,-0.06751641600000001,1.484546832549352
0.649,0.227799,-0.06788410200000002,1.4835289149105746
0.65,0.22749999999999998,-0.06825,1.4825066074324353
0.651,0.22719899999999998,-0.06861409800000001,1.4814799043454063
0.652,0.226896,-0.068976384,1.4804487998260285
0.653,0.226591,-0.06933684600000001,1.4794132879965458
0.654,0.22628399999999999,-0.06969547200000001,1.4783733629245268
0.655,0.22597499999999998,-0.07005225000000001,1.4773290186224899
0.656,0.225664,-0.07040716800000002,1.4762802490475195
0.657,0.225351,-0.07076021400000002,1.475227048100876
0.658,0.22503599999999999,-0.071111376,1.4741694096276048
0.659,0.224719,-0.07146064200000002,1.4731073274161348
0.66,0.2244,-0.07180800000000001,1.472040795197877
0.661,0.224079,-0.07215343800000001,1.4709698066468129
0.662,0.22375599999999998,-0.07249694400000001,1.4698943553790822
0.663,0.223431,-0.07283850600000001,1.4688144349525611
0.664,0.223104,-0.07317811200000002,1.4677300388664367
0.665,0.222775,-0.07351575000000002,1.4666411605607772
0.666,0.22244399999999998,-0.07385140800000001,1.465547793416092
0.667,0.22211099999999998,-0.074185074,1.4644499307528922
0.668,0.221776,-0.07451673600000001,1.4633475658312394
0.669,0.221439,-0.07484638200000002,1.4622406918502922
0.67,0.2211,-0.07517400000000002,1.4611293019478453
0.671,0.22075899999999998,-0.07549957800000001,1.4600133891998626
0.672,0.22041599999999997,-0.075823104,1.4588929466200045
0.673,0.220071,-0.07614456600000001,1.4577679671591484
0.674,0.21972399999999997,-0.07646395200000002,1.4566384437049023
0.675,0.219375,-0.07678125000000001,1.4555043690811136
0.676,0.219024,-0.07709644800000001,1.454365736047369
0.677,0.21867099999999998,-0.07740953400000002,1.4532225372984913
0.678,0.21831599999999998,-0.07772049600000001,1.4520747654640236
0.679,0.21795899999999999,-0.07802932200000001,1.4509224131077132
0.68,0.2176,-0.07833600000000002,1.4497654727269842
0.681,0.217239,-0.07864051800000002,1.4486039367524035
0.682,0.21687599999999999,-0.07894286400000002,1.447437797547141
0.683,0.21651099999999998,-0.07924302600000002,1.446267047406423
0.684,0.21614399999999998,-0.07954099200000002,1.4450916785569736
0.685,0.21577499999999997,-0.07983675000000001,1.4439116831564554
0.686,0.21540399999999998,-0.08013028800000002,1.4427270532928973
0.687,0.21503099999999997,-0.08042159400000001,1.441537780984116
0.6880000000000001,0.21465599999999999,-0.08071065600000002,1.4403438581771308
0.6890000000000001,0.21427899999999997,-0.080997462,1.4391452767475688
0.6900000000000001,0.21389999999999998,-0.08128200000000002,1.4379420284990632
0.6910000000000001,0.213519,-0.08156425800000001,1.4367341051626419
0.6920000000000001,0.21313599999999996,-0.08184422400000001,1.4355214983961087
0.6930000000000001,0.21275099999999997,-0.08212188600000002,1.434304199783416
0.6940000000000001,0.21236399999999997,-0.08239723200000001,1.4330822008340296
0.6950000000000001,0.21197499999999997,-0.08267025000000001,1.4318554929822813
0.6960000000000001,0.21158399999999997,-0.08294092800000001,1.4306240675867168
0.6970000000000001,0.21119099999999996,-0.08320925400000001,1.429387915929432
0.6980000000000001,0.21079599999999998,-0.08347521600000002,1.4281470292154013
0.6990000000000001,0.21039899999999997,-0.08373880200000001,1.4269013985717947
0.7000000000000001,0.20999999999999996,-0.08400000000000002,1.425651015047288
0.7010000000000001,0.20959899999999998,-0.08425879800000002,1.4243958696113603
0.7020000000000001,0.20919599999999997,-0.08451518400000002,1.4231359531535852
0.7030000000000001,0.20879099999999998,-0.08476914600000002,1.421871256482908
0.7040000000000001,0.20838399999999996,-0.085020672,1.4206017703269151
0.705,0.20797500000000002,-0.08526974999999999,1.4193274853310944
0.706,0.20756400000000003,-0.085516368,1.4180483920580813
0.707,0.20715100000000003,-0.085760514,1.4167644809868971
0.708,0.206736,-0.08600217599999999,1.4154757425121747
0.709,0.206319,-0.08624134199999998,1.4141821669433756
0.71,0.20590000000000003,-0.086478,1.412883744503993
0.711,0.20547900000000002,-0.086712138,1.4115804653307449
0.712,0.20505600000000002,-0.08694374399999999,1.4102723194727544
0.713,0.204631,-0.08717280599999999,1.4089592968907212
0.714,0.20420400000000002,-0.08739931199999999,1.4076413874560765
0.715,0.203775,-0.08762324999999999,1.4063185809501284
0.716,0.20334400000000002,-0.087844608,1.404990867063196
0.717,0.202911,-0.08806337399999999,1.403658235393729
0.718,0.20247600000000002,-0.08827953599999999,1.4023206754474118
0.719,0.20203900000000002,-0.088493082,1.4009781766362615
0.72,0.2016,-0.08870399999999999,1.3996307282777058
0.721,0.201159,-0.088912278,1.398278319593651
0.722,0.200716,-0.089117904,1.3969209397095343
0.723,0.200271,-0.089320866,1.3955585776533643
0.724,0.199824,-0.08952115199999999,1.3941912223547437
0.725,0.199375,-0.08971874999999999,1.3928188626438813
0.726,0.19892400000000002,-0.089913648,1.3914414872505863
0.727,0.198471,-0.090105834,1.3900590848032488
0.728,0.198016,-0.090295296,1.3886716438278044
0.729,0.197559,-0.090482022,1.3872791527466841
0.73,0.1971,-0.090666,1.3858815998777467
0.731,0.196639,-0.090847218,1.384478973433196
0.732,0.19617600000000002,-0.091025664,1.3830712615184808
0.733,0.195711,-0.09120132599999999,1.38165845213118
0.734,0.195244,-0.09137419199999999,1.380240533159868
0.735,0.194775,-0.09154425,1.3788174923829621
0.736,0.194304,-0.091711488,1.3773893174675573
0.737,0.193831,-0.091875894,1.3759559959682366
0.738,0.193356,-0.09203745599999999,1.3745175153258655
0.739,0.192879,-0.092196162,1.3730738628663692
0.74,0.19240000000000002,-0.092352,1.3716250257994884
0.741,0.191919,-0.092504958,1.3701709912175164
0.742,0.191436,-0.09265502399999999,1.3687117460940152
0.743,0.190951,-0.09280218600000001,1.3672472772825142
0.744,0.190464,-0.092946432,1.365777571515184
0.745,0.189975,-0.09308775,1.3643026154014937
0.746,0.189484,-0.093226128,1.3628223954268424
0.747,0.188991,-0.093361554,1.3613368979511709
0.748,0.188496,-0.093494016,1.359846109207552
0.749,0.187999,-0.093623502,1.3583500153007564
0.75,0.1875,-0.09375,1.3568486022057948
0.751,0.186999,-0.093873498,1.3553418557664378
0.752,0.186496,-0.093993984,1.3538297616937118
0.753,0.185991,-0.094111446,1.3523123055643689
0.754,0.185484,-0.094225872,1.3507894728193306
0.755,0.184975,-0.09433725,1.3492612487621107
0.756,0.184464,-0.094445568,1.3477276185572062
0.757,0.183951,-0.09455081400000001,1.3461885672284644
0.758,0.183436,-0.094652976,1.3446440796574224
0.759,0.182919,-0.09475204200000001,1.343094140581619
0.76,0.1824,-0.094848,1.3415387345928775
0.761,0.18187899999999999,-0.094940838,1.3399778461355596
0.762,0.181356,-0.095030544,1.33841145950479
0.763,0.180831,-0.09511710599999999,1.3368395588446504
0.764,0.180304,-0.095200512,1.3352621281463435
0.765,0.179775,-0.09528075,1.3336791512463237
0.766,0.179244,-0.095357808,1.3320906118243978
0.767,0.17871099999999998,-0.095431674,1.3304964934017909
0.768,0.178176,-0.09550233600000001,1.3288967793391804
0.769,0.177639,-0.095569782,1.327291452834694
0.77,0.17709999999999998,-0.095634,1.3256804969218736
0.771,0.176559,-0.095694978,1.3240638944676042
0.772,0.17601599999999998,-0.095752704,1.322441628170004
0.773,0.175471,-0.095807166,1.32081368055628
0.774,0.174924,-0.09585835200000001,1.3191800339805422
0.775,0.17437499999999997,-0.09590625,1.3175406706215809
0.776,0.17382399999999998,-0.09595084799999999,1.3158955724806045
0.777,0.17327099999999998,-0.09599213399999999,1.3142447213789343
0.778,0.17271599999999998,-0.096030096,1.3125880989556602
0.779,0.17215899999999998,-0.09606472199999999,1.3109256866652503
0.78,0.17159999999999997,-0.096096,1.3092574657751217
0.781,0.171039,-0.096123918,1.307583417363162
0.782,0.170476,-0.096148464,1.3059035223152073
0.783,0.16991099999999998,-0.096169626,1.3042177613224752
0.784,0.169344,-0.09618739200000001,1.3025261148789464
0.785,0.16877499999999998,-0.09620175,1.3008285632786996
0.786,0.168204,-0.096212688,1.299125086613197
0.787,0.16763099999999997,-0.096220194,1.2974156647685176
0.788,0.16705599999999998,-0.09622425600000001,1.295700277422538
0.789,0.166479,-0.09622486200000001,1.2939789040420602
0.79,0.1659,-0.096222,1.2922515238798853
0.791,0.16531899999999997,-0.096215658,1.290518115971829
0.792,0.16473599999999997,-0.096205824,1.2887786591336812
0.793,0.164151,-0.09619248600000001,1.2870331319581063
0.794,0.163564,-0.09617563200000001,1.2852815128114847
0.795,0.16297499999999998,-0.09615525,1.2835237798306884
0.796,0.16238399999999997,-0.096131328,1.2817599109197988
0.797,0.16179099999999996,-0.09610385399999999,1.2799898837467554
0.798,0.16119599999999998,-0.096072816,1.2782136757399407
0.799,0.16059899999999996,-0.09603820199999999,1.2764312640846955
0.8,0.15999999999999998,-0.096,1.274642625719766
0.801,0.15939899999999999,-0.09595819800000001,1.2728477373336773
0.802,0.15879599999999996,-0.09591278399999999,1.2710465753610363
0.803,0.15819099999999997,-0.095863746,1.2692391159787573
0.804,0.15758399999999997,-0.095811072,1.267425335102212
0.805,0.15697499999999998,-0.09575475,1.2656052083813
0.806,0.15636399999999998,-0.095694768,1.263778711196438
0.807,0.15575099999999997,-0.095631114,1.2619458186544663
0.808,0.15513599999999997,-0.095563776,1.2601065055844707
0.809,0.15451899999999996,-0.09549274199999999,1.2582607465335154
0.81,0.15389999999999995,-0.09541799999999999,1.2564085157622888
0.811,0.15327899999999997,-0.095339538,1.254549787240653
0.812,0.15265599999999996,-0.095257344,1.2526845346431044
0.8130000000000001,0.15203099999999997,-0.095171406,1.2508127313441313
0.8140000000000001,0.15140399999999996,-0.09508171199999998,1.2489343504134776
0.8150000000000001,0.15077499999999996,-0.09498825,1.2470493646112994
0.8160000000000001,0.15014399999999997,-0.094891008,1.2451577463832197
0.8170000000000001,0.14951099999999995,-0.09478997399999999,1.243259467855274
0.8180000000000001,0.14887599999999995,-0.09468513599999999,1.2413545008287443
0.8190000000000001,0.14823899999999995,-0.09457648199999999,1.2394428167748817
0.8200000000000001,0.14759999999999995,-0.09446399999999999,1.237524386829509
0.8210000000000001,0.14695899999999995,-0.09434767799999999,1.235599181787505
0.8220000000000001,0.14631599999999995,-0.09422750399999999,1.2336671720971646
0.8230000000000001,0.14567099999999997,-0.094103466,1.231728327854431
0.8240000000000001,0.14502399999999996,-0.09397555199999999,1.2297826187969998
0.8250000000000001,0.14437499999999995,-0.09384374999999999,1.2278300142982843
0.8260000000000001,0.14372399999999996,-0.093708048,1.225870483361247
0.8270000000000001,0.14307099999999995,-0.09356843399999999,1.223903994612086
0.8280000000000001,0.14241599999999996,-0.093424896,1.2219305162937775
0.8290000000000001,0.14175899999999994,-0.09327742199999998,1.2199500162594639
0.8300000000000001,0.14109999999999995,-0.09312599999999999,1.2179624619656915
0.8310000000000001,0.14043899999999995,-0.09297061799999999,1.2159678204654851
0.8320000000000001,0.13977599999999996,-0.09281126399999999,1.2139660584012608
0.8330000000000001,0.13911099999999996,-0.09264792599999999,1.2119571419975677
0.834,0.138444,-0.092480592,1.2099410370536567
0.835,0.13777500000000004,-0.09230925000000001,1.2079177089358695
0.836,0.13710400000000003,-0.09213388800000001,1.2058871225698424
0.837,0.13643100000000002,-0.09195449400000001,1.2038492424325202
0.838,0.13575600000000002,-0.091771056,1.2018040325439732
0.839,0.13507900000000003,-0.09158356200000001,1.1997514564590124
0.84,0.13440000000000002,-0.091392,1.1976914772585947
0.841,0.13371900000000003,-0.09119635800000002,1.1956240575410144
0.842,0.13303600000000002,-0.090996624,1.1935491594128727
0.843,0.13235100000000002,-0.09079278600000001,1.1914667444798157
0.844,0.13166400000000003,-0.09058483200000002,1.1893767738370404
0.845,0.130975,-0.09037275,1.187279208059553
0.846,0.130284,-0.090156528,1.185174007192176
0.847,0.129591,-0.089936154,1.1830611307392989
0.848,0.128896,-0.08971161600000001,1.1809405376543556
0.849,0.128199,-0.089482902,1.1788121863290277
0.85,0.1275,-0.08925,1.1766760345821607
0.851,0.12679900000000002,-0.08901289800000001,1.1745320396483843
0.852,0.126096,-0.088771584,1.1723801581664248
0.853,0.125391,-0.088526046,1.1702203461671061
0.854,0.12468400000000002,-0.088276272,1.1680525590610187
0.855,0.12397500000000002,-0.08802225000000001,1.165876751625853
0.856,0.12326400000000001,-0.08776396800000001,1.1636928779933826
0.857,0.12255100000000001,-0.087501414,1.161500891636086
0.858,0.12183600000000001,-0.08723457600000001,1.159300745353391
0.859,0.121119,-0.086963442,1.1570923912575366
0.86,0.12040000000000001,-0.086688,1.1548757807590269
0.861,0.11967900000000001,-0.086408238,1.1526508645516749
0.862,0.118956,-0.086124144,1.1504175925972113
0.863,0.118231,-0.085835706,1.1481759141094494
0.864,0.11750400000000001,-0.08554291200000001,1.1459257775379856
0.865,0.116775,-0.08524575,1.143667130551421
0.866,0.11604400000000001,-0.08494420800000001,1.1413999200200855
0.867,0.11531100000000001,-0.084638274,1.1391240919982453
0.868,0.11457600000000001,-0.084327936,1.1368395917057752
0.869,0.11383900000000001,-0.084013182,1.1345463635092754
0.87,0.1131,-0.083694,1.1322443509026103
0.871,0.112359,-0.083370378,1.12993349648685
0.872,0.111616,-0.08304230400000001,1.1276137419495862
0.873,0.110871,-0.082709766,1.1252850280436055
0.874,0.110124,-0.082372752,1.1229472945648868
0.875,0.109375,-0.08203125,1.1206004803299026
0.876,0.108624,-0.081685248,1.1182445231521911
0.877,0.107871,-0.08133473399999999,1.1158793598181747
0.878,0.107116,-0.080979696,1.1135049260621885
0.879,0.106359,-0.080620122,1.111121156540694
0.88,0.1056,-0.080256,1.1087279848056346
0.881,0.104839,-0.079887318,1.1063253432769078
0.882,0.104076,-0.07951406400000001,1.1039131632139072
0.883,0.103311,-0.079136226,1.1014913746861035
0.884,0.102544,-0.078753792,1.0990599065426143
0.885,0.10177499999999999,-0.07836675,1.09661868638073
0.886,0.101004,-0.077975088,1.094167640513339
0.887,0.10023099999999999,-0.07757879399999999,1.0917066939352134
0.888,0.09945599999999999,-0.07717785599999999,1.0892357702880993
0.889,0.09867899999999999,-0.076772262,1.0867547918245584
0.89,0.09789999999999999,-0.076362,1.0842636793705094
0.891,0.09711899999999998,-0.07594705799999998,1.0817623522864046
0.892,0.09633599999999999,-0.075527424,1.07925072842698
0.893,0.09555099999999998,-0.07510308599999999,1.0767287240995183
0.894,0.09476399999999999,-0.07467403199999999,1.074196254020547
0.895,0.09397499999999999,-0.07424025,1.0716532312709042
0.896,0.09318399999999999,-0.073801728,1.0690995672490908
0.897,0.09239099999999999,-0.07335845399999999,1.0665351716228306
0.898,0.09159599999999998,-0.07291041599999999,1.0639599522787442
0.899,0.09079899999999998,-0.07245760199999998,1.061373815270053
0.9,0.08999999999999998,-0.072,1.0587766647622099
0.901,0.08919899999999999,-0.071537598,1.0561684029763536
0.902,0.08839599999999997,-0.07107038399999999,1.0535489301304797
0.903,0.08759099999999997,-0.07059834599999998,1.0509181443782083
0.904,0.08678399999999997,-0.07012147199999998,1.0482759417450263
0.905,0.08597499999999998,-0.06963974999999999,1.0456222160618733
0.906,0.08516399999999998,-0.06915316799999999,1.0429568588959302
0.907,0.08435099999999998,-0.06866171399999998,1.0402797594784599
0.908,0.08353599999999997,-0.06816537599999999,1.0375908046295474
0.909,0.08271899999999997,-0.06766414199999998,1.0348898786795637
0.91,0.08189999999999997,-0.06715799999999998,1.0321768633871782
0.911,0.08107899999999997,-0.06664693799999998,1.0294516378537264
0.912,0.08025599999999997,-0.06613094399999998,1.0267140784337283
0.913,0.07943099999999997,-0.06561000599999998,1.0239640586413377
0.914,0.07860399999999997,-0.06508411199999997,1.0212014490524894
0.915,0.07777499999999997,-0.06455324999999998,1.0184261172024973
0.916,0.07694399999999997,-0.06401740799999998,1.0156379274788265
0.917,0.07611099999999997,-0.06347657399999998,1.012836741008764
0.918,0.07527599999999997,-0.06293073599999997,1.0100224155416726
0.919,0.07443899999999996,-0.06237988199999998,1.0071948053254995
0.92,0.07359999999999997,-0.06182399999999998,1.0043537609771858
0.921,0.07275899999999996,-0.06126307799999998,1.001499129346595
0.922,0.07191599999999997,-0.060697103999999974,0.9986307533735513
0.923,0.07107099999999997,-0.06012606599999998,0.9957484719375447
0.924,0.07022399999999997,-0.059549951999999975,0.9928521196996254
0.925,0.06937499999999996,-0.05896874999999997,0.9899415269359779
0.926,0.06852399999999996,-0.05838244799999997,0.9870165193626157
0.927,0.06767099999999997,-0.05779103399999998,0.9840769179505979
0.928,0.06681599999999996,-0.05719449599999997,0.98112253873112
0.929,0.06595899999999996,-0.05659282199999997,0.9781531925897725
0.93,0.06509999999999996,-0.05598599999999997,0.9751686850492081
0.931,0.06423899999999996,-0.055374017999999976,0.9721688160393853
0.932,0.06337599999999996,-0.054756863999999975,0.9691533796544912
0.933,0.06251099999999996,-0.05413452599999997,0.9661221638955626
0.934,0.061643999999999956,-0.05350699199999997,0.963074950397738
0.935,0.060774999999999954,-0.05287424999999997,0.9600115141409741
0.936,0.05990399999999995,-0.052236287999999964,0.9569316231429597
0.937,0.05903099999999995,-0.051593093999999964,0.9538350381328284
0.9380000000000001,0.05815599999999995,-0.05094465599999996,0.950721512204154
0.9390000000000001,0.05727899999999995,-0.05029096199999996,0.9475907904455494
0.9400000000000001,0.05639999999999995,-0.04963199999999996,0.9444426095470395
0.9410000000000001,0.05551899999999995,-0.048967757999999965,0.9412766973801842
0.9420000000000001,0.05463599999999995,-0.04829822399999996,0.9380927725497293
0.9430000000000001,0.053750999999999945,-0.047623385999999955,0.9348905439143278
0.9440000000000001,0.052863999999999946,-0.04694323199999996,0.9316697100736183
0.9450000000000001,0.051974999999999945,-0.04625774999999996,0.9284299588186584
0.9460000000000001,0.05108399999999994,-0.04556692799999996,0.9251709665423753
0.9470000000000001,0.050190999999999944,-0.04487075399999996,0.9218923976063362
0.9480000000000001,0.049295999999999944,-0.044169215999999956,0.9185939036597118
0.9490000000000001,0.04839899999999994,-0.04346230199999995,0.9152751229058363
0.9500000000000001,0.04749999999999994,-0.04274999999999995,0.9119356793112259
0.9510000000000001,0.04659899999999994,-0.042032297999999954,0.9085751817512954
0.9520000000000001,0.04569599999999994,-0.04130918399999995,0.9051932230863154
0.9530000000000001,0.044790999999999935,-0.04058064599999995,0.9017893791603384
0.9540000000000001,0.04388399999999994,-0.03984667199999995,0.898363207714894
0.9550000000000001,0.04297499999999994,-0.03910724999999995,0.8949142472081877
0.9560000000000001,0.042063999999999935,-0.038362367999999945,0.8914420155292981
0.9570000000000001,0.04115099999999993,-0.037612013999999944,0.8879460085954328
0.9580000000000001,0.04023599999999993,-0.03685617599999994,0.8844256988186392
0.9590000000000001,0.03931899999999993,-0.03609484199999994,0.8808805334264229
0.9600000000000001,0.03839999999999993,-0.035327999999999936,0.8773099326184446
0.961,0.03747900000000003,-0.03455563800000003,0.8737132875387936
0.962,0.03655600000000003,-0.033777744000000026,0.8700899580401805
0.963,0.03563100000000003,-0.03299430600000003,0.8664392702126533
0.964,0.034704000000000026,-0.03220531200000002,0.8627605136449904
0.965,0.03377500000000003,-0.03141075000000002,0.8590529383816172
0.966,0.032844000000000026,-0.030610608000000022,0.8553157515315181
0.967,0.03191100000000003,-0.029804874000000026,0.8515481134779224
0.968,0.030976000000000028,-0.028993536000000025,0.8477491336282259
0.969,0.030039000000000027,-0.028176582000000023,0.8439178656322435
0.97,0.029100000000000025,-0.02735400000000002,0.8400533019829571
0.971,0.028159000000000024,-0.02652577800000002,0.8361543678967349
0.972,0.027216000000000025,-0.025691904000000022,0.8322199143486585
0.973,0.026271000000000023,-0.02485236600000002,0.8282487101119032
0.974,0.025324000000000024,-0.02400715200000002,0.8242394326165069
0.975,0.02437500000000002,-0.02315625000000002,0.8201906574001806
0.976,0.02342400000000002,-0.02229964800000002,0.8161008458691494
0.977,0.02247100000000002,-0.021437334000000016,0.8119683310164011
0.978,0.021516000000000018,-0.020569296000000015,0.8077913006525278
0.979,0.020559000000000018,-0.019695522000000017,0.8035677775827924
0.98,0.019600000000000017,-0.018816000000000017,0.7992955960018406
0.981,0.018639000000000017,-0.017930718000000016,0.794972373158354
0.982,0.017676000000000015,-0.017039664000000013,0.7905954750418129
0.983,0.016711000000000014,-0.016142826000000013,0.7861619744263009
0.984,0.015744000000000015,-0.015240192000000014,0.7816685990165593
0.985,0.014775000000000012,-0.014331750000000011,0.7771116665926641
0.986,0.013804000000000012,-0.013417488000000012,0.7724870028027846
0.987,0.01283100000000001,-0.01249739400000001,0.7677898353796422
0.988,0.01185600000000001,-0.01157145600000001,0.763014655667031
0.989,0.01087900000000001,-0.01063966200000001,0.7581550337556279
0.99,0.00990000000000001,-0.00970200000000001,0.7532033659958743
0.991,0.008919000000000009,-0.008758458000000009,0.7481505207980118
0.992,0.007936000000000007,-0.007809024000000007,0.7429853256469153
0.993,0.006951000000000006,-0.0068536860000000055,0.737693794858596
0.994,0.005964000000000005,-0.005892432000000005,0.7322579099587284
0.995,0.004975000000000005,-0.004925250000000004,0.7266535720476528
0.996,0.003984000000000003,-0.0039521280000000035,0.7208468739757756
0.997,0.0029910000000000028,-0.0029730540000000028,0.7147865003484496
0.998,0.0019960000000000017,-0.0019880160000000017,0.7083853256383378
0.999,0.000999000000000001,-0.000997002000000001,0.7014599007802856
