galaxy,model,T,group,Rmax_over_Rdisk,mass_fraction_first_test,mass_fraction_last,median_halo_slope_outer,mean_fractional_residual,median_fractional_residual,median_standardized_residual,last_fractional_residual,last_required_additional_enclosed_over_fitted,last_remaining_mass_over_enclosed,last_shortfall_exceeds_all_remaining_mass,last_halo_required_positive,last_spherical_same_mass_max_speed,last_observed_speed,last_quoted_error,last_capacity_margin_over_observed_squared,outer_baryon_fraction,eta,guard_active
CamB,fixed_core,10,irregular_T10_11,3.808510638297873,1.6722171604222108e-10,3.0192544434779894e-10,0.9999997013010464,-0.3097202291761874,-0.3097202291761874,-3.896484489765851,-0.38874356635686574,8.073435199120805,3312075939.337322,False,True,322204.0226872274,20.1,1.5,-256962530.21415642,0.4064899569955209,0.3,True
D631-7,fixed_core,10,irregular_T10_11,10.271428571428572,0.2707134562683324,0.41568527323832305,0.5285695396747836,0.08196399769525334,0.08162598229470104,1.1755019377375562,0.14191770894837077,-0.25138824711035235,1.4056661719326158,False,True,99.30757822461905,57.3,3.94,-2.0036929704165134,0.10244844729068274,0.3,False
DDO064,fixed_core,10,irregular_T10_11,4.3188405797101455,0.45270858347272497,0.6851000074974511,0.3597866392275606,0.09490546734416132,0.08518059377719901,0.6972437964155204,0.1285961372919883,-0.27887640206361225,0.4596409123579237,False,True,61.596087125646534,46.9,8.65,-0.7248866613582585,0.27866229975727536,0.3,False
DDO154,fixed_core,10,irregular_T10_11,16.0,0.7819050744507797,0.8944871548139087,-0.13402731336223384,-0.019542290125053693,-0.025373803889174106,-1.7181690062097894,-0.003767446029983048,0.008772240148360592,0.11795903900715321,False,True,47.58197259886427,45.5,1.3,-0.09360904064681556,0.1351500124703705,0.3,False
DDO161,fixed_core,10,irregular_T10_11,10.959016393442623,0.6219500352507552,0.8130275738233793,0.05103763489708313,-0.030621483790383108,-0.028815728258017207,-1.8759464449198997,-0.04137940017311365,0.1160202391913792,0.2299705842661104,False,True,68.68043230901635,66.1,1.31,-0.07960061021406142,0.25637962113841783,0.3,False
DDO168,fixed_core,10,irregular_T10_11,4.03921568627451,0.32910274763791086,0.4059198318881904,0.4997133297128531,0.17307641375744348,0.17307641375744348,3.4904739806487406,0.23147546741636305,-0.3944468920020198,1.4635406339925945,False,True,96.34818039169721,52.0,2.7,-2.4330517251446104,0.1978080687846131,0.3,False
DDO170,fixed_core,10,irregular_T10_11,6.323076923076923,0.9544322562575229,0.9810789381137299,-0.3910740746933261,-0.11660277837898525,-0.11660277837898525,-6.646686331351605,-0.15767262972367882,0.5736997384373688,0.019285972974456778,True,True,52.75207534920443,62.2,1.0,0.28071942658571,0.22756560911029555,0.3,False
ESO079-G014,fixed_core,4,spiral_T1_9,3.2814960629921264,0.7828698745566275,0.9138797575801736,-0.16223263464246185,-0.04174038416622311,-0.04083293625085627,-3.240999872825811,-0.06701760984143151,0.2053103404550031,0.09423585729468487,True,True,171.64920983132333,178.0,2.03,0.07008423066160635,0.2536183999236871,0.3,False
ESO116-G012,fixed_core,7,spiral_T1_9,6.52980132450331,0.8223431446520272,0.9158775315729826,-0.18799794235038747,-0.03331734675130762,-0.02739395167641039,-1.3050337493912245,-0.06342806668119406,0.19439331196740778,0.09184903606330486,True,True,108.31068536286554,112.0,4.74,0.06479555454610526,0.2783504059674083,0.3,False
ESO563-G021,fixed_core,4,spiral_T1_9,7.7816513761467885,0.9980728950796606,0.9998838239776773,-0.49684274328568034,-0.183352396045216,-0.19375446597260992,-6.9938272221310545,-0.2142104571293091,0.7127378197520063,0.00011618952075909128,True,True,245.17871722866485,312.0,9.07,0.3824724340288708,0.08486602246510513,0.3,False
F568-3,fixed_core,7,spiral_T1_9,3.603206412825651,0.9024307458020066,0.9938639637706663,-0.40004983246369474,-0.14622605118391946,-0.1551815767278756,-1.551815767278756,-0.2605540577653419,1.0651486339951968,0.00617391962382241,True,True,88.94641698512912,120.0,12.0,0.4505927017713566,0.13573327875919744,0.3,False
F568-V1,fixed_core,7,spiral_T1_9,6.185964912280701,0.9783950116093786,0.9999757821795829,-0.4794086948667342,-0.1636706367249837,-0.13145983257005076,-1.1883968864332588,-0.29166343731702526,1.366321067665176,2.421840693411781e-05,True,True,83.58445002530688,118.0,14.6,0.49825048218665446,0.1374710667856249,0.3,False
F571-8,fixed_core,5,spiral_T1_9,4.367977528089888,0.6331865175326148,0.9518094594221698,-0.018103698343346908,-0.05403999253285913,-0.03257264451930857,-1.1400425581758,-0.12220606799293904,0.31089868810612875,0.05063044929925997,True,True,129.43133747069714,144.0,5.0,0.19210690974857764,0.04517756057659387,0.3,False
F574-1,fixed_core,7,spiral_T1_9,2.8251121076233185,0.9666298398516977,0.9895009811146251,-0.4316805749352004,-0.08879340438471417,-0.0910853826320016,-2.045447615852368,-0.10545236454845708,0.3592792558542279,0.01061041786289918,True,True,89.51458941655424,99.7,5.14,0.19388438953628348,0.23430797201557158,0.3,False
F583-1,fixed_core,9,spiral_T1_9,6.889830508474577,0.7342497262668063,0.9990833329086988,-0.3475515896940451,-0.12450576219630063,-0.11849782763900783,-1.6727943335039939,-0.21232985430287674,0.9651744300529319,0.0009175081408199226,True,True,67.60174803881034,85.8,8.6,0.3792149116361573,0.16958892893071384,0.3,False
F583-4,fixed_core,5,spiral_T1_9,3.77720207253886,0.9552793453122369,0.9874981259079153,-0.4161538833616363,-0.14510547595103904,-0.14178842211301368,-1.9445269318356162,-0.2011706961632186,0.8502420339595731,0.012660149689489586,True,True,56.07341866677282,69.9,4.9,0.3564834535788537,0.24318580182527397,0.3,False
IC2574,fixed_core,9,spiral_T1_9,3.679856115107914,0.26173729587396877,0.3847513783747623,0.5509839033354669,-0.0361129897543187,-0.036248084524839054,-0.39287630436866117,-0.036248084524839054,0.10874414743760233,1.5990810071275754,False,True,94.87416326425388,67.5,9.3,-0.9755515731341127,0.2742331438672188,0.3,False
IC4202,fixed_core,4,spiral_T1_9,5.418410041841003,0.9999056485648771,0.9999992946933406,-0.49993668317094286,-0.15327917019705264,-0.16720840733378686,-3.6584883558532852,-0.22029714982701587,1.921515158104217,7.053071569007585e-07,True,True,192.58662678715305,247.0,6.14,0.39206332152216594,0.46001140813311286,0.3,False
KK98-251,fixed_core,10,irregular_T10_11,2.335820895522388,4.630761693933799e-08,9.538440525237657e-08,0.9999868523147271,0.17690646946472577,0.16042441711995617,2.775342416175242,0.27433907934699214,-0.4750387912383237,10483893.063752988,False,True,126909.55773251352,34.2,2.0,-13770078.549145192,0.326972593513403,0.3,True
NGC0024,fixed_core,5,spiral_T1_9,8.410447761194028,0.8941235453561843,0.9999999999750899,-0.49998523920263827,-0.2928328405692522,-0.3476153563251844,-10.148635157093086,-0.4902922670076776,4.674331978425308,2.4910074003514637e-11,True,True,56.06785062958111,110.0,2.83,0.7401980269238828,0.1724839188974686,0.3,False
NGC0055,fixed_core,9,spiral_T1_9,2.20949263502455,0.7622396900907563,0.8910292322593362,-0.11751948704202819,-0.007764532020269313,-0.005764474045993177,-0.08005180892903427,-0.019953141854057454,0.05935493703472939,0.12229763490963408,False,True,88.29342159362012,86.5,5.5,-0.041896260711516455,0.2949963020589953,0.3,False
NGC0100,fixed_core,6,spiral_T1_9,5.795180722891566,0.8010191012484597,0.9097817761453499,-0.1773277903395487,-0.08059893466289328,-0.08271176289621283,-0.7761804411272117,-0.11659728117810088,0.35566889841786087,0.09916468566439662,True,True,83.66710732635127,91.2,13.7,0.15837266654653565,0.17091088780527877,0.3,False
NGC0247,fixed_core,7,spiral_T1_9,3.887700534759358,8.729068696388748e-08,1.6166000281155456e-07,0.9999806190563731,-0.07514432107941958,-0.06912147869920487,-0.8457432852805311,-0.09718549629976968,0.9341356021873064,6185820.988174094,False,True,118406.78489037271,107.0,9.2,-1224574.6579679446,0.6988665749226701,0.3,True
NGC0289,fixed_core,4,spiral_T1_9,10.55192878338279,0.8729476779235759,0.965202828189484,-0.2998911437112478,0.0006229076511547679,0.007687048366257103,0.10588766100360658,-0.053527929116960526,0.17666914745494636,0.03605166789221714,True,True,158.01029678206203,165.0,8.75,0.08292915007693946,0.37854688423006977,0.3,False
NGC0300,fixed_core,7,spiral_T1_9,6.742857142857143,0.9125584786357479,0.9672972664598839,-0.33663095780428476,-0.11690775465434466,-0.1089758208777303,-1.1096456433447386,-0.14360120090343675,0.5217633784812867,0.033808359305926405,True,True,81.0107430522709,93.5,12.1,0.2493076164738989,0.24937973163837843,0.3,False
NGC0801,fixed_core,5,spiral_T1_9,6.860091743119265,0.8733810267706491,0.971161025899057,-0.31467866089526786,-0.10578879884049686,-0.11417903676659441,-3.597837428461962,-0.14657856190030216,0.9763628456393622,0.02969535775413279,True,True,185.38172164204798,216.0,8.8,0.263409149541972,0.4805756829660183,0.3,False
NGC0891,fixed_core,3,spiral_T1_9,6.709803921568628,0.9114083319999673,0.9673633466668626,-0.33337817508360956,-0.02690970572794585,-0.027843435183588165,-1.334644419217141,-0.03885859722466488,0.12380575006994103,0.03373774026645715,True,True,202.1519965809822,208.0,4.35,0.05544032632957094,0.3233165459536288,0.3,False
NGC1003,fixed_core,6,spiral_T1_9,18.782608695652172,0.747178240891036,0.8875621690305828,-0.10320077798761651,-0.06441324694809561,-0.06175557857017849,-3.785168436199964,-0.06936344302513683,0.21752406617356765,0.12668163976865365,True,True,111.73800005364025,115.0,1.6,0.055925848318540014,0.2031921203118398,0.3,False
NGC1090,fixed_core,4,spiral_T1_9,8.524079320113314,0.6910046472848608,0.8279567712511189,-0.007412956302133011,-0.00767698641975027,-0.008392978928728704,-0.6097141643291704,-0.009957850416695991,0.036475185568678875,0.20779252579685759,False,True,167.28034118211588,160.0,2.23,-0.09307470882832405,0.4483369610092325,0.3,False
NGC2403,fixed_core,6,spiral_T1_9,15.014388489208635,0.9309295785840145,0.9968034184113286,-0.43684078582351127,-0.17132184517694318,-0.18405385025894241,-5.698236110002907,-0.23820340023712305,1.120182600629731,0.0032068324903680168,True,True,102.186353714415,134.0,3.12,0.4184645307725809,0.23492772865237035,0.3,False
NGC2683,fixed_core,3,spiral_T1_9,15.880733944954127,0.9989253284314186,0.999901000476315,-0.49782600529235665,-0.1559249798249599,-0.15572780511624054,-2.2586251016481214,-0.17088306550563157,0.7769267913507856,9.900932556106135e-05,True,True,125.20028422407482,151.0,12.0,0.31252527653220835,0.2964343539876422,0.3,False
NGC2841,fixed_core,3,spiral_T1_9,17.483516483516482,0.9198402826978014,0.9924637015079661,-0.4056112364315967,-0.12738847408511825,-0.128485317797092,-8.09143925444735,-0.20901886145876047,0.9660157980329879,0.007593525567316073,True,True,233.09468677137235,294.0,7.07,0.3714062080493754,0.2771529070643819,0.3,False
NGC2903,fixed_core,4,spiral_T1_9,10.71244635193133,0.9591553027897988,0.9946332550021733,-0.43936081791512427,-0.0996648329874309,-0.08530707461297363,-5.061553093703101,-0.14520339629474488,0.5404718538148053,0.005395702356457921,True,True,154.14622077681167,180.0,8.0,0.26663403148847015,0.2663847894865267,0.3,False
NGC2915,fixed_core,11,irregular_T10_11,18.25454545454545,0.9924204798260351,0.9987885995965342,-0.48410151265818047,-0.16326548000165664,-0.17359398293622208,-2.621376184490522,-0.2145611236399014,0.6957406039395282,0.0012128696742785827,True,True,67.97722649060479,86.5,6.45,0.38241794629222725,0.06847284195386491,0.3,False
NGC2955,fixed_core,3,spiral_T1_9,1.8885927505330489,0.6060726642139357,0.9266300970627119,-0.029369863825540188,0.11903910852602988,0.11419428689889902,2.1108823645952537,0.1734869791414259,-0.39428912623262485,0.07917927894837473,False,True,273.6073709331534,227.0,11.2,-0.45279344503002567,0.42073872253327993,0.3,False
NGC2976,fixed_core,5,spiral_T1_9,2.2475247524752477,0.08781704846192034,0.22532750223129702,0.7711594578513337,0.03107840536307484,0.024394668584793153,0.4377579687641425,0.07134342513413806,-0.2163016674150607,3.4379846671956953,False,True,159.50413218111206,85.3,5.36,-2.4965988852322707,0.5391045036691626,0.3,False
NGC2998,fixed_core,5,spiral_T1_9,6.819354838709677,0.33770476583230463,0.5519858677763918,0.4091428402763775,0.04311393479079175,0.029127563992125446,2.484533962062798,0.07688528298998878,-0.23742672805500697,0.8116405842569463,False,True,265.1115279475234,203.0,3.0,-0.7055527251491299,0.4991654910240567,0.3,False
NGC3109,fixed_core,9,spiral_T1_9,4.134615384615385,0.6564748056435749,0.7950634866636864,0.0470519770441602,-0.05411925727620428,-0.053215389301419086,-1.074977796743315,-0.06925599549617326,0.17476478450775818,0.2577611936328328,False,True,69.40395524100285,67.3,3.0,-0.06350200651650183,0.10656167229099006,0.3,False
NGC3198,fixed_core,5,spiral_T1_9,14.038216560509554,0.9262507508322196,0.9976562383866739,-0.4420652898015631,-0.10857095931850562,-0.11179534932704473,-8.27285585020131,-0.1826050911730693,0.7977234905776007,0.0023492677368670556,True,True,121.88088608644833,149.0,3.0,0.3308882305653893,0.2805902520734794,0.3,False
NGC3521,fixed_core,4,spiral_T1_9,7.391666666666667,2.965699657134055e-07,7.6251172020127804e-06,0.9999240801361609,-0.06354590676787181,-0.06210030935351424,-0.8555527994869714,0.015001908280835925,-0.04465406369970694,131144.52517776814,False,True,61379.77792523925,206.0,10.7,-88779.21345441813,0.6275802634260855,0.3,True
NGC3726,fixed_core,5,spiral_T1_9,9.564705882352943,0.6447526638464288,0.7799620567247537,0.06397559504031647,-0.1163357302961849,-0.12150190216061253,-1.6390350835697498,-0.12408997988366034,0.47557254351591416,0.28211365075788164,True,True,158.8964760561013,167.0,15.2,0.09469360310347535,0.29521696667562214,0.3,False
NGC3741,fixed_core,10,irregular_T10_11,35.0,0.8563212885157035,0.9734800196112425,-0.3092804021430362,-0.15040162676889976,-0.15068322265317294,-3.1517907404955343,-0.21347528292422419,0.7041734823023558,0.027242449618378517,True,True,41.06580687291823,51.6,3.24,0.3666244163046773,0.08715359542470683,0.3,False
NGC3769,fixed_core,3,spiral_T1_9,10.994082840236686,0.9999841050972066,0.9999991290808633,-0.4999667488925219,-0.3226016980495485,-0.322462110709929,-3.7228851470406448,-0.322462110709929,1.7420643768525115,8.709198950906938e-07,True,True,76.56180404150678,113.0,10.5,0.5409421381400201,0.14853955560127888,0.3,False
NGC3877,fixed_core,5,spiral_T1_9,4.486166007905139,0.9766916787640597,0.9940382900746774,-0.45042900712416456,-0.06789242915196675,-0.06881156334532748,-2.0522746962641527,-0.09282261171663089,0.3956789272278301,0.005997465072371311,True,True,153.56271430161578,169.0,7.0,0.17434588341865936,0.39070147939202005,0.3,False
NGC3893,fixed_core,5,spiral_T1_9,8.004201680672269,0.9724114388072194,0.986524652910799,-0.4237724947774024,-0.0598858635662722,-0.0598858635662722,-0.8282569201317862,-0.0543266112231562,0.1875665692959759,0.013659412412493799,True,True,158.60567952897264,167.0,13.5,0.09800417444701588,0.3267172079616117,0.3,False
NGC3917,fixed_core,6,spiral_T1_9,5.650190114068441,0.9405437291782005,0.984134774807214,-0.3907684009198109,-0.08468589338226619,-0.08656657705039363,-2.1054683119675732,-0.1221216525284499,0.4164855479908881,0.016120988302535944,True,True,120.95999134886583,137.0,7.5,0.22045290068103277,0.24337185206711043,0.3,False
NGC3953,fixed_core,4,spiral_T1_9,3.206543967280164,0.9892215311495762,0.9962932597621381,-0.4681604831745234,-0.06494165269858734,-0.06494165269858734,-1.8522665060820143,-0.07316060331735237,0.5447485220674222,0.003720531280866801,True,True,199.3821087981886,215.0,9.7,0.14000594248106613,0.6118855014277045,0.3,False
NGC3972,fixed_core,4,spiral_T1_9,4.0,0.9078473988743239,0.9477448626601669,-0.2937468506501034,-0.11150647549985536,-0.11150647549985536,-2.792723743821992,-0.12760399116460605,0.5167218807232736,0.055136291842470486,True,True,118.84289732396317,134.0,4.9,0.213430928694918,0.312481965873551,0.3,False
NGC3992,fixed_core,4,spiral_T1_9,9.278225806451614,0.5370846323395612,0.6279146426200645,0.24460448757229747,-0.013579197301388485,-0.013579197301388485,-0.4458577806702978,-0.014493061875058014,0.05914841389201295,0.5925731494767437,False,True,265.98058028364414,237.0,8.6,-0.2595144846449832,0.5063187100308383,0.3,False
NGC4010,fixed_core,7,spiral_T1_9,3.725978647686833,0.1746007525543616,0.2678848345418133,0.6687288994347562,0.15895714782832185,0.1631158595566872,3.965954232358669,0.22098610703630248,-0.42783737669058464,2.732947412683465,False,True,262.39909824128944,122.0,3.9,-3.625993466665,0.3593506586945075,0.3,False
NGC4013,fixed_core,3,spiral_T1_9,8.784702549575071,0.5014881981665158,0.6567596369762799,0.24578929071115974,-0.020696981469126505,-0.029624738278718525,-0.8638518325289055,0.02091250723395152,-0.05639307268112833,0.5226270673453655,False,True,203.56971889059017,170.0,10.0,-0.4339318494530764,0.29198525002081677,0.3,False
NGC4088,fixed_core,4,spiral_T1_9,8.325581395348838,0.39985561759551763,0.5740251337775983,0.3679208050123839,-0.03583050607261575,-0.041355394711935264,-0.8222991274117362,-0.07041762878491825,0.29993222352355187,0.7420839979934439,False,True,190.6317145140673,174.0,7.6,-0.20030554163604378,0.48060452815072385,0.3,False
NGC4100,fixed_core,4,spiral_T1_9,10.586046511627908,0.8564611664977437,0.9376999287975759,-0.24491264608544894,0.02293490483055003,0.01932391638775688,0.34305379654669516,-0.0033340715406474297,0.011638648756601795,0.06643924062392981,False,True,161.47267055956598,159.0,9.0,-0.03134461997698393,0.46085859184012806,0.3,False
NGC4157,fixed_core,3,spiral_T1_9,12.76293103448276,0.5631802162781177,0.7280251595941553,0.1576490957467397,-0.02151223369243461,-0.01977134776088474,-0.33110329557885254,-0.031233988526862443,0.09722176262329929,0.3735789029014598,False,True,200.5177182749232,185.0,13.6,-0.1747948967766683,0.34111893935455795,0.3,False
NGC4183,fixed_core,6,spiral_T1_9,7.534050179211469,0.9942529004547774,0.9994340176488238,-0.4897093643621564,-0.16335802795506355,-0.15716568082286075,-2.6471363231743763,-0.2203998061381239,1.1236453294361133,0.0005663028686053728,True,True,88.10914689759525,113.0,11.5,0.3920258620861447,0.30188496643313717,0.3,False
NGC4217,fixed_core,3,spiral_T1_9,5.687074829931973,0.9290171775623748,0.9772414391776164,-0.36489281731721945,-0.030377102682929806,-0.026631374803474214,-0.5797995301125524,-0.06462793098676839,0.17962934438500544,0.023288575279345247,True,True,168.03210886840975,178.0,12.0,0.10886284526053812,0.1935522083017761,0.3,False
NGC4559,fixed_core,6,spiral_T1_9,9.985714285714284,0.6626171666423414,0.8256160660654367,0.011633905630664687,0.03487465193404849,0.03769745143215974,0.7783944749643904,0.044846021739911014,-0.13555386226669167,0.21121673996196444,False,True,132.22356224501212,119.0,6.13,-0.23459292512962313,0.4163032141909485,0.3,False
NGC5005,fixed_core,4,spiral_T1_9,1.2137566137566138,0.7927024020674153,0.9276586164663279,-0.1829219400650839,-0.04657690342552716,-0.04155197453846125,-0.5001109398247249,-0.08710669010352436,0.5822935209538388,0.07798276461791254,True,True,245.1342103669255,265.0,22.0,0.14431070000404303,0.6147131809540654,0.3,False
NGC5033,fixed_core,5,spiral_T1_9,8.641472868217054,0.9696110246315,0.9953400273376227,-0.44971857590475617,-0.050348085045168266,-0.04650709300091075,-2.976453952058288,-0.1141834912142014,0.39923686954193216,0.0046817896742703535,True,True,173.89917267739725,196.0,5.0,0.2128039812087873,0.28703254050102334,0.3,False
NGC5055,fixed_core,4,spiral_T1_9,17.059375,0.984620545129222,0.999210684767495,-0.48109670230916945,-0.14022254475101048,-0.14835863027097515,-8.907955044631846,-0.17441869235063265,0.7323113542534733,0.0007899387431877791,True,True,142.03575959504212,172.0,4.84,0.3180720320531165,0.2636439644115328,0.3,False
NGC5371,fixed_core,4,spiral_T1_9,6.21505376344086,0.9999999999999974,1.0000000000000002,-0.49999999999994493,-0.18255811645960868,-0.18151103340317254,-8.7700887375237,-0.24827786842402655,18.24304562706889,-2.220446049250313e-16,True,True,160.11681402568234,213.0,6.0,0.4349138368988748,0.6424924052955566,0.3,False
NGC5585,fixed_core,7,spiral_T1_9,7.163398692810458,0.6891175633265944,0.8897970585151166,-0.06951752267350675,0.0029524947012358133,0.0014429293000533575,0.0508355091864952,0.00036878110082481724,-0.0009788454751803414,0.12385177095189426,False,True,93.51075410641994,89.4,2.7,-0.09407748569275323,0.253889677857437,0.3,False
NGC5907,fixed_core,5,spiral_T1_9,9.425093632958802,0.5158758426098192,0.6562365609757694,0.23776896857570506,-0.02704714902991335,-0.024437892311736722,-1.595665713370868,-0.02625865152942446,0.10024295695565599,0.5238407298018914,False,True,236.27472912159598,214.0,5.0,-0.21900925018524664,0.44898626595172403,0.3,False
NGC5985,fixed_core,3,spiral_T1_9,4.9529243937232525,0.999992183772018,0.9999999992227526,-0.4999903966984576,-0.10396533659130872,-0.10172891104612744,-7.553371645174963,-0.14886516611823655,2.3792682786667223,7.772473775702338e-10,True,True,242.57342767137433,285.0,4.0,0.2755694944630412,0.6641966926331545,0.3,False
NGC6015,fixed_core,6,spiral_T1_9,12.708695652173914,4.719343414074172e-06,1.0168329880451243e-05,0.9997071782574807,0.2386687354219104,0.250867944892633,5.657109027166941,0.3542215013547314,-0.5504286154059806,98343.5670780719,False,True,58671.86021681186,152.0,3.4,-148994.29004939017,0.3878578163372912,0.3,True
NGC6195,fixed_core,3,spiral_T1_9,2.6133428981348636,0.9999999999997641,1.0000000000000002,-0.49999999999994493,-0.13452706961575583,-0.15774051015924018,-4.732215304777205,-0.20967388485177896,10.833991319502577,-2.220446049250313e-16,True,True,194.42022432646237,246.0,4.24,0.3753846317147209,0.6695527709492758,0.3,False
NGC6503,fixed_core,6,spiral_T1_9,10.87962962962963,0.9496180198502936,0.9889021611390013,-0.4133000964073874,-0.10260835315449988,-0.10942794726880652,-4.404519440178812,-0.1404666414842101,0.4636981794247688,0.01122238305983303,True,True,99.26832988722921,115.0,10.0,0.25488080766731464,0.18982421775770045,0.3,False
NGC6674,fixed_core,3,spiral_T1_9,11.988410596026489,0.30403133213866745,0.40998582601896405,0.5128244885829747,0.00015302997179775005,0.005977034924345494,0.3616106129229024,0.010577636425121672,-0.032564433089443345,1.4391087119039687,False,True,338.89673097750676,242.0,5.0,-0.9611193611645478,0.40256629064757243,0.3,False
NGC6946,fixed_core,6,spiral_T1_9,8.360655737704917,0.7469702783745636,0.8879662106972159,-0.1033408135592967,-0.008266909801030314,-0.014865259523089456,-0.11594238907434738,-0.01888280197744458,0.07072331134146598,0.1261689780006574,False,True,156.24193271442257,154.0,21.0,-0.029327944777287698,0.4507205231090382,0.3,False
NGC7331,fixed_core,3,spiral_T1_9,7.2330677290836665,0.7881488983613851,0.9197319235363189,-0.16999259228031582,-0.06445511161476816,-0.06116035287996668,-2.9007218352351023,-0.09712570677516885,0.34626875820479786,0.08727333955643801,True,True,220.9382847468267,238.0,9.0,0.13823660640368132,0.319516991293479,0.3,False
NGC7793,fixed_core,7,spiral_T1_9,6.5041322314049586,3.238969481009643e-07,2.411960733388457e-06,0.9999298267526768,0.1774381733027623,0.12095056916879143,1.140215754362937,0.6104035143247574,-0.7872825241293688,414599.44774242415,False,True,83175.9766564589,90.8,6.1,-839119.094116395,0.5538672691963394,0.3,True
NGC7814,fixed_core,2,spiral_T1_9,7.6889763779527565,0.927039384862342,0.9774370433934315,-0.3656788767830016,-0.09065046255325318,-0.09135415392091487,-3.987441586844495,-0.12486345947694757,0.4572117594017815,0.023083795277734964,True,True,188.71901190642706,214.0,4.87,0.22231493023543206,0.2773654955375939,0.3,False
UGC00128,fixed_core,8,spiral_T1_9,9.033613445378151,0.614890912352689,0.7822961996713278,0.08249772586302329,-0.05386660471202466,-0.04420344790971108,-2.1974863385677184,-0.0380573904930344,0.13957336179226498,0.2782881987923984,False,True,129.5549556445523,125.0,5.95,-0.07420713805196248,0.41245815622069837,0.3,False
UGC00191,fixed_core,9,spiral_T1_9,6.3164556962025316,0.9978627954120134,0.9999521966299428,-0.4941240277443748,-0.17881060642968058,-0.17881060642968058,-17.392864267033058,-0.23347185649150748,1.3333125097631635,4.7805655328581054e-05,True,True,64.27419363972554,83.85,1.04,0.41241981744853673,0.3011125678377356,0.3,False
UGC00731,fixed_core,10,irregular_T10_11,4.743478260869566,0.9954348806154769,0.9993736351508855,-0.4905909817182197,-0.08727957337666102,-0.08177916855541655,-1.9399563184140303,-0.10586933020819211,0.5224246562038249,0.0006267574279361643,True,True,66.08619764947336,73.9,3.42,0.20028976732898782,0.4156241700430001,0.3,False
UGC01281,fixed_core,8,spiral_T1_9,3.0613496932515343,1.0000000000000002,1.0000000000000002,-0.49999999999994493,-0.3799574604379211,-0.3872732104376383,-5.4711322111111915,-0.3872732104376383,1358.6411678743418,-2.220446049250313e-16,True,True,34.86415432609838,56.9,4.0,0.6245658813526013,0.37497441972459206,0.3,False
UGC02259,fixed_core,8,spiral_T1_9,5.0246913580246915,0.990763988354639,0.9973475178978057,-0.4732099599506767,-0.14352884616007094,-0.14352884616007094,-4.7658208446929775,-0.17743100239797072,0.7962584566602214,0.002659536475094537,True,True,74.09027507405453,90.0,3.0,0.3223001406729548,0.29238001277010817,0.3,False
UGC02487,fixed_core,0,S0,10.187579214195184,0.9542805422236704,0.9897567003471661,-0.41670552177200393,-0.09094893015771087,-0.09148701270242243,-4.575688693250288,-0.1400029770127409,0.5957301426969553,0.010349310743984708,True,True,287.2535212466265,333.0,15.3,0.25588123737623997,0.34308252294265784,0.3,False
UGC02885,fixed_core,5,spiral_T1_9,6.497368421052631,0.8155862113696639,0.9126583992783918,-0.1781417384429107,-0.05505084759506623,-0.0546655137957637,-1.6290323111137583,-0.07492581393902302,0.2727213128849954,0.09570021027655717,True,True,283.7073459291854,298.0,10.0,0.09362350643909632,0.34558824601064064,0.3,False
UGC02916,fixed_core,2,spiral_T1_9,6.178861788617886,1.0000000000000002,1.0000000000000002,-0.49999999999994493,0.0050665878676369415,0.006634840659078741,0.10159599759214322,-0.04388683830482193,2.5448552417994224,-2.220446049250313e-16,True,True,173.05648226682723,181.0,10.3,0.08584762203325029,0.9744379739540647,0.3,False
UGC02953,fixed_core,2,spiral_T1_9,17.574647887323945,0.7852709695226797,0.996508059402205,-0.3614711432367579,-0.09009226354051454,-0.0776266268048735,-4.67453671882403,-0.23801432637599043,1.1370625062029844,0.003504176975638096,True,True,207.49064933072998,272.0,5.04,0.41808540279401,0.3198805470822548,0.3,False
UGC03205,fixed_core,2,spiral_T1_9,12.551724137931034,2.3832370903903513e-06,3.201381218591112e-05,0.9996759760577678,0.13389815070548164,0.10534718665849112,10.449892640584288,0.3755119443923713,-0.5612877990896219,31235.517356720404,False,True,49017.70738671951,220.0,6.32,-49642.298294422646,0.5372451295398691,0.3,True
UGC03546,fixed_core,1,spiral_T1_9,7.712401055408971,0.8195448342852469,0.988825825438383,-0.28004689753127754,-0.0639249322482718,-0.046530232829715926,-1.4257709369494562,-0.17328032247215264,0.7172096395183463,0.01130044773725758,True,True,160.13799606419374,193.0,18.6,0.3115472151344807,0.34862171716636897,0.3,False
UGC03580,fixed_core,1,spiral_T1_9,11.1358024691358,0.6486423929109958,0.9990134163210929,-0.3500393536168961,-0.15686132472405284,-0.16469305495005387,-13.156825904354518,-0.31892071622082263,1.5687840540789177,0.0009875579874996099,True,True,84.48454865645213,124.0,1.92,0.5357935118571522,0.1848997763593751,0.3,False
UGC04278,fixed_core,7,spiral_T1_9,3.0271493212669687,0.014653068416583601,0.023498164999050684,0.9394517434024863,0.11030388164929665,0.13314918348549265,1.4882349876569314,0.145669892141169,-0.33547861526338224,41.5565145210445,False,True,587.1390088544854,92.8,8.75,-39.030030251215464,0.3808771603571485,0.3,False
UGC04325,fixed_core,9,spiral_T1_9,3.005376344086021,0.988211875965594,0.9964832689389942,-0.46681267123524495,-0.1062813873948354,-0.1062813873948354,-3.2063493215008965,-0.12153196820584751,0.4384431084031133,0.0035291421046639293,True,True,80.47546876321842,91.5,3.05,0.2264563202651925,0.25106714233377664,0.3,False
UGC04483,fixed_core,10,irregular_T10_11,6.722222222222222,0.8924403638223352,0.9491154420992503,-0.2800235300434023,-0.09199767030314003,-0.09199767030314003,-1.4372979366264333,-0.09906933111949927,0.3714361365213341,0.053612611958144374,True,True,22.164590986148173,24.2,1.23,0.1611414971941108,0.29857361371434915,0.3,False
UGC04499,fixed_core,8,spiral_T1_9,4.728323699421965,0.9113802140756578,0.9534443770157429,-0.3043669502756502,-0.05443945335402489,-0.05443945335402489,-1.5095903820259604,-0.06955158884816735,0.23661931505170972,0.04882888200565505,True,True,70.22986748407419,74.3,2.67,0.10655860497335896,0.29749787465549005,0.3,False
UGC05005,fixed_core,10,irregular_T10_11,8.940624999999999,0.8592794777717706,0.97385415506544,-0.23306655244664798,-0.06227001443540314,-0.05355242146702679,-0.5355242146702679,-0.09675471557789969,0.29869320877628025,0.026847803440139373,True,True,90.41505348403406,99.1,10.0,0.16759596239813826,0.19413416427464075,0.3,False
UGC05253,fixed_core,2,spiral_T1_9,6.603469640644361,0.6744401837528279,0.9999949621285521,-0.4606473041376957,-0.1612520196129702,-0.1833801127565557,-8.662448578580495,-0.310636410248432,2.2716389115901414,5.03789682815281e-06,True,True,150.28144658513114,218.0,6.53,0.5247766773057903,0.3279968329208401,0.3,False
UGC05716,fixed_core,9,spiral_T1_9,10.850877192982457,0.8541406910322462,0.938807783741751,-0.245914582211737,-0.02902664894537058,-0.021331949968419094,-1.455357334294013,-0.07328332440115143,0.3048028695608288,0.06518077216441354,True,True,70.43215749338152,74.7,2.09,0.11100200728438082,0.44983861461859165,0.3,False
UGC05721,fixed_core,7,spiral_T1_9,17.736842105263158,0.9931685636278804,0.9997975206684905,-0.4932609503890961,-0.13806206948113164,-0.13916019063291404,-2.3934334756558076,-0.19665863990061314,0.7578486262658776,0.00020252033769208033,True,True,63.87032732202803,79.5,4.57,0.35454788778560964,0.18841890506222234,0.3,False
UGC05750,fixed_core,8,spiral_T1_9,6.604046242774567,0.5084770938669675,0.9908691476427264,0.12649651522644856,-0.030793546215104852,-0.009698188318641256,-0.06841631032059649,-0.09634165980585285,0.3363392336186072,0.009214993098731528,True,True,71.51766961260365,78.9,11.0,0.1783767829812116,0.2440445291570568,0.3,False
UGC05764,fixed_core,10,irregular_T10_11,3.094017094017094,0.9629164483836494,0.9821708379804699,-0.4036941330624183,0.015976438843422352,0.015976438843422352,0.3025225687927724,-0.0025315678880606166,0.006980027402758419,0.018152811435727667,False,True,50.101543208599495,49.9,2.77,-0.008094197165136863,0.2775544548189002,0.3,False
UGC05829,fixed_core,10,irregular_T10_11,3.472361809045226,0.9215446805088892,0.9773319403353258,-0.36188537115094954,-0.12433065464787585,-0.12969860952490622,-1.6814681392952266,-0.17371007467680014,0.9834571554623125,0.023193818526893395,True,True,56.99322244210167,68.6,5.06,0.309763065488257,0.3777794803506571,0.3,False
UGC05918,fixed_core,10,irregular_T10_11,2.6867469879518073,0.9602992320490221,0.9845598613210393,-0.4040888663211367,-0.12555274266589134,-0.12555274266589134,-1.398242030626586,-0.15425720294264297,0.5522099258238962,0.015682275182581362,True,True,37.84767906205227,44.5,3.93,0.2766333491306098,0.19390751121572308,0.3,False
UGC05986,fixed_core,9,spiral_T1_9,5.634730538922156,0.9224483125208849,0.9665158350817985,-0.3402281324002554,-0.017410936916099656,-0.01649383738290148,-0.3525153479875022,-0.01642103418765084,0.041007737118205746,0.03464419692137555,True,True,106.72923869217117,107.0,6.39,0.005054555698275319,0.1638377244289019,0.3,False
UGC06399,fixed_core,9,spiral_T1_9,3.829268292682927,0.858128598638591,0.9177262103124435,-0.21257885483877415,-0.052083707186049724,-0.052083707186049724,-0.9247436264842985,-0.0728784346472068,0.21172028370373766,0.08964960220493867,True,True,83.9783815449686,87.6,4.9,0.0809761359604259,0.2020171481551807,0.3,False
UGC06446,fixed_core,7,spiral_T1_9,6.859060402684564,0.9872818244402831,0.9982565163119518,-0.4754304256462949,-0.11158953889138733,-0.11564363426400781,-1.432655117754976,-0.10936993132404833,0.46143024135894173,0.0017465287324038847,True,True,71.37465469221834,80.1,10.8,0.20599541889220782,0.3301893527919245,0.3,False
UGC06614,fixed_core,1,spiral_T1_9,12.664705882352942,0.7209794787573377,0.9832581567356187,-0.21515053080095603,-0.06016778258386552,-0.045570863279021975,-0.5838766857624691,-0.1272414835670271,0.42205359332649434,0.017026905039835727,True,True,179.16274460803785,204.0,16.0,0.22867913649834193,0.2206286545487679,0.3,False
UGC06667,fixed_core,6,spiral_T1_9,1.524271844660194,0.9021683613015844,0.9477776915434883,-0.2880300470589625,-0.062412614842392425,-0.062412614842392425,-1.6416557175525086,-0.08102554046494187,0.21483955425317264,0.0550997442991783,True,True,80.59406907132231,85.7,3.4,0.11560857602460207,0.12376006411925403,0.3,False
UGC06786,fixed_core,0,S0,9.458333333333332,0.616521566607893,0.9838532613185718,-0.24227922999969786,-0.05369247410256297,-0.05757568323356007,-3.3317117107531145,-0.11132022540667989,0.37740898034799386,0.016411734672493905,True,True,188.5936892484118,211.0,7.05,0.20110555413565462,0.28321222489878123,0.3,False
UGC06787,fixed_core,2,spiral_T1_9,6.925512104283054,0.9882611909653959,0.9999990560230336,-0.4975093103418149,-0.2640239310359346,-0.2780018208348814,-23.093277029173652,-0.4098308947030109,2.5184067564546635,9.439778574371616e-07,True,True,150.49317462443597,255.0,4.16,0.6517001828751868,0.13349388872466503,0.3,False
UGC06818,fixed_core,9,spiral_T1_9,5.02158273381295,5.968686420089434e-07,8.898441616422452e-07,0.9999352368050829,0.16722066983886247,0.16722066983886247,1.9936847547965684,0.18234314690567474,-0.32265800531000643,1123791.2808353966,False,True,87589.2895534179,74.4,6.0,-1385976.3609074175,0.18199182208777492,0.3,True
UGC06917,fixed_core,9,spiral_T1_9,3.793478260869566,0.925322778469937,0.975821680262128,-0.36069607942654236,-0.09426489511142466,-0.10761741942105581,-2.2807018122869067,-0.1232811790425355,0.46580642738832956,0.024777395529249846,True,True,98.09176954835391,111.0,6.0,0.2190572799994018,0.2669100813138559,0.3,False
UGC06930,fixed_core,7,spiral_T1_9,4.215736040609137,0.992212473406832,0.9954095877361661,-0.4717198385194299,-0.12206122390276702,-0.12206122390276702,-1.7814340785809244,-0.13496786915751027,0.5907047637164439,0.004611581323296088,True,True,93.54606513452197,108.0,7.4,0.2497542607894182,0.33289669129715715,0.3,False
UGC06983,fixed_core,6,spiral_T1_9,4.8847352024922115,0.9718343672899785,0.9930941087042475,-0.44203530236749944,-0.08330636809365433,-0.07921359340207326,-0.872966131369787,-0.121453468109555,0.45503051123674226,0.006953914271793371,True,True,95.9776262095701,109.0,12.3,0.22466924225031912,0.29567316158141393,0.3,False
UGC07089,fixed_core,8,spiral_T1_9,4.053097345132744,0.6801403781608134,0.8009451202825919,-0.002568669190405881,-0.06540166538365916,-0.07350554396827069,-0.9350869199898042,-0.09503576510642218,0.34100147723315716,0.24852499213326484,True,True,77.13380350715273,79.1,7.3,0.04909632169107757,0.3050936361259263,0.3,False
UGC07125,fixed_core,9,spiral_T1_9,5.5266272189349115,0.9665626653175858,0.9903108022403506,-0.43000032917656084,-0.055039790427523244,-0.035083373100418716,-0.7092942822475957,-0.10068833506285498,0.4838191525581983,0.009783996839911158,True,True,58.50470526097935,64.9,3.48,0.18737122236792794,0.49550362956512295,0.3,False
UGC07151,fixed_core,6,spiral_T1_9,4.4,0.9724544777305233,0.9946497055155442,-0.4501177397314704,-0.11757944621863192,-0.11738714966451298,-2.547404420872129,-0.15159392995017903,0.7350720767978608,0.005379074115024807,True,True,64.7405597440747,76.2,3.17,0.27815665433964604,0.3382797746824191,0.3,False
UGC07323,fixed_core,8,spiral_T1_9,2.5752212389380533,0.389824721381386,0.47514927338219115,0.42490072910579546,0.01228238255220119,0.01228238255220119,0.2660762577108413,0.009095601441926775,-0.032126063449457516,1.1046017662656507,False,True,109.84161210275037,85.6,3.87,-0.6465930088505384,0.46279748118421227,0.3,False
UGC07399,fixed_core,8,spiral_T1_9,3.7378048780487805,0.9728231680065422,0.9876306140570474,-0.42622840609962687,-0.1519572203876886,-0.1519572203876886,-3.243527795245952,-0.17861604530663835,0.6844553146068801,0.01252430389145287,True,True,87.44996960526095,106.0,4.97,0.3193754731255728,0.20690775212114965,0.3,False
UGC07524,fixed_core,9,spiral_T1_9,3.0895953757225434,0.9023129384783671,0.9718201263396559,-0.33463256341445535,-0.04955313642614765,-0.04247681459906986,-1.1521598205348125,-0.040544358241604794,0.14417814271221824,0.028997005615106097,True,True,76.4519627385365,79.0,2.78,0.06346697539263373,0.32972291134505216,0.3,False
UGC07577,fixed_core,10,irregular_T10_11,1.8777777777777778,0.9999999663379696,0.9999999982069199,-0.49999978168013826,-0.2353059687881624,-0.2353059687881624,-1.2658479996626761,-0.28565605810410644,32.581112394765114,1.7930801288201792e-09,True,True,12.71532216608269,17.8,3.17,0.4897127326496852,0.5692353417193926,0.3,False
UGC07603,fixed_core,7,spiral_T1_9,7.754716981132075,0.9065493007051874,0.9674865972760127,-0.3279053325094816,-0.0826490619086752,-0.08417600503143266,-1.8349786563945527,-0.12453502495518298,0.36453761530051193,0.03360604975358794,True,True,56.81132910808118,64.0,2.89,0.2120295129329316,0.13383615867652618,0.3,False
UGC08286,fixed_core,6,spiral_T1_9,7.657142857142856,0.9841551732451412,0.9972241025553549,-0.4687057015644036,-0.14421382078235667,-0.14193708798046112,-5.911097931330977,-0.1793821980396615,0.6325238162142934,0.0027836245007837324,True,True,69.25186382230142,84.3,2.0,0.32514917450632025,0.15800473420244232,0.3,False
UGC08490,fixed_core,9,spiral_T1_9,15.149253731343283,0.9355748930660175,0.9800500249524315,-0.37708613414733083,-0.05767682924662098,-0.055481942754103133,-1.1554895015079307,-0.08855238379152906,0.28232457123573534,0.0203560783017549,True,True,71.24596782104187,77.6,3.69,0.15705907728688387,0.24519008071152432,0.3,False
UGC08550,fixed_core,7,spiral_T1_9,11.911111111111111,0.8334446460763092,0.9343021940127217,-0.22209785636703727,-0.048501896712850386,-0.05272138946579246,-1.4371071358198815,-0.05272138946579246,0.18369614588154742,0.07031751226561256,True,True,55.648459746780325,57.5,2.0,0.06336451502789267,0.33566519331586053,0.3,False
UGC08699,fixed_core,2,spiral_T1_9,8.31715210355987,0.7448930773385979,0.9997007097860645,-0.42880025875546846,-0.14877814339885326,-0.1446807076391664,-4.177566925307088,-0.3211724137625177,2.917773654699565,0.0002993798153845262,True,True,124.2329052760252,183.0,7.49,0.5391377839493012,0.44063998195019066,0.3,False
UGC08837,fixed_core,10,irregular_T10_11,2.4418604651162794,7.617999042280998e-08,1.1325136810747313e-07,0.9999836008178775,0.015125365470702633,0.015125365470702633,0.2568032879997156,0.054783329612821806,-0.15000409142229834,8829914.405975683,False,True,123559.23114864978,48.0,3.0,-6626250.56338779,0.35120981165217646,0.3,True
UGC09037,fixed_core,6,spiral_T1_9,6.5327102803738315,0.8743494607308188,0.952938554075083,-0.27765037362292855,-0.014391382867963326,-0.025539023845042252,-0.3902651931483465,-0.04108054664719437,0.13013514388511965,0.049385603849971815,True,True,148.15640325482948,152.0,16.0,0.049934218083117536,0.29496157388700583,0.3,False
UGC09133,fixed_core,2,spiral_T1_9,15.53945480631277,0.4546533256468342,0.8730859381083995,0.13492373100124078,0.07054977822683935,0.08178457012345332,6.154872177601474,0.03212632751807437,-0.08699200847241222,0.1453626227981275,False,True,248.16403784952362,229.0,4.12,-0.17437481515950867,0.40946424100311685,0.3,False
UGC11455,fixed_core,6,spiral_T1_9,7.070826306913997,0.9752467292173492,0.9996726806421291,-0.4836415669168259,-0.13699278941972953,-0.13930564886882324,-5.983390413421933,-0.216141576374465,0.942910977982602,0.00032742653091277774,True,True,208.529056703596,266.0,8.82,0.3854320836439092,0.25489640915893186,0.3,False
UGC11557,fixed_core,8,spiral_T1_9,3.8400000000000003,3.4700461190006864e-06,1.1708746180577412e-05,0.9997161131702903,0.42925967703986495,0.4339130678557244,5.284672587615987,0.6103961332075314,-0.6752889204561345,85405.2411617403,False,True,37932.90021603417,84.5,6.7,-201519.2435208298,0.29877628399319495,0.3,True
UGC11820,fixed_core,9,spiral_T1_9,7.605769230769231,0.9628814137685726,0.9906881192537146,-0.4179418189680095,-0.12552972439809343,-0.12552972439809343,-10.26704119414733,-0.15819502764781435,1.5242173856631434,0.009399406902446783,True,True,71.1804984611448,84.45,1.31,0.28956762877589004,0.5493612900957499,0.3,False
UGC11914,fixed_core,2,spiral_T1_9,4.028688524590164,0.9999999996920667,0.9999999999996685,-0.4999999996652127,-0.04956626461270863,-0.02181372090236379,-0.9268915075337396,-0.20908937739771982,9.964932985557619,3.3151259515307174e-13,True,True,241.22773989369787,305.0,5.07,0.37446038705486095,0.8892808578251367,0.3,False
UGC12506,fixed_core,6,spiral_T1_9,6.773712737127371,0.21729697037181966,0.3515842435161095,0.5965862139423184,0.09107042055135184,0.08882319741403465,1.5070258350142556,0.13171952092104208,-0.43909094415858213,1.8442685314883294,False,True,352.910082303755,225.0,11.6,-1.4601585420571486,0.6440853512250506,0.3,False
UGC12632,fixed_core,9,spiral_T1_9,4.404958677685951,0.9730593118351255,0.9910184850980603,-0.43786610038926144,-0.08200685915512011,-0.07961447894106248,-2.0682764991806266,-0.09325637066608938,0.355209066989991,0.009062913595452304,True,True,66.4655840397958,73.1,2.79,0.1732791386813111,0.3130070458511583,0.3,False
UGC12732,fixed_core,9,spiral_T1_9,7.777777777777778,0.9438664237170097,0.9865128144791322,-0.39705924183910946,-0.06069006639720072,-0.06004825012933927,-1.7353121355828505,-0.09070433937619976,0.5902972322971519,0.01367157661098295,True,True,89.32685569126548,98.0,3.18,0.16917043443480131,0.528280058335641,0.3,False
UGCA442,fixed_core,9,spiral_T1_9,5.364406779661017,0.8509547256266345,0.9238046613570814,-0.21273558357154387,-0.07806913078306058,-0.07806913078306058,-4.492720949296455,-0.08716620384567739,0.22952943111736415,0.08247992441495877,True,True,53.39714819754797,56.5,0.65,0.10681950485366117,0.11755686025221951,0.3,False
UGCA444,fixed_core,10,irregular_T10_11,3.1566265060240966,0.8702977048162137,0.9583860775409263,-0.28546787819896946,-0.17653519536654355,-0.18475552637692338,-1.2519481445829665,-0.26493744044380546,1.1453587377438017,0.04342083366428762,True,True,28.603297075589072,38.3,7.78,0.4422563357890486,0.18802457391428795,0.3,False
CamB,variable_core,10,irregular_T10_11,3.808510638297873,2.0167996598371787e-10,3.6414119603356455e-10,0.9999997999776689,-0.3097201830952394,-0.3097201830952394,-3.8964839109717415,-0.38874350936823615,8.073425563555915,2746187496.8513155,False,True,293390.5648185447,20.1,1.5,-213059139.9236026,0.40648993781345577,3.0,False
D631-7,variable_core,10,irregular_T10_11,10.271428571428572,0.48198771445992394,0.706192869403375,0.41549938239571205,0.06390671539873893,0.06488838023512586,0.9342545927329151,0.1098391719462522,-0.20383127886851404,0.4160437513973301,False,True,74.81453309644972,57.3,3.94,-0.7047578381561702,0.10247141110602481,2.5159223897491625,False
DDO064,variable_core,10,irregular_T10_11,4.3188405797101455,0.7670553441624781,0.9737326468133576,0.1381311774034666,0.052770928111503794,0.05508975640695837,0.42866580482975625,0.041048009252892224,-0.1058300784430227,0.026975939722885034,False,True,49.30384906136846,46.9,8.65,-0.10513660706498139,0.27860133732627457,3.765856372095059,False
DDO154,variable_core,10,irregular_T10_11,16.0,0.7493869128138535,0.8668727957545147,-0.10270285290214787,-0.014287359673594352,-0.020240544408769406,-1.3705740071080998,0.004059517003157324,-0.009307623707605564,0.15357178688438733,False,True,48.631135398628665,45.5,1.3,-0.14236798945043064,0.13406561784579898,7.453749329774967e-19,False
DDO161,variable_core,10,irregular_T10_11,10.959016393442623,0.807550467309723,0.9613668036383053,-0.15295682526200727,-0.05416020243909802,-0.04992994900854031,-3.4638902124674837,-0.08298613032528417,0.2591894951913356,0.04018569833645902,True,True,61.49714846174346,66.1,1.31,0.13442034854682736,0.2642034581240106,2.064200658385831,False
DDO168,variable_core,10,irregular_T10_11,4.03921568627451,0.6186672048007539,0.7354090386018649,0.3215123732931702,0.1417936893966441,0.1417936893966441,2.8597945598568946,0.1894864428505526,-0.3427753158515683,0.3597874754179886,False,True,70.73427289483665,52.0,2.7,-0.8503466575300381,0.1954177450534108,2.816728626027217,False
DDO170,variable_core,10,irregular_T10_11,6.323076923076923,0.9380479352160241,0.9710362644717844,-0.3643968204299075,-0.11081537548988944,-0.11081537548988944,-6.325564882179284,-0.15094073033937705,0.5344072368986077,0.029827655864089753,True,True,53.37903001291212,62.2,1.0,0.2635206301838866,0.22248672720114945,4.220051205803572e-26,False
ESO079-G014,variable_core,4,spiral_T1_9,3.2814960629921264,0.9501843396004016,0.9960104276988031,-0.41240323090357967,-0.08210561959573644,-0.08313340687767136,-6.598481173698579,-0.12231428565593908,0.4470861535523705,0.004005552743473251,True,True,156.4365698832079,178.0,2.03,0.22761013770913432,0.2718852239054212,2.318718564352392,False
ESO116-G012,variable_core,7,spiral_T1_9,6.52980132450331,0.8170123201003061,0.9117377318611746,-0.182082807877737,-0.03250662275474126,-0.02658874044524377,-1.2666739010395098,-0.062279835772009635,0.19019740824914463,0.09680664192612864,True,True,108.63094987667677,112.0,4.74,0.05925675453531097,0.2778130411998666,0.2478381690077954,False
ESO563-G021,variable_core,4,spiral_T1_9,7.7816513761467885,0.9959569622002493,0.999632874186563,-0.4931484015627263,-0.17642508981096142,-0.18687422935991627,-6.764542869077713,-0.20733085867646076,0.6719679422881801,0.00036726064429970506,True,True,247.35274700118944,312.0,9.07,0.37147249497622414,0.07903973761477157,1.548503977430572e-29,False
F568-3,variable_core,7,spiral_T1_9,3.603206412825651,0.9999985716482988,0.9999999999983296,-0.49999999883976187,-0.2205731943867642,-0.23342780543700936,-2.3342780543700936,-0.3311049217652821,1.7339055871857794,1.6704415628510105e-12,True,True,80.26740938821389,120.0,12.0,0.5525793743128383,0.14406460008062683,10.009804530377542,False
F568-V1,variable_core,7,spiral_T1_9,6.185964912280701,0.9670357544575032,0.9998988817329577,-0.4659820952296334,-0.15403890004527743,-0.12082177736411193,-1.0922288673715719,-0.2827458611035644,1.283883476839502,0.00010112849298016258,True,True,84.63913432395373,118.0,14.6,0.48550825487587757,0.13661560859858699,5.545718363276367e-18,False
F571-8,variable_core,5,spiral_T1_9,4.367977528089888,0.9199935199669124,0.9999867275142533,-0.4147804367887753,-0.16140740108453575,-0.13837279399209806,-4.843047789723432,-0.28672824807715347,1.0320480545024904,1.3272661907981487e-05,True,True,102.71176999826119,144.0,5.0,0.4912370902693042,0.04567539176558009,3.200535842898362,False
F574-1,variable_core,7,spiral_T1_9,2.8251121076233185,0.9531227379297991,0.9827486721751819,-0.4088459321915927,-0.08350370750749969,-0.08563622088347408,-1.930918843637903,-0.09954787217952679,0.33127355689710014,0.017554160400578,True,True,90.32836420303332,99.7,5.14,0.17916101568538811,0.22992556886547108,2.0041661757561508e-17,False
F583-1,variable_core,9,spiral_T1_9,6.889830508474577,0.8108247268760463,0.9999334936386626,-0.42249994609680486,-0.14820117732356733,-0.14932376746105708,-2.107953850658589,-0.24128720637492962,1.2212844016300763,6.651078472774685e-05,True,True,65.09886440541105,85.8,8.6,0.4243317865483651,0.1703921635574927,0.8305140893489038,False
F583-4,variable_core,5,spiral_T1_9,3.77720207253886,0.9403069728786538,0.9802774182062082,-0.3928018035231906,-0.14153294235009817,-0.13813947390505518,-1.8944842135550424,-0.19685836052181618,0.8146906433617191,0.020119388070656496,True,True,56.51978362620887,69.9,4.9,0.3461974205633089,0.23943401064654163,1.0379823521643262e-25,False
IC2574,variable_core,9,spiral_T1_9,3.679856115107914,0.24292450326739568,0.3570418863822793,0.5505364683849878,-0.03688984772255994,-0.036901210631632216,-0.39675217379244404,-0.036901210631632216,0.11072898917233731,1.8007918346289356,False,True,97.94868341733994,67.5,9.3,-1.1056668495342186,0.2733428668371712,3.23669872078914e-13,False
IC4202,variable_core,4,spiral_T1_9,5.418410041841003,0.9999999999991211,0.9999999999997914,-0.5000000000095206,-0.14094589111362205,-0.15485641285032314,-3.347072271033224,-0.20917347159372318,3.023244392327736,2.0872192862952943e-13,True,True,195.3341525163544,247.0,6.14,0.3745934019688505,0.5724532170976637,5.463185327077446,False
KK98-251,variable_core,10,irregular_T10_11,2.335820895522388,5.388854354605295e-08,1.1099985880318878e-07,0.9999918118419604,0.17690793127512258,0.16042577616581083,2.7753659276685276,0.2743413148830764,-0.4750411190208447,9009019.468873536,False,True,117644.79713742928,34.2,2.0,-11832954.690218262,0.3269727407098139,996.627285838714,True
NGC0024,variable_core,5,spiral_T1_9,8.410447761194028,0.8675162147820848,0.9999999991323231,-0.4999227373417292,-0.2865775664226913,-0.3396293195581269,-9.932433267828127,-0.48389007823186103,4.438901109828549,8.676770413273971e-10,True,True,56.772091409777296,110.0,2.83,0.7336305485090818,0.17188646079604958,1.1320414960396466e-15,False
NGC0055,variable_core,9,spiral_T1_9,2.20949263502455,0.9248120095460508,0.9881492796705644,-0.34853394381639813,-0.0439672761496859,-0.0429806921491283,-0.6663353936291394,-0.06860653990668839,0.23521090613636098,0.01199284417166857,True,True,80.87865429732392,86.5,5.5,0.12575004564856382,0.30414310354141366,1.9802852120754768,False
NGC0100,variable_core,6,spiral_T1_9,5.795180722891566,0.7700168391397705,0.8846058013954481,-0.14559324191476541,-0.07626507181343847,-0.07823881826158745,-0.7355820803314413,-0.11049862390943799,0.3309935433054923,0.13044702897326688,True,True,85.23650430504044,91.2,13.7,0.12650266594731358,0.16815869123092628,2.3711007813386816e-15,False
NGC0247,variable_core,7,spiral_T1_9,3.887700534759358,1.0158099286382447e-07,1.881258270941696e-07,0.9999879298816516,-0.0751438547811349,-0.0691210274946866,-0.8457381025494868,-0.09718477903527958,0.9341229868536068,5315590.247869613,False,True,109762.78008868388,107.0,9.2,-1052306.4410688076,0.6988665840369385,999.9993211073664,True
NGC0289,variable_core,4,spiral_T1_9,10.55192878338279,0.8487818402352355,0.951198050518387,-0.270975931241646,0.005160591621794581,0.010353149306188261,0.14306704475950954,-0.04697219574195601,0.15199010132661447,0.051305771132538425,True,True,159.90782183144316,165.0,8.75,0.06077092808534168,0.37686602621670484,3.647060821916945e-20,False
NGC0300,variable_core,7,spiral_T1_9,6.742857142857143,0.8950898685048954,0.9559593879241554,-0.313930404351459,-0.11413170078943483,-0.10682516010187222,-1.078933947992266,-0.13962674621076382,0.49629763942920435,0.04606954294520582,True,True,81.74459261099955,93.5,12.1,0.23564546642588796,0.24309050960911066,2.291152541424015e-22,False
NGC0801,variable_core,5,spiral_T1_9,6.860091743119265,0.8506844124359175,0.959136760039605,-0.28755095386773233,-0.10353732431991265,-0.11183342230519837,-3.5161967475125713,-0.1432524600838455,0.9351680679118144,0.042604184995169714,True,True,186.5787411370567,216.0,8.8,0.2538660269999825,0.48002221715873794,8.181164981129479e-12,False
NGC0891,variable_core,3,spiral_T1_9,6.709803921568628,0.9233883894404484,0.9743925412403914,-0.3504514427917632,-0.029462292969411816,-0.030436285954157122,-1.4584475136584691,-0.042344777175084565,0.1367150058231525,0.026280433886542776,True,True,200.915353608771,208.0,4.35,0.06696146182189591,0.3259299775077582,0.5059194048269318,False
NGC1003,variable_core,6,spiral_T1_9,18.782608695652172,0.7249450659646341,0.8666950894860663,-0.08743763400723137,-0.06500136670111424,-0.06198413856920963,-3.802278086833626,-0.06952502044426123,0.21629246505446303,0.15380831405538586,True,True,112.74848958267006,115.0,1.6,0.03877339106438864,0.1994648207896505,2.1087288856697043e-25,False
NGC1090,variable_core,4,spiral_T1_9,8.524079320113314,0.67510282181838,0.8094811348803154,-0.00492551259306806,-0.008419688963499542,-0.009211176853248576,-0.6691527579489996,-0.0104000171075036,0.037906851016143675,0.23535924051874724,False,True,168.40192459068558,160.0,2.23,-0.10778157054089661,0.44472437800799464,2.6771693779354283e-16,False
NGC2403,variable_core,6,spiral_T1_9,15.014388489208635,0.9107289808930978,0.9936718403125145,-0.41367768929212456,-0.16462422181599656,-0.17702985636451252,-5.505765915353964,-0.23010307045818637,1.046758439180955,0.006368460321362512,True,True,103.38158941990001,134.0,3.12,0.40478096285448983,0.23264503164847447,6.475726328432468e-14,False
NGC2683,variable_core,3,spiral_T1_9,15.880733944954127,0.9980760788664839,0.9997644437537305,-0.49605924659523737,-0.153626825014183,-0.15340090434188722,-2.223197471518779,-0.16852972873073815,0.7521270255305201,0.00023561174608799362,True,True,125.56079040904535,151.0,12.0,0.3085604978665754,0.29210830786513586,1.3415782252254468e-16,False
NGC2841,variable_core,3,spiral_T1_9,17.483516483516482,0.9178071003700952,0.9919619113273657,-0.4030159359140473,-0.12694338666920457,-0.12800388940372953,-8.06270183381081,-0.2084253259983977,0.9608272175469201,0.008103223098433698,True,True,233.30704270580588,294.0,7.07,0.37026035244425093,0.27693355663549213,0.2627338752056267,False
NGC2903,variable_core,4,spiral_T1_9,10.71244635193133,0.946574474596663,0.9909327147106494,-0.42120963307634707,-0.09453431200535069,-0.0799075991891262,-4.741184218554821,-0.13903946814185292,0.506463603733002,0.009150253246001938,True,True,155.46080187701,180.0,8.0,0.2540721938196619,0.26405804203259436,9.326864721474892e-15,False
NGC2915,variable_core,11,irregular_T10_11,18.25454545454545,0.9876760744049777,0.9974846772555798,-0.4748092066932108,-0.15784405327563947,-0.1681476099740707,-2.543985205712242,-0.20898107617422954,0.6688682864992191,0.0025216655471247407,True,True,68.50024653901995,86.5,6.45,0.37287797441858866,0.06828873300407245,1.6947199051577896e-18,False
NGC2955,variable_core,3,spiral_T1_9,1.8885927505330489,0.9292071451075911,0.999991151148489,-0.46316203828056235,0.01947981528115114,0.011606454544614807,0.2167676069361883,0.010464068463954394,-0.034889428827140447,8.848929813787265e-06,False,True,229.37594287432742,227.0,11.2,-0.02104296938591305,0.4180574656247987,3.964428174814712,False
NGC2976,variable_core,5,spiral_T1_9,2.2475247524752477,0.17303609217285715,0.4337303664766232,0.7465586860147533,0.02811604640637211,0.023824715092274004,0.4194840630011909,0.0632508034938641,-0.19604085401297405,1.3055798654897663,False,True,120.62073405281298,85.3,5.36,-0.9996126330817015,0.5393793433269759,2.488070371388081,False
NGC2998,variable_core,5,spiral_T1_9,6.819354838709677,0.5992885873368472,0.8774541672606733,0.2019671492786701,0.022057974353935677,0.017668006588317967,1.8816427016558634,0.03718286957599321,-0.1284990684779382,0.13966066526517618,False,True,218.45631690101786,203.0,3.0,-0.15807620650726628,0.49826746309755354,2.838303665881983,False
NGC3109,variable_core,9,spiral_T1_9,4.134615384615385,0.6131973208737742,0.751764992782678,0.0824767958937378,-0.04938705138184588,-0.04856460014830195,-0.9505010047062279,-0.061953481793699604,0.15415242520359423,0.3302029352264375,False,True,71.76607261764009,67.3,3.0,-0.1371250635221834,0.10640897325973572,3.1726196587576383e-18,False
NGC3198,variable_core,5,spiral_T1_9,14.038216560509554,0.9087008651965912,0.9954615317858219,-0.4229729917709646,-0.10341892600654731,-0.10610794805633035,-7.851988156168446,-0.17614839213800013,0.7502241753556371,0.0045591598160867886,True,True,122.93031340259134,149.0,3.0,0.3193161590352089,0.27863526253142906,1.5299450772925405e-15,False
NGC3521,variable_core,4,spiral_T1_9,7.391666666666667,3.451242992896596e-07,8.874408785242717e-06,0.999952717721242,-0.06353642443401505,-0.06209962565700881,-0.8555468753588373,0.015040039900645449,-0.04476329129328167,112682.56283777498,False,True,56898.89596182554,206.0,10.7,-76289.98787997566,0.6275802105531966,999.9997641595172,True
NGC3726,variable_core,5,spiral_T1_9,9.564705882352943,0.6358530425319182,0.7666164438068983,0.05426558610410748,-0.12067528415599321,-0.12593713420185634,-1.6997908914567086,-0.12884000725754524,0.4991316983543315,0.30443327700375855,True,True,158.95389473168277,167.0,15.2,0.094039203615372,0.2932787378588915,2.7821371961514073e-24,False
NGC3741,variable_core,10,irregular_T10_11,35.0,0.8273383982417604,0.9598716442870917,-0.27481580280486195,-0.14388545706389383,-0.14388599909783886,-3.0096154811297966,-0.20394814944352846,0.6577751067836042,0.041805960152841104,True,True,41.824002081185704,51.6,3.24,0.3430205703957746,0.08691520119394422,8.033331328653619e-19,False
NGC3769,variable_core,3,spiral_T1_9,10.994082840236686,0.9999795116898784,0.9999987869389831,-0.49995657820378625,-0.3215706556820976,-0.32143195997312846,-3.711281823083715,-0.32143195997312846,1.7290285925255942,1.2130624884587604e-06,True,True,76.67822004142191,113.0,10.5,0.5395450365165074,0.14840340349842704,0.2497117164983074,False
NGC3877,variable_core,5,spiral_T1_9,4.486166007905139,0.9833790522210428,0.9963946692881785,-0.4635536260222395,-0.07102146403637054,-0.07204065727094426,-2.148581006326408,-0.09629586001463744,0.4210102175467032,0.0036183761544981152,True,True,152.87324761402678,169.0,7.0,0.18174329203951034,0.39663372459810414,0.510988345071806,False
NGC3893,variable_core,5,spiral_T1_9,8.004201680672269,0.9625430063484803,0.9800214463305532,-0.40532336838913774,-0.056020562442477335,-0.056020562442477335,-0.7760474989207415,-0.049884643017270934,0.16921808913889588,0.020385833130745823,True,True,159.6959000514899,167.0,13.5,0.08556131473859048,0.3238001079782341,3.9872653107652756e-17,False
NGC3917,variable_core,6,spiral_T1_9,5.650190114068441,0.9212644032425009,0.9748298832332867,-0.36230408784559964,-0.07852850663961274,-0.08029314397426075,-1.9553573169319183,-0.11436014207148838,0.3802569384201405,0.025820009418699552,True,True,122.45994440239487,137.0,7.5,0.20099962794833812,0.24023647889713307,3.173686387402074e-17,False
NGC3953,variable_core,4,spiral_T1_9,3.206543967280164,0.9829148542418946,0.993216663840137,-0.45409290453490847,-0.0632248789466483,-0.0632248789466483,-1.8037812573047334,-0.07116052474296149,0.5032190460026217,0.00682966406708907,True,True,199.91596920884288,215.0,9.7,0.13539438086076774,0.6013743873621744,5.623130104684553e-17,False
NGC3972,variable_core,4,spiral_T1_9,4.0,0.884578362471829,0.9295176908727716,-0.2629647753817077,-0.10777548474628837,-0.10777548474628837,-2.698338045824391,-0.12298433961788699,0.4863100533481522,0.07582675383084858,True,True,120.23841761868243,134.0,4.9,0.1948497955310379,0.30805437974477157,6.433213358169856e-15,False
NGC3992,variable_core,4,spiral_T1_9,9.278225806451614,0.5055582591528539,0.5925344389272353,0.2566177352768262,-0.012980491164602054,-0.012980491164602054,-0.42797113361456407,-0.013540932173162013,0.05500092244633794,0.6876656179014136,False,True,271.1976195007448,237.0,8.6,-0.30940819353862026,0.5056143801892232,1.3318829541785625e-12,False
NGC4010,variable_core,7,spiral_T1_9,3.725978647686833,0.33983738213318054,0.5093577830821646,0.6051784922347925,0.1500972267822668,0.1550955912349958,3.7709516300273496,0.2059433642611061,-0.4087144681515799,0.963256542285307,False,True,193.8606607518633,122.0,3.9,-1.5249903108807465,0.35845762595514596,2.526033966281225,False
NGC4013,variable_core,3,spiral_T1_9,8.784702549575071,0.4701864755227665,0.6188150984932138,0.25966055415424516,-0.019777705284554963,-0.029103612541793226,-0.8393114156979806,0.022925932926515416,-0.06151085313248065,0.6159915981929882,False,True,208.95606650657717,170.0,10.0,-0.5108179145294501,0.2915544190233874,4.0390509102124164e-15,False
NGC4088,variable_core,4,spiral_T1_9,8.325581395348838,0.36922398159993564,0.5329266025444435,0.38034604910669456,-0.034991005793991975,-0.04067061339095444,-0.8086831267271173,-0.06879161144091696,0.29114163382381186,0.8764310042424743,False,True,195.8619922509619,174.0,7.6,-0.2670735899232349,0.4802985554312936,2.773787928310938e-13,False
NGC4100,variable_core,4,spiral_T1_9,10.586046511627908,0.8477552529729989,0.9291683216411135,-0.24105329355317284,0.021616074357121078,0.01817625205247789,0.3226795308192704,-0.0042341456631816675,0.014646161643182241,0.07623126693964588,False,True,161.8001860330908,159.0,9.0,-0.03553262134974052,0.45346462140593935,1.3369402696353166e-19,False
NGC4157,variable_core,3,spiral_T1_9,12.76293103448276,0.5288094312018986,0.6889149368000539,0.17794184260858104,-0.019739671753917724,-0.018093527423598103,-0.3157092927790758,-0.02803270701801829,0.08648894166772615,0.4515580176631202,False,True,205.4528605440658,185.0,13.6,-0.23333463566805984,0.340627540137757,1.5740324777384504e-15,False
NGC4183,variable_core,6,spiral_T1_9,7.534050179211469,0.9910997066724365,0.998836334155952,-0.4839956367411191,-0.16071524267956677,-0.15445012645943165,-2.592831261910243,-0.21765746098648178,1.0691950309072458,0.0011650215398215646,True,True,88.43522928128986,113.0,11.5,0.3875174423968747,0.2907250971657648,3.91361358847106e-25,False
NGC4217,variable_core,3,spiral_T1_9,5.687074829931973,0.9107414537506514,0.9669431254048575,-0.33914002875182203,-0.02491385707009698,-0.021050641925679774,-0.45495538518964634,-0.05761628091436829,0.1572101410610829,0.03418698962392597,True,True,170.02715324313144,178.0,12.0,0.08757628961105615,0.19096215047637416,2.108370931726777e-17,False
NGC4559,variable_core,6,spiral_T1_9,9.985714285714284,0.9346402606079405,0.9980877585816792,-0.38004255692447586,-0.0037434476560566734,-0.00737026625458841,-0.14160196583618678,-0.01697755675405807,0.06173087035991443,0.0019159050913901687,True,True,117.04289891312274,119.0,6.13,0.032621976838678825,0.42225513785652946,5.90609307232261,False
NGC5005,variable_core,4,spiral_T1_9,1.2137566137566138,0.7584602050082945,0.9027770226125356,-0.14696652369597385,-0.04394052247443299,-0.038913251472899556,-0.4683610069204035,-0.08309994456648777,0.5409388206178997,0.10769323426742972,True,True,247.51892889601194,265.0,22.0,0.12758105857132046,0.6136036252360116,4.404613991231601e-12,False
NGC5033,variable_core,5,spiral_T1_9,8.641472868217054,0.9602076326806255,0.9923591730981246,-0.4351530789936664,-0.04626498791478441,-0.04224146128078088,-2.7034535219699762,-0.10933530884373734,0.37448138177355156,0.007699658660906827,True,True,175.03731237106038,196.0,5.0,0.2024661411369177,0.2822855842094423,1.99565179414193e-16,False
NGC5055,variable_core,4,spiral_T1_9,17.059375,0.9765523443793601,0.9981899742470192,-0.4700396820984942,-0.1341352698271738,-0.14204739338452305,-8.5527217675207,-0.16781178703522504,0.6881243551111416,0.0018133078869542185,True,True,143.2200767997232,172.0,4.84,0.3066525690062666,0.26252082420299366,5.0389489949779244e-17,False
NGC5371,variable_core,4,spiral_T1_9,6.21505376344086,1.0,1.0,-0.49999999999994493,-0.18257165278272797,-0.18152470587441938,-8.77064113662695,-0.24828845067710806,18.070032578944343,0.0,True,True,160.11456000577599,213.0,6.0,0.4349297466145774,0.6422043338589125,1.3514134064245527e-16,False
NGC5585,variable_core,7,spiral_T1_9,7.163398692810458,0.8726095533336039,0.9876203213660841,-0.30974475564909953,-0.04084437967218478,-0.03850524428017569,-2.1752618226350533,-0.06569582685810563,0.20333749808459037,0.012534856124459148,True,True,83.90074225716461,89.4,2.7,0.11924205725177961,0.25480331571069403,1.7342482040323026,False
NGC5907,variable_core,5,spiral_T1_9,9.425093632958802,0.4800491720920486,0.6144452096905323,0.25692979323754805,-0.025667934377208948,-0.022763587971714988,-1.5383472423025968,-0.023941504213117856,0.09066271740833995,0.6274844106989683,False,True,242.12522536366765,214.0,5.0,-0.280125442340092,0.4486828628316172,4.332555652329666e-13,False
NGC5985,variable_core,3,spiral_T1_9,4.9529243937232525,0.9999999999999951,0.9999999999999941,-0.5000000000010552,-0.10047178724246855,-0.09839224868827572,-7.305624465104472,-0.1439193586159185,2.9560030437222258,5.995204332975845e-15,True,True,243.9829827944633,285.0,4.0,0.26712593544741914,0.701561885521199,999.9999991493872,False
NGC6015,variable_core,6,spiral_T1_9,12.708695652173914,5.491948263504169e-06,1.1833654944093024e-05,0.9998176255517077,0.23869795668052532,0.2508959002832361,5.657959360468843,0.35427072168540075,-0.5504690912349182,84503.74555193681,False,True,54389.37153459583,152.0,3.4,-128037.596603545,0.3878613586600205,1000.0,True
NGC6195,variable_core,3,spiral_T1_9,2.6133428981348636,0.9999999999999957,1.0000000000000002,-0.4999999999988347,-0.1330719287053573,-0.156318353707334,-4.68955061122002,-0.2084111418651167,11.252761137546525,-2.220446049250313e-16,True,True,194.7308591011813,246.0,4.24,0.3733870796767115,0.6736375459234069,939.5758897134984,False
NGC6503,variable_core,6,spiral_T1_9,10.87962962962963,0.9358703521362783,0.9829870258334957,-0.39303814013263993,-0.09805770259436246,-0.10475453789741473,-4.208537603245877,-0.13473210571270675,0.4372531631354295,0.017307424939895455,True,True,100.16466859233462,115.0,10.0,0.24136402009737432,0.18813060172917298,3.3542280142073753e-16,False
NGC6674,variable_core,3,spiral_T1_9,11.988410596026489,0.27899216375839736,0.37682275077018546,0.518208775151241,0.00041267079138411895,0.006180535858124115,0.37392241941650894,0.011154506344292202,-0.03427222322076759,1.6537675815913633,False,True,351.1030244913006,242.0,5.0,-1.1049336419462266,0.4022164014732148,9.962177552203427e-12,False
NGC6946,variable_core,6,spiral_T1_9,8.360655737704917,0.7163617370314028,0.8611832500084329,-0.07638454362815517,-0.00556768826344533,-0.010756260730743742,-0.08340797067100086,-0.014424081842370817,0.053106453034749306,0.16119304455841177,False,True,158.42481503192022,154.0,21.0,-0.05829069058433675,0.4490798572378423,4.3886704341722e-14,False
NGC7331,variable_core,3,spiral_T1_9,7.2330677290836665,0.7618121923372232,0.8987549364474438,-0.14515689906097196,-0.06216767644073459,-0.059392923828390475,-2.8432502967592157,-0.09310266614127011,0.3275232166880199,0.11265035600555695,True,True,223.71063463583874,238.0,9.0,0.11647397695837618,0.3183405370051756,3.838166780781111e-15,False
NGC7793,variable_core,7,spiral_T1_9,6.5041322314049586,3.769220662301674e-07,2.80693381126531e-06,0.9999562971213516,0.1774475598425213,0.12095640834645728,1.1402710725046346,0.6104321597740778,-0.787292253234616,356259.6271607167,False,True,77103.99015144022,90.8,6.1,-721076.6088796346,0.5538674073115583,1000.0,True
NGC7814,variable_core,2,spiral_T1_9,7.6889763779527565,0.9119473126511338,0.9688053053174838,-0.3453266290265322,-0.08751168757973712,-0.08814365880816152,-3.847346888816136,-0.12066676832708832,0.4337768844267638,0.03219913692802656,True,True,190.21461159947077,214.0,4.87,0.2099397662254886,0.2737150440231422,4.327903257181628e-18,False
UGC00128,variable_core,8,spiral_T1_9,9.033613445378151,0.7140516541496843,0.8765593673252398,-0.006854833323258203,-0.06196397785627655,-0.052065270075515764,-2.5249698645644862,-0.05177266880001184,0.19859945402142504,0.14082404144676564,True,True,123.15240521934271,125.0,5.95,0.029343045676211828,0.4133535358101007,1.0550106504642525,False
UGC00191,variable_core,9,spiral_T1_9,6.3164556962025316,0.9955065146035066,0.9998234156956325,-0.4891709368511077,-0.17619195434531182,-0.17619195434531182,-17.110139507963954,-0.23122104941546648,1.283685841640489,0.00017661549189118553,True,True,64.46518354958879,83.85,1.04,0.4089226559080145,0.2946995338808853,3.733437430594771e-18,False
UGC00731,variable_core,10,irregular_T10_11,4.743478260869566,0.9914635909797714,0.9984377227068241,-0.4826525863418918,-0.08590102971156177,-0.08046656298183691,-1.8943129817242848,-0.10479185401393323,0.5012007298833598,0.0015647218225494086,True,True,66.18146880894136,73.9,3.42,0.19798234938614756,0.4051444599518666,2.7126501414709172e-17,False
UGC01281,variable_core,8,spiral_T1_9,3.0613496932515343,1.0,1.0,-0.49999999999994493,-0.37995792278597695,-0.3872741055473693,-5.471137915648475,-0.3872741055473693,1351.8216263368472,0.0,True,True,34.864103394354686,56.9,4.0,0.6245669782672237,0.374971002953006,9.717310719222192e-13,False
UGC02259,variable_core,8,spiral_T1_9,5.0246913580246915,0.9856673597594553,0.9951675346403956,-0.46194721646047876,-0.1425127572086233,-0.1425127572086233,-4.7325035175888,-0.1760744425976371,0.7449541950657576,0.004855931480271414,True,True,74.26754498930788,90.0,3.0,0.3190533038593988,0.26765534591591184,1.1754583881017072e-25,False
UGC02487,variable_core,0,S0,10.187579214195184,0.9448388237306283,0.9854777944049918,-0.4029643947212058,-0.08887487332171402,-0.08935254455984393,-4.453527117413404,-0.1372017732003451,0.5714923534064171,0.014736207834876947,True,True,288.58076925165983,333.0,15.3,0.24898898554518728,0.33708758789071436,1.572635949110943e-15,False
UGC02885,variable_core,5,spiral_T1_9,6.497368421052631,0.7972637389086183,0.8963821150556712,-0.16404154044580288,-0.054785507089211795,-0.054438187486056513,-1.622257987084484,-0.07382252501192543,0.26612176825884304,0.11559566305926738,True,True,285.76479508886274,298.0,10.0,0.0804297316316864,0.34186999615884195,6.478732905986041e-28,False
UGC02916,variable_core,2,spiral_T1_9,6.178861788617886,1.0,1.0,-0.49999999999994493,0.005055873123184731,0.006623367116407111,0.10142030896998389,-0.04389783283640764,2.543354477517106,0.0,True,True,173.05449225661022,181.0,10.3,0.0858686459450822,0.9743768439199916,3.2878934037712934e-11,False
UGC02953,variable_core,2,spiral_T1_9,17.574647887323945,0.9692161552407424,0.9999999999289644,-0.4996415154540079,-0.14137727261449923,-0.13722995991816742,-7.796231805256133,-0.2964310257450521,1.7973935304007334,7.103562182919632e-11,True,True,191.37076100120373,272.0,5.04,0.5049906984458824,0.3233964420598001,4.327829317271185,False
UGC03205,variable_core,2,spiral_T1_9,12.551724137931034,2.7733580006931907e-06,3.7263518753419234e-05,0.9997981878057116,0.13394114320470463,0.10537184888653012,10.452346902689321,0.3756607633738657,-0.5614008656104912,26834.89831162259,False,True,45439.74469174914,220.0,6.32,-42659.54540601951,0.5372455096167843,1000.0,True
UGC03546,variable_core,1,spiral_T1_9,7.712401055408971,0.7955756307552023,0.9820512278007052,-0.253939302737316,-0.05942687920817998,-0.04216746711545089,-1.2763081439233164,-0.16523922732354462,0.6631378386443383,0.018276818653840454,True,True,162.07190068128133,193.0,18.6,0.29481862625995,0.34499240207112125,1.955339045933986e-13,False
UGC03580,variable_core,1,spiral_T1_9,11.1358024691358,0.62648173167906,0.9977511858891418,-0.3227056889582025,-0.15245521603307002,-0.15948851061099048,-12.74061905123519,-0.3106511243691363,1.482814853305612,0.0022538826740197138,True,True,85.5509751039257,124.0,1.92,0.5240004330624016,0.18353492814039893,5.200411835441454e-23,False
UGC04278,variable_core,7,spiral_T1_9,3.0271493212669687,0.012855111144705552,0.020613003710994438,0.9391770230549046,0.11024084573341471,0.1330804015973858,1.487466198771276,0.14559040137216767,-0.3353328544749851,47.513065539624684,False,True,626.471464780773,92.8,8.75,-44.572896870421104,0.38083319139273525,2.7921912328198327e-10,False
UGC04325,variable_core,9,spiral_T1_9,3.005376344086021,0.9806352203096986,0.9931349816185424,-0.45056639565874135,-0.10048706050516751,-0.10048706050516751,-3.0314468404225066,-0.11539607590063772,0.4044105044326916,0.006912472633145539,True,True,81.1332804060613,91.5,3.05,0.21375864439683828,0.24477094753941436,1.193134231992074e-17,False
UGC04483,variable_core,10,irregular_T10_11,6.722222222222222,0.9040352508842294,0.956898042884283,-0.2964034762203971,-0.09493029249862633,-0.09493029249862633,-1.4847497224312212,-0.10259986718986203,0.38885277650212063,0.04504341652303823,True,True,22.019038272728388,24.2,1.23,0.17212272649430094,0.29860631583104946,0.423608014320784,False
UGC04499,variable_core,8,spiral_T1_9,4.728323699421965,0.8887750053447382,0.9364522183498123,-0.27420324898011494,-0.050390826758356266,-0.050390826758356266,-1.3973550712734575,-0.06461452152951358,0.21501885972815532,0.06786014321389477,True,True,71.04933950968176,74.3,2.67,0.08558685102916114,0.29253051159023613,9.502137087678711e-15,False
UGC05005,variable_core,10,irregular_T10_11,8.940624999999999,0.8263422917537041,0.9587740230867597,-0.19347439567329872,-0.05519970169306496,-0.04765386753647732,-0.47653867536477323,-0.08526225697731021,0.2558637418758928,0.04299863776087065,True,True,92.12466204029036,99.1,10.0,0.13581941244788207,0.19348852754323145,9.043244376429193e-15,False
UGC05253,variable_core,2,spiral_T1_9,6.603469640644361,0.6532847714574119,0.9999760233172826,-0.4438837448292321,-0.15623572796515586,-0.17694583357867869,-8.44213990708756,-0.30453288339089846,2.119554010142605,2.397725761249525e-05,True,True,151.61274685506947,218.0,6.53,0.5163196488313403,0.32217198856096746,6.762667964497509e-15,False
UGC05716,variable_core,9,spiral_T1_9,10.850877192982457,0.8278663378667389,0.9194427874660238,-0.21618768181685954,-0.025754290218783157,-0.017978248847272425,-1.2265534260288662,-0.06873401485175712,0.2799804396004799,0.08761525309909834,True,True,71.21211265976653,74.7,2.09,0.09120372799232972,0.4470657195507922,1.0585769744603139e-16,False
UGC05721,variable_core,7,spiral_T1_9,17.736842105263158,0.9888527852563842,0.9994709050165013,-0.48797500555197715,-0.1332430813278856,-0.13421046828218228,-2.308302583584141,-0.19200077961574372,0.7254805832653103,0.0005293750731942826,True,True,64.24839816271425,79.5,4.57,0.34688395767973357,0.18499778823429705,1.3677900170814824e-15,False
UGC05750,variable_core,8,spiral_T1_9,6.604046242774567,0.8007352036987837,0.9999999349699275,-0.2456630438640861,-0.10763328748305377,-0.07985917297055413,-0.5633701656831818,-0.228316394014409,1.248055966201102,6.503007687896911e-08,True,True,60.88583758974805,78.9,11.0,0.4045043911763337,0.24413616118109854,2.5684383246850166,False
UGC05764,variable_core,10,irregular_T10_11,3.094017094017094,0.9478320200525163,0.972263460619231,-0.376959755361006,0.021833805646627496,0.021833805646627496,0.41019237565112554,0.00413885030832293,-0.010996766394241353,0.02852780188109061,False,True,50.63837821977104,49.9,2.77,-0.029813273331666248,0.2606670323170911,3.3606690091615127e-18,False
UGC05829,variable_core,10,irregular_T10_11,3.472361809045226,0.8981272916389228,0.9650045003782974,-0.32907525860936815,-0.12066164127442232,-0.12591342735909591,-1.6323954218886743,-0.1693211081684281,0.9329894775141331,0.03626459732362264,True,True,57.47991591687216,68.6,5.06,0.29792417831628537,0.375277488805758,2.699098363374776e-26,False
UGC05918,variable_core,10,irregular_T10_11,2.6867469879518073,0.9445659668430827,0.9754404438492204,-0.37758831151396555,-0.11922914334760748,-0.11922914334760748,-1.3279866831782963,-0.1471854297711848,0.516481564761768,0.025177914557104497,True,True,38.295524033573045,44.5,3.93,0.2594131240974772,0.19351642949412196,7.395452077279075e-16,False
UGC05986,variable_core,9,spiral_T1_9,5.634730538922156,0.9009159122220259,0.9521730493762245,-0.309542950870656,-0.010119970878015713,-0.009034243418450372,-0.1930848103159001,-0.007467765477548774,0.0182153555658099,0.050229263110426414,False,True,108.39007721017884,107.0,6.39,-0.02615152743720245,0.1589759275022338,6.978741884806594e-16,False
UGC06399,variable_core,9,spiral_T1_9,3.829268292682927,0.8269907916341592,0.8919527839620859,-0.17693065718138445,-0.04611736197937728,-0.04611736197937728,-0.8190081658629139,-0.0654938272935837,0.18702496110303704,0.1211355780044372,True,True,85.6226207808392,87.6,4.9,0.0446361119738698,0.20165572004522986,2.2205535697018527e-15,False
UGC06446,variable_core,7,spiral_T1_9,6.859060402684564,0.9813628950228636,0.9967201615157135,-0.4648705820817223,-0.11007355093162718,-0.11394501635298854,-1.415236789126662,-0.10768154158745091,0.4407946284035537,0.003290631223209939,True,True,71.54295083789448,80.1,10.8,0.20224659646830556,0.31939405710708413,1.0848535869393754e-30,False
UGC06614,variable_core,1,spiral_T1_9,12.664705882352942,0.6851150197254894,0.9717383536060199,-0.1759961692396339,-0.053024960035100155,-0.03873031958009433,-0.49623221961995867,-0.11357139738260114,0.3635137822756205,0.029083596720355986,True,True,182.79318479033753,204.0,16.0,0.19710331589305843,0.2198144597030891,1.3287683951419612e-14,False
UGC06667,variable_core,6,spiral_T1_9,1.524271844660194,0.8757523225183422,0.9277025979447402,-0.2531254002033356,-0.05561165215273198,-0.05561165215273198,-1.4619971702976127,-0.07268942539836333,0.18954134451860052,0.07793165850287531,True,True,82.0890718953201,85.7,3.4,0.08249371642754875,0.12375680995045116,2.088481576710673e-15,False
UGC06786,variable_core,0,S0,9.458333333333332,0.8903863900367086,0.9999999972353848,-0.4983251160967095,-0.13042618559595032,-0.14772742251381907,-6.59946025727057,-0.22050329295619675,1.0560343710028457,2.764615203432186e-09,True,True,164.47380532527202,211.0,7.05,0.3923848826806344,0.28739602182263135,4.625634652037774,False
UGC06787,variable_core,2,spiral_T1_9,6.925512104283054,0.9999981290395479,0.9999999999991366,-0.4999999997842841,-0.2735626925804849,-0.2858878590243122,-23.58335441457185,-0.41738267491484293,3.3900398624427166,8.635314685534468e-13,True,True,148.56741789675186,255.0,4.16,0.6605570525104482,0.21784774977866808,5.364908694994836,False
UGC06818,variable_core,9,spiral_T1_9,5.02158273381295,6.945840231817386e-07,1.035530250498393e-06,0.9999596666995791,0.16722793616672654,0.16722793616672654,1.9937720131459629,0.18235226219736503,-0.3226698845100361,965687.8338305012,False,True,81195.20036601179,74.4,6.0,-1191007.455182102,0.18199200427732287,1000.0,True
UGC06917,variable_core,9,spiral_T1_9,3.793478260869566,0.9039420404629571,0.9637972825408488,-0.3303014700994922,-0.08901196237238451,-0.10221674716567047,-2.1635315284760446,-0.11694765018789431,0.4308419774494633,0.03756258511510868,True,True,99.21816919843036,111.0,6.0,0.2010189839227047,0.26328606262909504,7.623696535373429e-18,False
UGC06930,variable_core,7,spiral_T1_9,4.215736040609137,0.9873876615397829,0.9920310659942787,-0.45891566625697044,-0.1185155641493995,-0.1185155641493995,-1.7296866119101548,-0.13124188117761995,0.5567903076068595,0.008032948038511512,True,True,94.04555939536111,108.0,7.4,0.24172091546755872,0.3247180871144319,1.8856584926174746e-18,False
UGC06983,variable_core,6,spiral_T1_9,4.8847352024922115,0.9633845139856848,0.9894337302885369,-0.42787861338516864,-0.08096789654860434,-0.07678043680507449,-0.8461517525457187,-0.11840429894315248,0.4337335372579275,0.010679108047369601,True,True,96.43243909933081,109.0,12.3,0.2173036519951061,0.2879230512196823,1.9710906429065216e-31,False
UGC07089,variable_core,8,spiral_T1_9,4.053097345132744,0.6406696722123182,0.7617051702250582,0.030728959929671174,-0.061923734427925765,-0.06976049916007675,-0.8874450384954026,-0.09031904963750252,0.3192471081058234,0.3128439179486384,True,True,78.96305941279569,79.1,7.3,0.0034594702686029594,0.3042316588504739,4.330159516784366e-16,False
UGC07125,variable_core,9,spiral_T1_9,5.5266272189349115,0.9534522816911087,0.9840810581828028,-0.40769180206873257,-0.051813908458751355,-0.032103092040629784,-0.6490407738649064,-0.09644827045583967,0.44833258938617887,0.01617645384476063,True,True,58.87793174138235,64.9,3.48,0.17696993925872018,0.48758001608113627,4.352727398582685e-17,False
UGC07151,variable_core,6,spiral_T1_9,4.4,0.9599685581276128,0.9902313890642989,-0.4295964714901013,-0.11208554672470113,-0.111694846935477,-2.4238764437610842,-0.14585399875963068,0.6868484097832013,0.009864978068339969,True,True,65.25895213233609,76.2,3.17,0.2665504451246319,0.33534746798547876,4.879821766236123e-18,False
UGC07323,variable_core,8,spiral_T1_9,2.5752212389380533,0.35592663518634726,0.4350845589000802,0.43853279926064914,0.013254683794574909,0.013254683794574909,0.28738948456087576,0.010506776471276385,-0.036894054381508314,1.2984037919618658,False,True,113.70741307296521,85.6,3.87,-0.7645339914711358,0.4618766877829927,1.0267590596081797e-10,False
UGC07399,variable_core,8,spiral_T1_9,3.7378048780487805,0.9633763493633751,0.9816631310946755,-0.40877196633218316,-0.1495950264750089,-0.1495950264750089,-3.193104607543727,-0.1759432066036732,0.6581360636320246,0.018679390439036547,True,True,87.93390535707051,106.0,4.97,0.3118216704035036,0.19864362613526682,9.23589441557812e-26,False
UGC07524,variable_core,9,spiral_T1_9,3.0895953757225434,0.8774128523453923,0.9581228400540557,-0.30177570848416435,-0.04533352665772738,-0.03869433144443807,-0.986545646455074,-0.0347164164195583,0.12038255246191018,0.043707506172780075,True,True,77.26441977263977,79.0,2.78,0.04345608671644169,0.32560760098198444,5.086678475667562e-18,False
UGC07577,variable_core,10,irregular_T10_11,1.8777777777777778,0.9999995300610881,0.9999999596183891,-0.4999973684818859,-0.23503120191669968,-0.23503120191669968,-1.264394992701082,-0.28540633303884694,31.14805656455061,4.038161249830807e-08,True,True,12.719767279810004,17.8,3.17,0.48935589050459166,0.5688411792556668,7.833722556345269e-19,False
UGC07603,variable_core,7,spiral_T1_9,7.754716981132075,0.881403293512231,0.9522950187924738,-0.2939208129545956,-0.07522025963787932,-0.07660590533203782,-1.6699557217710665,-0.11517415506305029,0.3297310621313863,0.050094750330645255,True,True,57.809304372266475,64.0,2.89,0.18410261913931936,0.13255206582534304,2.6508158647229373e-14,False
UGC08286,variable_core,6,spiral_T1_9,7.657142857142856,0.9766870815242444,0.9948776774146016,-0.4554176113931441,-0.13914265475221926,-0.13675943403225405,-5.695552547077524,-0.17381122859629233,0.6010246938566107,0.0051486958665207805,True,True,69.78629798949319,84.3,2.0,0.314692993717244,0.1552790640544976,8.461490859305268e-18,False
UGC08490,variable_core,9,spiral_T1_9,15.149253731343283,0.9215627452080192,0.9721876455813097,-0.3574174506693062,-0.055118966810458636,-0.05264977623947107,-1.0965028207927547,-0.08492168343531047,0.26723962250558275,0.028608010547243934,True,True,71.74446515488012,77.6,3.69,0.14522194834071636,0.24259972645192796,1.2507666984075244e-26,False
UGC08550,variable_core,7,spiral_T1_9,11.911111111111111,0.8350759580297383,0.9313967599559153,-0.23399713435817704,-0.05572058437709485,-0.06050348473196597,-1.6006890806333232,-0.06050348473196597,0.21164072189756797,0.0736563009381006,True,True,55.2566673790614,57.5,2.0,0.0765068310502147,0.3250135968154462,1.220549368021871e-39,False
UGC08699,variable_core,2,spiral_T1_9,8.31715210355987,0.970355237391105,0.999999999998705,-0.49999996404481717,-0.18617748049884614,-0.1914490722819064,-5.527974844028946,-0.3605849427685817,4.572232895914545,1.2949641359227826e-12,True,True,117.01295547337351,183.0,7.49,0.5911483845855746,0.44640673685585797,5.893063169345967,False
UGC08837,variable_core,10,irregular_T10_11,2.4418604651162794,8.86177385857067e-08,1.317418969101114e-07,0.9999897849521933,0.015126708638701155,0.015126708638701155,0.2568241812933829,0.05478502553193806,-0.1500081489576462,7590598.675988485,False,True,114560.78982900623,48.0,3.0,-5696255.322155268,0.3512098411783004,30.971124970700792,True
UGC09037,variable_core,6,spiral_T1_9,6.5327102803738315,0.850923957315419,0.9369561824047188,-0.2499775673064919,-0.010243412231720452,-0.022336802673005727,-0.33679523515252185,-0.035452130016054934,0.11013962712984356,0.0672857693659461,True,True,149.92634050948496,152.0,16.0,0.027098875581456548,0.29163593823600703,1.0962032928093697e-13,False
UGC09133,variable_core,2,spiral_T1_9,15.53945480631277,0.43547746292693457,0.8459812517430865,0.14405741382006454,0.06982278985935635,0.08008688854521606,6.068726909859593,0.03506520759327987,-0.09400219752114128,0.18205929261383558,False,True,251.8549079716409,229.0,4.12,-0.20956684024720543,0.4063615943257357,1.3110341950719726e-16,False
UGC11455,variable_core,6,spiral_T1_9,7.070826306913997,0.9645859443244922,0.9991516294761306,-0.4735291605725833,-0.13077115870928466,-0.13297079448011928,-5.736640360292254,-0.20917018705703494,0.880036305253321,0.0008490908675335973,True,True,210.42150364643695,266.0,8.82,0.3742267907057002,0.24758508118511713,1.2022176271748488e-14,False
UGC11557,variable_core,8,spiral_T1_9,3.8400000000000003,4.037975424805792e-06,1.3626239552857307e-05,0.9998231935479107,0.42930424757829444,0.4339525188865153,5.2851530658417385,0.6104765485848941,-0.6753261888728603,73386.81885647302,False,True,35164.67330883057,84.5,6.7,-173179.80584248184,0.29878356106426623,1000.0,True
UGC11820,variable_core,9,spiral_T1_9,7.605769230769231,0.9485522673481747,0.9844303535938244,-0.39518037030325526,-0.12361475460687077,-0.12361475460687077,-10.105365755007416,-0.15599741775682494,1.4510642345364946,0.015815894287834587,True,True,71.43270574509417,84.45,1.31,0.2845242910098522,0.5457564365285155,6.078093172395436e-13,False
UGC11914,variable_core,2,spiral_T1_9,4.028688524590164,0.9999999999996332,0.9999999999999998,-0.4999999999827365,-0.049543657493079804,-0.021784087455619574,-0.9268839363728548,-0.20911630811772255,12.558755020386817,2.220446049250313e-16,True,True,241.21952602409465,305.0,5.07,0.3745029859146587,0.9032877930654738,2.654597669065809,False
UGC12506,variable_core,6,spiral_T1_9,6.773712737127371,0.4409398227854413,0.6746490993520486,0.4695749279592931,0.07977201422756137,0.08024152911614682,1.3479047066153182,0.1111378222555335,-0.3948915453431201,0.48225203436931463,False,True,277.5044864501318,225.0,11.6,-0.5211602962953363,0.6431441375356746,2.704235622102226,False
UGC12632,variable_core,9,spiral_T1_9,4.404958677685951,0.961071561884697,0.9849235993784473,-0.41591096223425605,-0.07846155946226438,-0.07599530031049462,-1.9742551326213904,-0.08939502495607268,0.3314353417503658,0.015307177765937263,True,True,66.8810939251907,73.1,2.79,0.16291033128724192,0.30546417413688093,3.453737059807928e-17,False
UGC12732,variable_core,9,spiral_T1_9,7.777777777777778,0.9334462783147435,0.9813788763172323,-0.38264226556949943,-0.06215106975369608,-0.061509161000930096,-1.7771018610849063,-0.09235043949172754,0.5833129903280468,0.018974449249046677,True,True,89.25849418289785,98.0,3.18,0.17044160935043648,0.5161460195318293,7.812085567411007e-25,False
UGCA442,variable_core,9,spiral_T1_9,5.364406779661017,0.8174044609869809,0.8974157741736228,-0.17441116022837155,-0.07022045849748235,-0.07022045849748235,-3.9955861754923028,-0.07703573503482819,0.19878080800458697,0.11431070054550907,True,True,54.69277440554936,56.5,0.65,0.06294946442906571,0.11732354032508979,3.413135168174301e-15,False
UGCA444,variable_core,10,irregular_T10_11,3.1566265060240966,0.8436983825996242,0.9417841682607366,-0.2533675021722248,-0.17285275884939594,-0.18044853312163756,-1.2262896444729532,-0.25967831742231245,1.104638962139958,0.061814408970980006,True,True,29.001102030671895,38.3,7.78,0.42663463586673744,0.1880113102849212,1.988230773090967e-23,False
