galaxy,model,distance_ratio,inclination_deg,stellar_factor,halo_L_kpc,halo_mass_Msun,guard_penalty,objective,success,optimality,nfev
CamB,baryons,0.9637632042394773,62.33138687655707,0.7946433935056815,0.0,0.0,0.0,10.13334435084327,True,6.401371069692126e-05,6
CamB,new_analytic,0.9637631969227821,62.3313881180081,0.7946433614451949,0.0015420211544796424,3.737565248079377e-05,0.0,10.133344351071294,True,6.57051360655168e-05,7
D512-2,baryons,1.6156638173813969,70.02470474423419,1.7053945747714914,0.0,0.0,0.0,14.32642294420027,True,0.0009368766910478086,19
D512-2,new_analytic,1.0,56.0,1.0,0.8015235205772105,698178980.0089208,0.0,6.874511231467695e-30,True,5.665062526175692e-13,2
D564-8,baryons,1.0296542464655034,75.91402152622074,3.305415890186515,0.0,0.0,0.0,57.36622426100212,True,0.00026938750123289774,16
D564-8,new_analytic,0.9998785764234109,62.89525300157916,0.9955296850866143,0.9933979671220707,452587057.33942807,0.0,0.101783961474374,True,4.060510015514736e-07,8
D631-7,baryons,1.0881740401209903,74.4380830456245,3.999999999999999,0.0,0.0,0.0,610.9706735073634,True,0.01089998208588258,20
D631-7,new_analytic,0.9957535902508382,57.43969812916536,0.8465106207951643,3.684050171979916,18125567208.703186,0.0,6.173937355563033,True,6.829681680316236e-05,6
DDO064,baryons,2.0035116542065112,67.91120070861479,2.053523862219881,0.0,0.0,0.0,32.54821324995774,True,0.0007233035060395611,9
DDO064,new_analytic,1.0047936122953425,60.026934673822225,0.9982005515126776,1.1058692993983348,2334497602.774573,0.0,3.211592311228422,True,2.148791724097497e-06,7
DDO154,baryons,3.513608033304014,88.74748439934366,2.920878561655222,0.0,0.0,0.0,4785.784701158911,True,0.0008095722684429236,21
DDO154,new_analytic,1.0124165055953684,64.75966676879851,1.3672180342675482,1.6094431146502517,2818537506.033836,0.0,10.709287008072936,True,0.00022509721560187175,10
DDO161,baryons,2.970207813863696,85.9737870406342,0.35942232201860824,0.0,0.0,0.0,137.83923861683417,True,0.001555145321855339,20
DDO161,new_analytic,1.0797855522150976,71.14131583455998,1.0915547936978236,4.461194913899663,12923171461.492722,0.0,5.202734366433547,True,2.61457287247912e-06,9
DDO168,baryons,1.284062968377189,83.70607251505932,3.9999999999986864,0.0,0.0,0.0,315.0850984333164,True,0.00013431479326488405,16
DDO168,new_analytic,0.9822014274102714,57.20175173743304,0.9264564477090785,2.113996498190305,10224715071.92432,0.0,14.125829689561604,True,0.00012801536901087217,9
DDO170,baryons,2.747206989037117,80.79078489040067,1.8975992008949412,0.0,0.0,0.0,57.54469797460267,True,0.001787305284208637,11
DDO170,new_analytic,1.050314647229948,66.4379875110439,1.0280198629001642,2.6086203578094405,6154748404.578612,0.0,3.6268488483060746,True,6.674002914133598e-05,8
ESO079-G014,baryons,1.5622346879805848,80.95515240313946,1.9145972991946882,0.0,0.0,0.0,78.78509387631931,True,0.0004097238692039453,9
ESO079-G014,new_analytic,0.8654550843212878,78.67389486713803,0.9157381530316151,3.734223087723814,76613998883.10889,0.0,6.339159790056179,True,0.00044625931234280826,8
ESO116-G012,baryons,3.9316357274641485,80.63412557526456,0.8970176537004007,0.0,0.0,0.0,282.768801539405,True,0.01412655315063789,9
ESO116-G012,new_analytic,1.2481585989762358,74.30383151452135,1.2097660723848045,3.1499619504367447,25480883657.089325,0.0,8.521247592883503,True,6.469826021948073e-05,7
ESO444-G084,baryons,1.4254745416904346,66.13689033398745,2.2406286852151736,0.0,0.0,0.0,82.81339662836369,True,0.000732071611576864,16
ESO444-G084,new_analytic,1.0124226075201646,34.342212051355645,1.0526172432951766,0.6335314317472217,1255389488.5257707,0.0,7.335838813176801,True,0.00039295576844774983,11
ESO563-G021,baryons,1.3628897539276126,83.75873749074222,1.8090773456181013,0.0,0.0,0.0,577.1849601649542,True,0.0017249646814244215,7
ESO563-G021,new_analytic,0.5828294976239623,82.55440090357213,0.5266546654903228,3.0955401048497055,309425324585.5233,0.0,131.82069247162434,True,0.01593008923243924,15
F561-1,baryons,1.0310669151672993,31.915331874234838,1.0655913273543685,0.0,0.0,0.0,1.4558266340993582,True,1.942641679983228e-06,6
F561-1,new_analytic,0.9976906151374969,23.171524889325394,0.995298732360258,1.8299132498859683,2146102638.592574,0.0,0.12493124248574054,True,1.1115677831888955e-06,8
F563-1,baryons,1.6656183382221381,47.25879175177821,2.0306555849739607,0.0,0.0,0.0,66.08825685432994,True,0.003353630387664743,14
F563-1,new_analytic,1.00831239150665,25.383802981063116,0.9882149857119468,2.5206383516108084,25333478341.14389,0.0,9.44834497604505,True,0.00015793553549229433,8
F563-V1,baryons,1.1440160576991278,66.30857722105094,1.1448599821009209,0.0,0.0,0.0,2.3617694780770293,True,9.363532201317061e-05,8
F563-V1,new_analytic,0.9994592810913974,59.9727416140266,0.9996158783803459,1.6029630143605473,514828916.8780939,0.0,0.04329711362179918,True,1.5812910946659529e-06,5
F563-V2,baryons,1.415071895841458,59.45454287100732,1.9193532429819962,0.0,0.0,0.0,25.39989939247218,True,0.0015304692330591998,24
F563-V2,new_analytic,1.0070187119453182,30.072385620977045,1.0017996260257287,1.7866041969852733,20217526093.56699,0.0,0.5592827050362434,True,1.1305883748700879e-05,7
F565-V2,baryons,1.7373045085239884,79.85131216703468,2.7862980920963327,0.0,0.0,0.0,70.25330311936712,True,0.00045843257002332286,22
F565-V2,new_analytic,0.9987835640947568,59.939107231572166,0.9987351662664599,2.698291753273618,13504121485.95073,0.0,0.0880012650375168,True,4.163845734234985e-07,4
F567-2,baryons,1.0738270897514253,36.66290232695078,1.2682922581998883,0.0,0.0,0.0,5.658283018947863,True,0.00012289752028626032,8
F567-2,new_analytic,0.9979140598791474,19.05721214894958,0.9974564131156785,1.728073802149749,3386646010.4654913,0.0,0.3808257379142919,True,7.519199428131508e-06,8
F568-1,baryons,1.2151844539902135,45.562409786526366,2.731483140454075,0.0,0.0,0.0,52.33982956036263,True,0.0013047103661457064,12
F568-1,new_analytic,0.9998689763593283,25.97948721363835,0.9985557403757273,2.2986343554197117,30639240281.166683,0.0,0.11136483774001328,True,7.72327832376598e-08,4
F568-3,baryons,1.1418037001437666,65.6162433475816,1.8186271425786007,0.0,0.0,0.0,60.64971678447641,True,0.0005149226641931017,13
F568-3,new_analytic,0.9850894151558405,31.697434384533054,0.9371916288683928,3.1449134022569614,39580244337.44522,0.0,8.136848137210112,True,0.0009786708740174305,9
F568-V1,baryons,1.214791500489598,71.1306790844484,3.782755856857917,0.0,0.0,0.0,52.45104848033685,True,0.0007800346251017284,26
F568-V1,new_analytic,1.001609044173458,40.65508199688161,1.0062976887871078,1.9989216158078025,20873010090.146908,0.0,0.9451208161699255,True,2.0356808534685096e-05,7
F571-8,baryons,1.2967373764972905,85.63585331711346,1.1751146781880606,0.0,0.0,0.0,619.7720297443751,True,0.00022916183835860224,6
F571-8,new_analytic,0.5426880068960737,84.4807024248619,0.7218480226917673,1.9817867103850972,33446241011.768906,0.0,10.497105472948492,True,0.00025111826662991096,144
F571-V1,baryons,1.1353213948549603,60.462243601080395,1.4554977905274866,0.0,0.0,0.0,18.495214655343887,True,0.0006007565782374042,15
F571-V1,new_analytic,1.000420685638469,30.25251352724173,1.0016948046035585,3.219070792720186,15854374885.946104,0.0,0.10793960295032798,True,3.9323455579121256e-07,7
F574-1,baryons,1.268810578436114,81.91334708592574,3.999999999856179,0.0,0.0,0.0,80.13730210274213,True,0.00027682384305544933,24
F574-1,new_analytic,1.0190732500245023,67.77259859168056,1.0814084911324502,2.4021514043174417,16443690448.310938,0.0,4.192457588600033,True,0.00012051220538580106,8
F574-2,baryons,1.002810637826467,31.599279482644288,1.018813667496075,0.0,0.0,0.0,0.22412610947308753,True,1.4825058390024492e-07,5
F574-2,new_analytic,0.9989058725760215,29.320738766449384,0.9958992952799981,2.085456898456803,340966612.93295145,0.0,0.0936428263399668,True,2.624546294214305e-06,21
F579-V1,baryons,1.0700630965944058,48.86185514546225,1.6214145859039908,0.0,0.0,0.0,23.59420351727625,True,0.0006186969422015127,10
F579-V1,new_analytic,1.0376490169418153,41.444011277646204,1.1921681282358714,0.91781625251744,2486577876.951921,0.0,4.586414230088414,True,0.0006119891577772086,16
F583-1,baryons,2.161053351248794,73.42478621169188,3.999999999999999,0.0,0.0,0.0,114.0594649203316,True,0.005406721423972901,18
F583-1,new_analytic,0.9797392578544366,62.857912168170465,0.9844868552653931,2.3603129417709647,11278869407.608398,0.0,2.2921734746317157,True,4.980240480595574e-06,6
F583-4,baryons,1.4385122720925112,72.36677349495545,2.149051442687211,0.0,0.0,0.0,22.035144770165978,True,0.00014986075144460463,17
F583-4,new_analytic,1.0361415575696025,57.09846642628131,1.043772159202455,1.4446738140439876,3620440644.817404,0.0,4.525763294088085,True,0.000346945754480783,11
IC2574,baryons,1.5737143004263439,88.67280435287087,2.7625825598380613,0.0,0.0,0.0,994.8322132483465,True,0.0007219808288630361,18
IC2574,new_analytic,1.03318563592002,79.25368720744423,1.4757780007801555,5.501861804226877,18968266504.38031,0.0,73.94774532053317,True,0.0021760229801309357,10
IC4202,baryons,1.314726691768406,89.99999999999999,1.1636677045583677,0.0,0.0,0.0,2119.415696750918,True,0.0006852316630314303,6
IC4202,new_analytic,0.7108080589678806,89.99999999051447,0.24451758867167048,2.35653458201029,133842908436.26176,0.0,222.7722695925422,True,0.001902783956571606,18
KK98-251,baryons,1.9212911336963354,66.47274350022174,1.2551853239281991,0.0,0.0,0.0,17.98762131057834,True,0.0005891161838903796,11
KK98-251,new_analytic,0.959641058856556,58.772319503281864,0.9954098033083132,298.9768519580207,1.1208859594005352e+16,0.0,0.8978697270352186,True,4.4669245125225214e-05,18
NGC0024,baryons,1.057950830381412,67.31105469274355,3.7100148497079024,0.0,0.0,0.0,44.48875079597456,True,0.00020845571272125197,10
NGC0024,new_analytic,1.0002339124680977,64.0147313991796,1.0014773523627132,0.71370390456573,5187682279.751542,0.0,4.8559209937435845,True,0.00018383280657749483,8
NGC0055,baryons,1.281699349940683,82.49863894212301,2.7479068723404754,0.0,0.0,0.0,297.79301878921126,True,0.026134092709995043,20
NGC0055,new_analytic,0.9961346242865294,76.89639680129103,0.9331970886663354,3.654132788439773,18230757335.492752,0.0,2.0301112940943518,True,2.8186448678215865e-05,8
NGC0100,baryons,2.0678828861072183,89.01472985170376,1.5845690041234726,0.0,0.0,0.0,108.0408733493844,True,0.0002659024595995238,7
NGC0100,new_analytic,1.0366943250498228,89.0002574681258,1.026176953877346,2.5918962116576214,13529275366.852215,0.0,1.187508802041584,True,1.587572381012169e-05,8
NGC0247,baryons,1.1632250040250676,78.57259901181241,3.999999999999999,0.0,0.0,0.0,90.76098213285557,True,0.002329160132265057,14
NGC0247,new_analytic,1.121602701480924,77.57886835316499,3.999999999999999,1029.2489918706483,2.1964432696965012e+16,0.0,81.69877938378607,True,6.908246422583406e-05,107
NGC0289,baryons,2.8293893096177034,70.95158345005228,0.44122645736286353,0.0,0.0,0.0,149.64359784785222,True,0.0014819267612505036,20
NGC0289,new_analytic,1.2725402233403027,50.05536907375834,1.323963568188708,19.85754955484624,316737200723.1941,0.0,49.04875375855013,True,0.0005434149322079486,9
NGC0300,baryons,1.1116246718019716,78.86923779771284,1.769274130960324,0.0,0.0,0.0,138.74405567881934,True,0.0004154646643867141,14
NGC0300,new_analytic,1.0115667339742018,54.57099244647176,1.3046792737508355,2.5885977893920944,8898221777.449457,0.0,13.4094610921543,True,0.00078446277966411,12
NGC0801,baryons,1.3728318966636697,80.30521570734997,1.170706140953645,0.0,0.0,0.0,205.51170616936525,True,0.0020530399181231487,6
NGC0801,new_analytic,1.0395107764794091,80.02521459462892,1.255535589008687,13.278441864381833,198754594913.86655,0.0,55.58812538425633,True,0.0011373576483353226,11
NGC0891,baryons,1.196069172165514,89.99999999999999,1.083009509141739,0.0,0.0,0.0,1106.8069700025205,True,0.00023115002033734816,6
NGC0891,new_analytic,0.9780777024160714,89.99999998912243,0.6470279387793283,3.8132613240152264,107953601492.95311,0.0,29.707695726510487,True,0.00026176550515887584,15
NGC1003,baryons,4.999999999999998,87.52398497790678,0.43633113336443063,0.0,0.0,0.0,749.525745909248,True,0.00705338750611907,22
NGC1003,new_analytic,1.5308061730641647,69.88549107802243,1.343825121713271,12.561206938815161,97555804053.15793,0.0,111.68666629593848,True,0.004091114800608421,12
NGC1090,baryons,3.424011477733473,75.09963774499248,0.4983017444553058,0.0,0.0,0.0,321.99985072628687,True,0.0023422173268526723,17
NGC1090,new_analytic,1.1133925164678868,64.30534056353918,1.2785409984525498,10.015644635723177,133194055379.36902,0.0,61.56353007766675,True,0.0032977185888083465,11
NGC1705,baryons,1.3933324591993639,89.2863745946508,3.999999999999999,0.0,0.0,0.0,285.59687835113635,True,0.0001158712898576648,19
NGC1705,new_analytic,1.0239765025149195,83.69618749569936,1.601816631660627,0.8740666439380357,3764920099.585185,0.0,19.45736318887223,True,0.0025136383126659616,17
NGC2366,baryons,1.5152864299069657,86.3174853432144,2.4771383182551783,0.0,0.0,0.0,514.5013227408562,True,0.000999480645210041,18
NGC2366,new_analytic,0.9956658132589604,67.34340575038561,0.8451657505952428,1.4483949616298497,2743898264.5894465,0.0,5.170844591481092,True,0.00015977677544179697,7
NGC2403,baryons,4.461407129522754,89.20542874923221,0.40363162519126444,0.0,0.0,0.0,7550.521403286616,True,0.0034919647760780835,26
NGC2403,new_analytic,1.1203245772814627,69.25662653348733,1.3160255772188993,3.8377522850047554,34257634269.53065,0.0,529.8633161604038,True,0.0020302530107566626,12
NGC2683,baryons,1.0323938211132107,81.7056318299077,1.7787046971962863,0.0,0.0,0.0,82.04996250073202,True,0.0008954452979567447,7
NGC2683,new_analytic,1.00772741030387,80.45786227022171,1.1805727199290084,4.29873418955071,76098258890.24629,0.0,5.272180998146283,True,0.00015368386404698533,10
NGC2841,baryons,4.203781134721928,89.83359605866956,0.6319109181496111,0.0,0.0,0.0,3534.7217359323854,True,0.004830603396059179,16
NGC2841,new_analytic,1.1047313669094216,81.85827832297427,1.67703228097697,11.48084972248482,533235807211.0903,0.0,36.978538276244294,True,0.0020373735669258716,19
NGC2903,baryons,4.999999999997173,86.17651440617513,0.259991549278034,0.0,0.0,0.0,3222.78408817595,True,0.013566262056182068,21
NGC2903,new_analytic,0.8953509681407734,65.85337851128364,1.0412532529359717,3.8578140932203095,86658595197.0808,0.0,272.93233839577624,True,0.010755085193901722,8
NGC2915,baryons,1.308138639352671,77.15369327562036,3.999999999999999,0.0,0.0,0.0,549.0215568826012,True,0.0021603578629329524,22
NGC2915,new_analytic,0.9925209152220414,54.79456510768851,0.8466524584330036,1.491327398003133,10048864630.499653,0.0,9.492191320588773,True,4.3162408476131566e-05,7
NGC2955,baryons,1.0969193031826103,64.61264424455281,0.8683294721020375,0.0,0.0,0.0,162.02241683119505,True,0.0006997980688770336,9
NGC2955,new_analytic,1.001629248324408,56.187612922202696,1.0507385089943508,408.70756117516703,1.5680520237466972e+16,0.0,76.22406282286681,True,0.0045582802677810105,122
NGC2976,baryons,1.0223266631925292,71.52776435393794,1.4811189126328526,0.0,0.0,0.0,15.166723370442366,True,0.00011267841677330648,10
NGC2976,new_analytic,0.998190652844761,59.532971478632064,0.9563930274629898,1.5801238657865435,13772566866.151163,0.0,6.3672607283361495,True,2.7114637266260473e-06,11
NGC2998,baryons,1.668654952300441,61.7339465002581,1.4329142881915335,0.0,0.0,0.0,159.9681433030842,True,0.0010790433014522573,9
NGC2998,new_analytic,1.155943919285091,58.68260736143965,1.5320520459401867,21.182637118463497,607193408669.0186,0.0,25.744820584471114,True,0.00017435882459660855,8
NGC3109,baryons,1.8422719681669106,87.90213300614622,3.999999999999999,0.0,0.0,0.0,870.3843060972277,True,0.0023714337922292324,24
NGC3109,new_analytic,0.9995629728042736,69.94977492944322,1.0231401931341342,2.0610557967296246,6871920989.499159,0.0,5.689304670309505,True,1.071688061049034e-05,5
NGC3198,baryons,3.79457140890392,87.44436064999029,0.5300267816029571,0.0,0.0,0.0,1996.7559856793848,True,0.0032159773566623473,20
NGC3198,new_analytic,1.0761746949509707,73.73029746224678,1.5034914465425544,7.532916735923605,103906932100.2074,0.0,47.9384240040292,True,0.00037134408468734477,10
NGC3521,baryons,1.1293183391516506,75.37278876119983,1.076857831282535,0.0,0.0,0.0,4.46635181276961,True,3.948369379331297e-05,6
NGC3521,new_analytic,1.1114664480587093,75.3175041703494,1.0740887288189025,460.1787336197655,1.760485952785968e+16,0.0,3.6247150130827857,True,2.170068797676661e-06,140
NGC3726,baryons,1.3519276892759609,55.377696821130144,1.0934980398705614,0.0,0.0,0.0,84.9505684884084,True,0.0001586775459887128,7
NGC3726,new_analytic,1.0334407690910994,53.18722018353647,1.1942023692735217,10.773397448181509,138958504645.85602,0.0,17.86057783198734,True,0.0006705313021799737,18
NGC3741,baryons,1.5866786479010393,85.2858311843983,3.999999999909379,0.0,0.0,0.0,927.1796942841991,True,0.008260064471784255,15
NGC3741,new_analytic,1.0345679669997023,72.27604871096902,1.7041862417402003,1.5320880133684336,2501793935.417994,0.0,23.544835904134466,True,0.0009968035891198975,11
NGC3769,baryons,1.4518045818240628,71.58106831514628,1.4978788610018194,0.0,0.0,0.0,150.17606176613006,True,0.0010186869832524593,7
NGC3769,new_analytic,0.9597560454171327,69.89767833896006,0.8939765474674959,3.3582362453397336,33740859560.52275,0.0,1.85400085801403,True,1.5539570712163867e-06,7
NGC3877,baryons,1.1050826485216036,76.05218892011334,1.4031042170235357,0.0,0.0,0.0,90.05071245341,True,0.00012636395823266322,7
NGC3877,new_analytic,0.8222680642084347,75.9337394439037,0.6691175075358422,1.6372743561991583,28747307014.18219,0.0,18.998282154016294,True,0.0006891761962268232,13
NGC3893,baryons,1.313845290840267,51.38392514473232,1.2248923367015858,0.0,0.0,0.0,121.97776706452089,True,0.0007514822746388059,7
NGC3893,new_analytic,0.9967036313694578,48.979312208362956,1.0185587950686807,3.648306095653751,72187439889.70349,0.0,3.8887685106882173,True,0.0002991379549455672,8
NGC3917,baryons,1.293326732338869,79.50850511519751,2.268597457741413,0.0,0.0,0.0,59.066798055764046,True,0.0002666282662498692,8
NGC3917,new_analytic,0.948523414199482,78.93085951393203,0.8494938470176451,2.77816564648095,35488002432.35991,0.0,13.710647285015447,True,7.086792520688989e-05,6
NGC3949,baryons,1.0662811343888177,55.35351274226978,1.1419063926812938,0.0,0.0,0.0,5.868046185616163,True,3.1060640396306134e-06,6
NGC3949,new_analytic,1.0185472203595725,55.09540854564767,1.0572588050429106,264.5313258368235,1.0137153096265716e+16,0.0,1.5078737793054504,True,0.0005384442259094979,193
NGC3953,baryons,1.1244315134983882,62.13386198945499,1.4794026338926836,0.0,0.0,0.0,6.21255451380101,True,5.878962505435235e-05,7
NGC3953,new_analytic,1.0249214570120866,62.024550577879324,1.0654192129474964,2.6741332104322497,46406140992.62085,0.0,0.6419910620031962,True,1.06031851417482e-05,8
NGC3972,baryons,1.249697005846644,77.12902097853025,2.161268075083689,0.0,0.0,0.0,31.921639615457586,True,0.001304402139528815,8
NGC3972,new_analytic,1.0119210006790345,77.00503757239807,1.0198545319762942,2.0749918474705704,18607713496.24935,0.0,6.611275631555054,True,0.00043920839199749714,8
NGC3992,baryons,1.2042720490181857,58.25636105752102,2.170088161582205,0.0,0.0,0.0,94.42809807174532,True,0.0005016185549635977,8
NGC3992,new_analytic,1.1053831448990723,57.11653933496576,1.9209925309694569,19.736140797786845,516435101709.7386,0.0,16.19804283713131,True,2.3845792269329954e-05,11
NGC4010,baryons,1.2595417684730852,89.01021999610398,1.7322651240895284,0.0,0.0,0.0,66.62185497111273,True,4.640920604628111e-05,7
NGC4010,new_analytic,0.9929180566341151,88.9997778458242,0.9860106962998071,6.660905932451354,172908921675.66864,0.0,5.778595802694025,True,2.328334617061396e-05,9
NGC4013,baryons,1.8272182736806533,89.04556780874772,0.963517965750524,0.0,0.0,0.0,1057.1563845002008,True,0.0011952806207763016,7
NGC4013,new_analytic,1.064481237687289,89.00216333252904,1.2026052843568924,12.505887850074206,265221951099.59412,0.0,23.35683910852825,True,0.00014698472090736182,8
NGC4051,baryons,1.0742862896602097,50.08722037836078,1.2661490114791194,0.0,0.0,0.0,9.203104980605858,True,4.7326420040232414e-05,6
NGC4051,new_analytic,0.9698812750941911,48.58028736546986,0.9290892627720817,2.1946620122108618,19973444981.245525,0.0,1.160105784223133,True,4.6866579055455795e-05,10
NGC4068,baryons,1.0254755790076913,53.56276872437125,1.4073969148767826,0.0,0.0,0.0,10.096114981032146,True,0.00011947387387561715,8
NGC4068,new_analytic,0.9983716845011253,43.139852423427335,0.9600141092060868,232.62045374520758,7247149734510101.0,0.0,0.6700057095856025,True,6.791522936109239e-05,10
NGC4085,baryons,1.0580153092103972,82.0619509324503,1.1087969960852349,0.0,0.0,0.0,37.76592183053371,True,2.041267650125474e-05,5
NGC4085,new_analytic,0.8929458400670225,81.90153668563742,0.771558915213922,158.6538117897663,6087934449298149.0,0.0,13.919612417199536,True,6.904597852562626e-05,10
NGC4088,baryons,1.1365398320553048,69.42171620571273,0.9360714348823825,0.0,0.0,0.0,30.09597832680302,True,1.2666841620234979e-05,6
NGC4088,new_analytic,0.9738083814226501,68.9288665487309,0.9229424032057376,589.8751575428122,2.2634494401661836e+16,0.0,4.375296159056826,True,3.8817855148138944e-05,15
NGC4100,baryons,1.4411212709529067,74.29402403533929,1.6211522767291326,0.0,0.0,0.0,227.11415073706607,True,0.0014214871676414402,7
NGC4100,new_analytic,1.1082337788441141,73.26111866732883,1.4093031847496589,6.011113866985781,91737852595.21922,0.0,30.86667765453562,True,0.0013765518784075324,11
NGC4138,baryons,1.145690252954952,54.90981033291316,1.5021355975463637,0.0,0.0,0.0,27.14234755974003,True,0.00013213485742882554,7
NGC4138,new_analytic,0.9730795123706683,52.67470124665152,0.9303429101305574,2.188803080703303,42296542412.81481,0.0,0.4432345729902887,True,2.0738432843635365e-05,7
NGC4157,baryons,1.4754384664564113,83.3351302298448,1.0188540240704924,0.0,0.0,0.0,171.52515506823863,True,0.0015382096715389306,7
NGC4157,new_analytic,1.0158530887913573,82.03668928969144,1.050861703519431,10.111311184647585,205347865416.26364,0.0,5.576878131715812,True,2.9825668298225885e-05,7
NGC4183,baryons,1.4592580342102115,82.62763482028562,2.7041417031362944,0.0,0.0,0.0,60.45934326080511,True,0.00060330559113389,9
NGC4183,new_analytic,1.110161061196475,82.12247927013598,1.3464827907815955,3.26126241342457,24962364797.25302,0.0,23.3502727464951,True,0.0030936650062259805,14
NGC4214,baryons,1.0071168130040777,31.895220610005374,0.9379885976504406,0.0,0.0,0.0,83.25069748050218,True,4.94543187588718e-05,8
NGC4214,new_analytic,1.002150990440641,22.59754922373449,1.0746813230101844,1.7690602727211864,3863955920.7873774,0.0,9.546752099388957,True,0.00021756530324263307,7
NGC4217,baryons,1.3171485057722518,86.20078381131144,0.6390091725191327,0.0,0.0,0.0,616.4250880377925,True,0.0014666276364688853,7
NGC4217,new_analytic,0.5755156205293823,85.87238930011932,0.5113242557018918,1.9441851398537466,53015305434.20312,0.0,33.776439689923265,True,0.0004695959864183188,123
NGC4389,baryons,0.8442497178062226,46.370897921099164,0.6899575499484666,0.0,0.0,0.0,16.662929598609576,True,4.8170012822296306e-05,8
NGC4389,new_analytic,0.8442495077252357,46.370904379320756,0.6899575714178631,0.012109809454132961,0.0011865470160551856,0.0,16.66292959870647,True,6.157011446682158e-05,11
NGC4559,baryons,3.672864127384628,68.49984559733481,0.4887444648460369,0.0,0.0,0.0,161.8228906626922,True,0.0004788422141423035,10
NGC4559,new_analytic,1.1629506367993603,67.03115139279008,1.1151899842017392,7.382081754316086,68103417408.31849,0.0,2.428144492760952,True,1.0731846254125651e-05,7
NGC5005,baryons,1.0028462875983504,68.02041899973712,1.0232774868730727,0.0,0.0,0.0,16.982672776979193,True,2.7791899765741643e-06,4
NGC5005,new_analytic,0.9735900044389927,67.81415349518423,0.8583176916869164,2.377025265776585,58867519003.27392,0.0,1.8319223490218746,True,4.3797116751531546e-05,114
NGC5033,baryons,4.999999999999998,73.00296602663593,0.4064484888615182,0.0,0.0,0.0,1171.609626805802,True,0.026036652091189577,13
NGC5033,new_analytic,1.1223931446909952,66.02379623701994,0.9503917510723049,8.004768834688264,250177114826.05838,0.0,59.78740978060757,True,0.0030611674028150964,10
NGC5055,baryons,2.25559319772537,89.48998173747988,0.33619337850976894,0.0,0.0,0.0,7984.8874443644645,True,0.0006784975089436122,22
NGC5055,new_analytic,0.9995620694032948,54.573864021520805,0.9409448586523654,7.872486988534693,169127098125.20474,0.0,27.024268323729878,True,0.00015931706548626655,8
NGC5371,baryons,1.2400425257732244,53.4926828992743,1.1175644450622129,0.0,0.0,0.0,131.43035153365562,True,0.0001671367851600847,7
NGC5371,new_analytic,1.6756287942082342,54.786782996133276,0.726230721646177,1.6147217303182155,18990462996.600945,0.0,80.28427162725689,True,0.00089660717305381,22
NGC5585,baryons,4.325897699112793,62.56649285331155,0.31376502100200826,0.0,0.0,0.0,446.3804433152316,True,0.017726642266355206,14
NGC5585,new_analytic,1.1307971419569025,51.18424736899367,1.11962303089686,3.3998692034460634,20439051249.322342,0.0,76.90177540554889,True,0.0001278273143770406,6
NGC5907,baryons,1.6841644017192874,89.01965425275996,1.5288577596134298,0.0,0.0,0.0,1204.1751628082466,True,0.05098171474139448,16
NGC5907,new_analytic,1.0307980058600141,88.05560319802571,1.9062203540420888,19.65765034619682,455479731144.3953,0.0,90.85004992135525,True,3.3461877260339265e-05,12
NGC5985,baryons,1.353239168183672,60.604594591939346,2.5734823640607263,0.0,0.0,0.0,227.92470034552062,True,0.004766477811228144,12
NGC5985,new_analytic,1.5769643338201644,61.12649492372632,1.5475940682218645,4.66161413035302,145122162666.22467,0.0,73.79465258708349,True,0.00047592639383895613,18
NGC6015,baryons,4.212582214596516,68.33788019237592,0.46928065151472337,0.0,0.0,0.0,611.6184671095845,True,0.020561599248614566,10
NGC6015,new_analytic,1.3617141926802936,60.43367708952654,1.5972942620620174,844.8379488864057,3.2389893541512156e+16,0.0,309.0941209542284,True,0.3458519983794883,200
NGC6195,baryons,1.112690708610547,66.69809088554715,0.9170689572043984,0.0,0.0,0.0,57.40647576700324,True,0.0002479951782404766,8
NGC6195,new_analytic,1.0146215861652708,62.66711371086713,1.029222707306899,686.9555214062746,2.6264860925351644e+16,0.0,33.1886968124573,True,0.0042726973209301815,165
NGC6503,baryons,2.5426999336502476,86.7361980640011,1.3042492168028725,0.0,0.0,0.0,7712.421492226721,True,0.005361341812213298,21
NGC6503,new_analytic,1.0149635124195915,74.24397532422087,1.3649481419929246,4.472824630064756,42685836540.78436,0.0,142.27513125277363,True,0.008083914731637528,8
NGC6674,baryons,4.614790494484869,86.48096515309598,0.4475063055141328,0.0,0.0,0.0,770.2173408386194,True,0.0011391911620439238,22
NGC6674,new_analytic,1.3193819162968816,61.303488349713724,1.723042573973192,44.55400390447487,1544620698384.1475,0.0,20.773526750891214,True,0.00018140771541641078,16
NGC6789,baryons,1.0209254704977473,53.38396659932775,1.4082641488576209,0.0,0.0,0.0,13.72077182460978,True,5.496660858125198e-05,9
NGC6789,new_analytic,1.0,43.0,1.0,0.12841871086347967,90571997.83931406,0.0,1.0353801110842227e-30,True,8.01795620674625e-14,2
NGC6946,baryons,4.138958541897919,53.07570798234291,0.17316682306878645,0.0,0.0,0.0,550.3488294898442,True,0.012422668879623268,16
NGC6946,new_analytic,0.8591646761096917,37.75879868511159,1.1883270383797189,3.4047524524798227,44699028631.62703,0.0,122.47869104940668,True,0.008855794363482146,13
NGC7331,baryons,3.4089637677947167,84.87580568793727,0.346713966137659,0.0,0.0,0.0,1861.8174154846615,True,0.017095277295433697,20
NGC7331,new_analytic,0.9454894583213597,74.81238603481587,0.9052397622047469,8.632223759944342,267708539334.92844,0.0,49.45286900839438,True,0.0012341150267880404,8
NGC7793,baryons,1.02311353931017,61.564324981026985,1.2345700547853344,0.0,0.0,0.0,33.83369599277224,True,0.0007402041286867765,9
NGC7793,new_analytic,1.00996196380238,55.009294382686505,1.2262264043365254,272.16739386137556,1.0404107905823366e+16,0.0,19.574914490613146,True,0.0034401574301094746,189
NGC7814,baryons,1.0548189486369464,89.99999995918962,2.037107670094446,0.0,0.0,0.0,1025.3519867311802,True,0.002008305197331072,7
NGC7814,new_analytic,0.9988615584296021,89.99999999443038,0.9806289253786453,3.9334263043328606,112729212048.44394,0.0,14.314920290375328,True,0.001244510734310342,9
PGC51017,baryons,1.0320650938586633,66.42805796986887,1.139330102122426,0.0,0.0,0.0,7.57065532778025,True,1.1290665151789655e-06,6
PGC51017,new_analytic,0.9795822154488423,65.73267794807691,0.9461525105747002,0.003232621310981181,23237595.19409745,0.0,0.27525716902566477,True,1.0557588959536011e-06,7
UGC00128,baryons,3.3916221392482866,88.5551558454729,1.5628558276353408,0.0,0.0,0.0,532.3579066954202,True,0.00031878924906855873,19
UGC00128,new_analytic,1.4949267162233602,79.06448877754931,3.4315343444348305,25.914261031921477,151214441930.55164,0.0,147.55291229216175,True,0.0005876333915820934,37
UGC00191,baryons,2.166626905878473,59.56837246061699,1.3282441107512561,0.0,0.0,0.0,46.86995031793462,True,0.001602106125372639,17
UGC00191,new_analytic,1.1030035419600286,46.07361479807236,1.0670481284835096,1.3001923270333882,5528954425.163123,0.0,5.694275211132318,True,3.870068424545707e-05,7
UGC00634,baryons,1.861000854455175,64.49837746982239,1.2578450467215678,0.0,0.0,0.0,35.47554940281587,True,0.001100123677940068,15
UGC00634,new_analytic,1.0,37.0,1.0,3.7489531129505673,28881040259.751118,0.0,7.600902997349506e-29,True,5.513960185081374e-12,9
UGC00731,baryons,3.448297717931198,68.56908475726637,3.999999999999999,0.0,0.0,0.0,189.61934567962794,True,0.009306311797708848,13
UGC00731,new_analytic,1.5738519984974078,58.90166710453087,1.077786825622366,2.442373452605003,8271036584.334265,0.0,25.203669196665352,True,0.003893386736018116,12
UGC00891,baryons,2.8419800855870867,74.09344961836919,1.4115847399769847,0.0,0.0,0.0,70.29574349447672,True,0.0006254849166274516,14
UGC00891,new_analytic,0.9749503381227597,59.86606645639747,0.9835684422020197,2.2824606226197632,6234474970.864818,0.0,0.33054731997940967,True,4.816634268712491e-06,11
UGC01230,baryons,1.2134352254986671,44.87289124009061,1.2751100442292018,0.0,0.0,0.0,14.241819613541878,True,0.0002769465736066939,10
UGC01230,new_analytic,1.0045762257300572,22.95431168672004,0.9949134565243115,2.8422178684009576,25895143662.19954,0.0,1.9923520139814326,True,0.00012246657409025383,7
UGC01281,baryons,1.1252719148452832,89.99999999999999,3.999999999999999,0.0,0.0,0.0,95.15322638803912,True,2.224079996406652e-06,10
UGC01281,new_analytic,1.1233070039023727,89.99999999999999,3.999999999999999,0.04644870500619592,1954747.6283874298,0.0,93.6114633049368,True,2.308094491883694e-05,16
UGC02023,baryons,1.039192672533035,22.80549826843638,1.0178796100663094,0.0,0.0,0.0,0.2890359812150761,True,1.559796967287204e-06,6
UGC02023,new_analytic,0.9983658200965014,18.81184447507554,0.9992792685939653,361.4327569621111,1.3865796785214096e+16,0.0,0.007025191267228026,True,4.926194442251285e-06,11
UGC02259,baryons,2.0914151580265075,48.32411749554515,2.6789702520147616,0.0,0.0,0.0,54.90841350784572,True,0.0009430646861649332,12
UGC02259,new_analytic,1.4351703077990576,43.38182343179865,1.2095456256055614,1.8785378565577588,8520062777.10577,0.0,38.90951535434747,True,0.0012540684527055286,11
UGC02455,baryons,0.5264134251842167,48.89921542021851,0.7749250620604287,0.0,0.0,0.0,14.706724211799399,True,0.00022831181161144605,10
UGC02455,new_analytic,0.526414095328867,48.89920289110256,0.774924393971791,0.0026320705353463786,0.015722670941990088,0.0,14.706724215263431,True,0.0002608457917513812,12
UGC02487,baryons,3.2725777735749557,81.06224655434272,0.39839586297286883,0.0,0.0,0.0,1166.5217650327977,True,0.006580002727514209,20
UGC02487,new_analytic,1.1464360782384693,42.94798653697259,1.311397185781262,16.957894594584168,807091183743.7048,0.0,35.080731618358705,True,0.0002800365233797685,11
UGC02885,baryons,1.4845327307331921,74.86362564643011,1.3128259651315648,0.0,0.0,0.0,360.8853674528332,True,0.007167802771693523,19
UGC02885,new_analytic,1.0569597480155595,65.53020895272857,1.390769371460072,20.43651240485294,958976223427.1759,0.0,19.043460744606342,True,0.0004655151254580357,10
UGC02916,baryons,4.820137575177564,87.03768821354399,0.12571358046267167,0.0,0.0,0.0,2790.1076350470335,True,0.016910287383207434,30
UGC02916,new_analytic,0.9605502618039735,48.706497687036,0.8450833314304791,4.383959238579959,117741217673.7287,0.0,322.1766354308218,True,0.005745940932233111,10
UGC02953,baryons,4.999999999999998,89.3984308160426,0.2307955222325077,0.0,0.0,0.0,24599.499074981028,True,0.000931602430331577,26
UGC02953,new_analytic,0.9532783627398346,49.7661725604273,1.4920668472401184,8.547840083158645,352038146945.73846,0.0,1236.1649572191202,True,0.0036013157871968558,15
UGC03205,baryons,1.9223485984831734,74.06610316822345,0.9724745370305921,0.0,0.0,0.0,314.29216825248676,True,0.005565660626574005,12
UGC03205,new_analytic,1.2307241706675063,68.557419147938,1.4240587395143722,686.2963115708462,2.631557784411764e+16,0.0,135.31519685834243,True,0.13174679535026426,192
UGC03546,baryons,4.609521225241507,83.06421657554392,0.2644065135130177,0.0,0.0,0.0,1180.0764111320382,True,0.002231559677816652,21
UGC03546,new_analytic,0.9131369553758368,54.20699401038725,0.9218769431172201,4.668431052549752,112738007575.91888,0.0,18.515862618033406,True,8.07131382410372e-05,10
UGC03580,baryons,4.999999999999998,87.76574878503662,0.14475061956416455,0.0,0.0,0.0,1546.998353490333,True,0.03099651281704913,22
UGC03580,new_analytic,0.6348494097620352,61.904720857935864,0.7403208917234486,1.5282622421574135,14439959722.453386,0.0,133.91169884220122,True,0.011548030016760595,172
UGC04278,baryons,2.1017167432482338,89.99999999999999,2.8178353262268327,0.0,0.0,0.0,161.2827517111731,True,0.0013516361273557364,8
UGC04278,new_analytic,1.4149327893471517,89.99999999999999,1.4237713786315231,15.331463868855744,847744709358.6833,0.0,9.88432450175254,True,0.00020872467966785106,15
UGC04305,baryons,0.9990193402099157,38.210845187551314,1.6907700956402414,0.0,0.0,0.0,34.75458495991145,True,0.0004127372188161443,6
UGC04305,new_analytic,0.9950932927468177,24.824094108084914,0.9640008435911511,0.6956389583749939,1387490769.008488,0.0,10.28316045285631,True,0.0017596869663030837,19
UGC04325,baryons,1.7917335924413706,45.81300574894674,2.9806461793124672,0.0,0.0,0.0,57.79778116928297,True,0.0020378252562187143,11
UGC04325,new_analytic,1.0719435331344964,41.306352271854294,1.023660950881044,0.995260843287643,6199404815.660798,0.0,2.412636353427038,True,7.400905235716052e-05,8
UGC04483,baryons,1.2666648384340409,64.00631050765232,2.771987934071363,0.0,0.0,0.0,51.47089390906933,True,0.0003175308879465084,11
UGC04483,new_analytic,0.9990753029719603,57.978930111712096,0.992895225846997,0.283584768904389,90961357.28672384,0.0,1.1332798998842026,True,9.274013931843927e-07,4
UGC04499,baryons,2.2887486424490655,56.75057978344542,1.3113660509785248,0.0,0.0,0.0,47.43822652291815,True,0.0010204875424626024,11
UGC04499,new_analytic,1.0141140350199014,50.0418614281266,1.0347462209461629,1.9115928259548525,6534092655.081457,0.0,3.5105393454129885,True,8.116280490396463e-05,9
UGC05005,baryons,1.3350570067503806,61.951748941661464,1.2628909302552656,0.0,0.0,0.0,18.009787421331783,True,0.0009113979061759778,11
UGC05005,new_analytic,1.0099221154049087,41.97917534075087,1.0122412583498113,6.12002264747004,41565469224.324905,0.0,0.15301349831999367,True,2.264184410232616e-06,7
UGC05253,baryons,4.595984422675325,75.43614116988441,0.100000000000059,0.0,0.0,0.0,2091.4102055312205,True,0.0013321861191885522,19
UGC05253,new_analytic,1.0137438536204695,37.16452428004426,1.0170842890486314,5.272929623398257,137505787776.06763,0.0,40.08208955447338,True,9.438245022656848e-05,7
UGC05414,baryons,1.7209815692599977,57.7344497077558,1.4741064750944561,0.0,0.0,0.0,14.813180110671794,True,7.128666061895251e-05,8
UGC05414,new_analytic,1.0003969613786978,55.00097059103055,1.0050163976585142,1.303058305061271,2480317697.6035867,0.0,0.2729959477301948,True,3.6373609220834e-07,4
UGC05716,baryons,3.5647297948659404,86.40300081948598,1.3294232885047252,0.0,0.0,0.0,174.45245730674625,True,0.0008255581234893996,23
UGC05716,new_analytic,1.5927983316780028,71.65326803858827,2.1369586514980283,4.743120308939351,9439463489.50246,0.0,23.510728881198922,True,0.00026087630253266765,15
UGC05721,baryons,3.377441337810802,77.84317197462983,1.1978786164063768,0.0,0.0,0.0,250.89368355674932,True,0.0007428166104104303,20
UGC05721,new_analytic,1.3095431785019447,63.010441432018844,1.2390523379983167,1.1439448022998546,5984682655.859133,0.0,7.3797686011242645,True,0.00023060562156482702,8
UGC05750,baryons,1.5090793779510043,78.15640086422637,2.330661040418121,0.0,0.0,0.0,29.935422935689765,True,0.0008256667236408354,21
UGC05750,new_analytic,0.9912602192384317,63.622508557770004,0.9888189805376456,4.26300880538986,19612374456.71246,0.0,0.34833751902150445,True,1.4166423272136027e-06,5
UGC05764,baryons,3.692394809394655,86.12673521000426,3.999999999999999,0.0,0.0,0.0,210.07853567620597,True,8.982586098750875e-05,22
UGC05764,new_analytic,1.280565789401295,66.16248491477845,1.110327567364567,0.9282892839663924,1843687582.4637828,0.0,34.60404009416837,True,0.004770320986420297,13
UGC05829,baryons,1.5247995220286465,55.425541425046745,1.7553112532171549,0.0,0.0,0.0,18.435124261034264,True,0.0007866707875981164,14
UGC05829,new_analytic,1.049506922299348,36.707070355307,1.006056429347571,1.504998966457972,2377063839.2681885,0.0,1.5380279351473591,True,0.00012912123950235122,11
UGC05918,baryons,1.989700341979375,57.93823406640165,2.595948757554436,0.0,0.0,0.0,41.014725312590485,True,0.0018387488958315707,10
UGC05918,new_analytic,1.011661675842532,46.109854061195286,1.0011239089284025,0.8866186511663937,1114793225.3453183,0.0,0.7714680430522,True,4.369927821868555e-05,5
UGC05986,baryons,3.524174485315691,89.99999999999999,1.197245139946537,0.0,0.0,0.0,312.64341681428823,True,0.001270178607220644,9
UGC05986,new_analytic,0.9913055354170823,89.99999999797957,1.0118052628621856,2.0372654075642096,21048230181.023983,0.0,1.5148230205960833,True,2.651530115467374e-05,9
UGC05999,baryons,1.206422249883322,44.38767373235644,0.9082705810893514,0.0,0.0,0.0,18.258970365942194,True,0.0006537480946464299,9
UGC05999,new_analytic,0.9854723150845931,18.158565492152803,0.9822405242959479,4.144048202806721,43766658554.83005,0.0,0.9607319936564959,True,0.00021281046553096983,10
UGC06399,baryons,1.3940427236628472,75.99196150336573,3.6599284102659433,0.0,0.0,0.0,50.378175066027666,True,0.0009562402246280509,10
UGC06399,new_analytic,1.002928353744795,75.0056938431009,1.006946749720761,2.0141383459177407,10498239820.658197,0.0,0.3712827287674833,True,3.949406615832349e-06,7
UGC06446,baryons,2.573677755642905,59.370296610075236,2.6686425830102656,0.0,0.0,0.0,70.80424046524584,True,0.004733597693292521,12
UGC06446,new_analytic,1.473363724398719,52.844886736278355,1.3449771089879743,2.3252719364413363,9867199624.33789,0.0,18.108712650315734,True,0.0019680757199742565,12
UGC06614,baryons,1.0710482220370274,54.763369566018504,0.7028157616807638,0.0,0.0,0.0,132.44331876751244,True,0.00030449982822461065,10
UGC06614,new_analytic,0.997275884103806,34.6267228878196,0.9863772022087768,12.815229349549488,396029958888.23987,0.0,0.772811820489484,True,6.5657411857036086e-06,6
UGC06628,baryons,1.0377826551799447,23.49787907544699,1.045710608487252,0.0,0.0,0.0,1.1535081624445838,True,2.9046759300853403e-06,6
UGC06628,new_analytic,0.9906745203640254,18.95681880271469,0.9964554283705711,0.8479464718692796,707204901.640878,0.0,0.03830041675106533,True,5.719226907295149e-06,10
UGC06667,baryons,2.879121125407413,89.1459437051278,3.999999999999999,0.0,0.0,0.0,457.81185600506933,True,0.004138615477970362,8
UGC06667,new_analytic,0.9986616614538374,88.9999577827681,1.0061572471725826,1.845991754979656,10547356477.88337,0.0,2.8926740347265327,True,2.111084473253569e-05,4
UGC06786,baryons,4.999999999999856,83.4852970457363,0.3525078855399272,0.0,0.0,0.0,2441.9596368253956,True,0.003640662521907596,16
UGC06786,new_analytic,1.1801489424402627,64.51018681926554,1.218791035685468,6.037034063029327,179596954280.07474,0.0,111.47480683244618,True,0.005705324376187182,10
UGC06787,baryons,4.999999999999906,86.59872740094808,0.3362690041838568,0.0,0.0,0.0,12079.995478716155,True,0.04037767179094665,22
UGC06787,new_analytic,0.9889277625792091,65.97542508066667,0.8553133972487409,3.5219155389067076,139077842630.89328,0.0,338.32536988102527,True,0.0005445308396633353,8
UGC06818,baryons,1.2548769435303295,76.2724411080905,1.8271937764933905,0.0,0.0,0.0,58.07888670631556,True,9.41476562849577e-05,7
UGC06818,new_analytic,0.9486614147473885,74.78428064812398,0.8700786004515256,316.7446144048075,1.215423949882344e+16,0.0,3.8777147866070214,True,0.0010399129504641163,10
UGC06917,baryons,1.395686732729155,58.45396352970303,2.59159518178994,0.0,0.0,0.0,80.98565339865195,True,0.000769891436230768,9
UGC06917,new_analytic,1.019050511571557,56.094444563974236,1.0494253178909834,2.224158395575793,15997786786.187908,0.0,0.6645013133006223,True,7.203510657684112e-06,8
UGC06923,baryons,1.2550736095427106,66.03022617683538,1.897197068032194,0.0,0.0,0.0,28.45642317591322,True,0.00011649931730575007,7
UGC06923,new_analytic,0.9891038314809198,64.96356309774374,0.9707799854153781,2.2188815835628257,12929150867.993923,0.0,0.7723825523502428,True,2.3619898872379095e-05,8
UGC06930,baryons,1.23734563958979,45.19552686663096,1.6935771777990398,0.0,0.0,0.0,20.955626822910727,True,0.00017560182418637093,9
UGC06930,new_analytic,1.0433039413970784,34.92687511734684,1.0891864513297533,2.948068704608764,17756351461.781025,0.0,4.715394694157413,True,0.00040004224535178926,8
UGC06973,baryons,1.168479274218496,72.03929165613609,0.614864937401214,0.0,0.0,0.0,323.4112007197869,True,0.0007420652568093924,8
UGC06973,new_analytic,0.7166474018041091,69.782034813603,0.5698082309719511,1.612168333634396,32746416930.330517,0.0,15.2267911324934,True,0.00021670427423762232,102
UGC06983,baryons,1.6559816851431268,50.61385007918005,3.217882148575998,0.0,0.0,0.0,143.34526186080288,True,0.00047434492334030273,10
UGC06983,new_analytic,1.1354900978655849,49.23996620394678,1.4689414833859613,3.1547104040248195,25306109429.087612,0.0,16.632609058175056,True,0.0014062701577180166,14
UGC07089,baryons,1.2634149420763239,80.8709701468276,2.0050330003453762,0.0,0.0,0.0,25.145813786333314,True,0.0003628410387975592,7
UGC07089,new_analytic,1.0148145552854313,80.0429832793951,1.0373652609271873,2.9292225235513163,9344365929.648706,0.0,1.6559215855272016,True,3.726439140043116e-05,6
UGC07125,baryons,2.0558664084757643,89.99999999999999,1.4310510550291193,0.0,0.0,0.0,50.64249226185093,True,0.00015360452141074507,7
UGC07125,new_analytic,1.1119516522547421,89.99999999428212,1.07503977587818,3.842082452024759,8371669939.272992,0.0,1.9932791949091844,True,4.0707498974297544e-05,6
UGC07151,baryons,1.0703508331960585,89.99999999999999,3.0894962783764495,0.0,0.0,0.0,57.4666247575593,True,2.4933974137650705e-05,9
UGC07151,new_analytic,1.000806138738922,89.99999996548814,1.011263156160968,0.9543861420763412,2931016386.355124,0.0,6.252263110508955,True,0.00011400094032328809,8
UGC07232,baryons,1.0203079132579818,61.69830516518743,1.3184871919007874,0.0,0.0,0.0,3.9669868590125312,True,2.6684026993532166e-05,7
UGC07232,new_analytic,1.0,59.0,1.0,0.1989127557057564,72548007.2373775,0.0,1.159024297406165e-30,True,6.312161475688796e-14,2
UGC07261,baryons,1.3542744334693373,47.21940341218552,1.2129238601300125,0.0,0.0,0.0,10.283055375310989,True,0.00024842717657835536,11
UGC07261,new_analytic,1.0060201101012463,30.400365053918343,0.9810231145416614,1.0145498451182338,3645575639.9760733,0.0,4.203620203454102,True,0.000392153132366733,11
UGC07323,baryons,1.5970463187010475,49.81148968631636,1.4044452574131303,0.0,0.0,0.0,14.49184897762282,True,0.0004993069550157212,7
UGC07323,new_analytic,1.1344312952780442,47.48800084529657,1.0911929191614262,3.1045244675811627,14066775246.846323,0.0,2.2219764465495344,True,2.3774787120963182e-05,9
UGC07399,baryons,2.9456725733967275,64.52489850995576,2.5422559757326924,0.0,0.0,0.0,201.3132173652269,True,0.0032206762975537607,11
UGC07399,new_analytic,1.502492581634952,56.72793512684701,1.5623361053848868,1.7489001024827127,11426554866.626656,0.0,17.861666997492193,True,0.0024848153954009685,13
UGC07524,baryons,1.1407256323963622,58.19786043598894,3.999999999999999,0.0,0.0,0.0,120.48076997595768,True,0.00017815830317643126,13
UGC07524,new_analytic,1.0128251377385187,47.46060557339554,1.3060105634910302,2.3092520752593835,8760561317.9944,0.0,9.475381616269415,True,0.0004564456701712459,9
UGC07559,baryons,1.040178444923095,63.578292724889806,1.8597816062471177,0.0,0.0,0.0,20.35958521841858,True,0.00016613753103774675,9
UGC07559,new_analytic,0.9999081690290946,60.99367883985144,0.9985313731205222,1.5380308715963553,2136400660.624852,0.0,0.021495811704746456,True,6.145982202179113e-08,4
UGC07577,baryons,1.005359753678428,63.337400085176625,1.0997231652156272,0.0,0.0,0.0,1.0939071772775715,True,5.51920545399392e-07,6
UGC07577,new_analytic,1.0027682822840722,63.17504598375679,1.0331260364848793,0.12413808393410038,1928568.808095701,0.0,0.3889057317285401,True,9.874391191329808e-06,16
UGC07603,baryons,2.5760036795046384,80.39775224600251,1.8613345989892178,0.0,0.0,0.0,138.59333732276042,True,0.0021043627300056187,9
UGC07603,new_analytic,0.9969955972070457,77.99777712633885,0.9992199492281341,0.8928171659424812,2664098138.6643643,0.0,0.5078574835465773,True,6.052806634305432e-07,4
UGC07608,baryons,1.630412003783425,54.01473296918695,1.3020723900905509,0.0,0.0,0.0,18.924951004483102,True,0.001845435308740646,17
UGC07608,new_analytic,0.995152196067365,24.59013024985501,0.9978147065876066,1.3707751121456004,4435038889.560369,0.0,0.3660057279441874,True,4.825778897470089e-07,7
UGC07690,baryons,1.5515691979722908,48.38840723013603,1.3094586805567783,0.0,0.0,0.0,12.988785301791006,True,0.0003418849039627406,9
UGC07690,new_analytic,1.0372130107033974,41.42518093399643,1.015999386715691,0.58978394796632,1366921705.557152,0.0,0.3880120805098871,True,1.6190903877818752e-05,7
UGC07866,baryons,1.030499800445437,52.35320249474611,1.6864080703689712,0.0,0.0,0.0,14.675895538057283,True,8.636201091040834e-05,9
UGC07866,new_analytic,1.0001381061143562,44.04919415811757,1.0004492328195067,0.4771866046837053,221751811.7626088,0.0,0.11857317486164735,True,4.23175462558437e-06,4
UGC08286,baryons,1.5210911741842825,89.99999999999999,3.999999999999994,0.0,0.0,0.0,589.3766984339713,True,0.0007509383605803497,9
UGC08286,new_analytic,1.0050060262338918,89.99999996588649,1.0941019571865638,1.306025267097509,7085924441.124267,0.0,56.47226208352872,True,0.005826283143559539,10
UGC08490,baryons,2.1332215556535217,70.59475443442737,1.862238492213214,0.0,0.0,0.0,474.88851234931565,True,0.012957595760358974,16
UGC08490,new_analytic,1.1892953483241484,53.961090812015115,2.448876779470362,2.4380565401146868,9500111877.993567,0.0,28.943341356841863,True,0.001555883034711865,13
UGC08550,baryons,2.7578995782431517,89.99999999999999,2.3371054116229,0.0,0.0,0.0,160.77449989763252,True,0.0031898110413063735,8
UGC08550,new_analytic,1.5827328719783236,89.99999999999999,1.7487797188263483,2.0341983091604225,3941435907.2399735,0.0,16.260149014701973,True,0.0015555335430918649,25
UGC08699,baryons,3.0621318158957163,87.16402054594353,0.4664624386746577,0.0,0.0,0.0,1044.131633161263,True,0.0005486832382956754,19
UGC08699,new_analytic,1.0933943793409602,74.29986202634366,1.074523483175811,3.435434517961304,52896396606.02476,0.0,44.506959445766554,True,0.0012124730208011207,9
UGC08837,baryons,1.0492507549892478,82.4104496350644,1.9097448211439767,0.0,0.0,0.0,23.37101902799435,True,0.0008334892500639996,9
UGC08837,new_analytic,0.9972417130627141,79.82723438170522,0.9333073030596926,398.3129666056856,1.5284123042022882e+16,0.0,1.2946692515712594,True,8.539098323904058e-07,20
UGC09037,baryons,1.7973927930230063,82.12793016945021,0.5486145872427064,0.0,0.0,0.0,318.246634709796,True,0.000679996830619641,18
UGC09037,new_analytic,0.9163650128029994,61.38610370521424,0.6847562039931456,5.9050664535085895,98123212969.3366,0.0,27.725555428956515,True,0.00046588170525131315,14
UGC09133,baryons,4.999999999999998,89.79508254637663,0.19691155026491156,0.0,0.0,0.0,10389.028893020148,True,0.0018318541692632084,20
UGC09133,new_analytic,2.574382763850064,78.6485811460945,0.2887556285462998,30.948301332438593,652771360576.6744,0.0,1330.875810120329,True,0.38312211171349314,31
UGC09992,baryons,1.2055700584258635,41.0410941399749,1.1219422002469974,0.0,0.0,0.0,2.637723657569782,True,0.0001323509922953677,8
UGC09992,new_analytic,1.009765801716568,30.64554358382703,1.0018495912622045,0.4411971683587129,276329242.6400196,0.0,0.12645296684923676,True,9.547467015426551e-06,8
UGC10310,baryons,1.5921849928629561,46.3435936535797,1.635067463402052,0.0,0.0,0.0,14.216265512741963,True,0.0005692829936545081,10
UGC10310,new_analytic,1.007461267831428,34.15203780986252,1.000971237663323,1.4162116538154617,4938403153.01065,0.0,0.07820518260310404,True,1.3459593686355747e-06,7
UGC11455,baryons,1.2260902408266126,89.99999999465138,1.1583793730502323,0.0,0.0,0.0,241.35108582172805,True,0.00018680578759801744,6
UGC11455,new_analytic,0.8292537971277887,89.9999999997103,0.7028910812607385,4.677813588357973,241714328084.4696,0.0,51.78628243619846,True,0.000165721508987709,12
UGC11557,baryons,1.0170772228732956,31.578169283783435,0.9622661504116363,0.0,0.0,0.0,13.46084479876705,True,2.8570628726879146e-05,5
UGC11557,new_analytic,0.9280158808151585,19.41383257318599,0.9457595281281846,198.53519939594497,7618280929380521.0,0.0,2.7028454434906344,True,0.00039110099584538333,18
UGC11820,baryons,1.9499978467049122,70.47735640595697,1.911155006029555,0.0,0.0,0.0,34.95940434222963,True,0.001623693931739177,24
UGC11820,new_analytic,1.5731751737208837,62.89905991931622,1.540796283365254,4.590373373978284,5197224730.589757,0.0,16.30652294725368,True,0.0008100681413880478,21
UGC11914,baryons,1.1836477721182082,34.079038845066755,1.0491876129075857,0.0,0.0,0.0,58.454987309266606,True,2.5195606592906596e-05,7
UGC11914,new_analytic,1.1360131628742038,33.257667834132754,1.0940361991582375,12.010002873849436,810199968282.5231,0.0,12.612938246561018,True,7.074729900630851e-06,20
UGC12506,baryons,1.2662561274046378,86.98446905695525,3.3738981439825033,0.0,0.0,0.0,88.77500759401443,True,0.0018360181680754687,10
UGC12506,new_analytic,1.1907882361441764,86.72115948553075,3.0102161643655023,33.447704802336624,1412810151694.0955,0.0,55.20565803147835,True,0.00016126723813392424,14
UGC12632,baryons,2.140761886701058,52.53674717832574,2.879844521680484,0.0,0.0,0.0,45.17216047663172,True,0.001148692958228285,10
UGC12632,new_analytic,1.211258122945262,46.838237227272636,1.0595466369603508,2.3704044734750576,8109589477.426212,0.0,4.507764840166131,True,0.00010802049588683588,8
UGC12732,baryons,2.3397319191971997,61.90190480130472,1.539658330454452,0.0,0.0,0.0,47.74564236579155,True,0.0010318199605780585,15
UGC12732,new_analytic,1.5419257253535237,48.95587513551862,1.5672197818462767,4.540910747893608,11301575114.263683,0.0,15.025985343011563,True,0.0011816722873227254,16
UGCA281,baryons,1.0561147886586297,69.8164351829131,3.0354612055782213,0.0,0.0,0.0,31.579821533171685,True,6.698449243141198e-05,9
UGCA281,new_analytic,0.9997855909782587,66.9882298914878,0.9950186669096371,0.2906489203638082,150027416.9296193,0.0,0.570150934630397,True,4.7197077400018414e-07,4
UGCA442,baryons,1.392056796651069,86.47615590028647,3.9999999999909317,0.0,0.0,0.0,260.7374942940511,True,0.00325767612660368,18
UGCA442,new_analytic,1.0010815691681099,64.34771314096024,1.0229020523089523,1.6001510653217796,3812944249.559105,0.0,5.591290858993835,True,9.207534706862472e-05,8
UGCA444,baryons,1.3102843261305528,85.24900857550244,3.9999999999995337,0.0,0.0,0.0,245.2024464948202,True,0.00022355368950116158,27
UGCA444,new_analytic,0.9967563189289631,77.85066040791071,1.0171564488948222,0.5923000218884596,385547590.2579902,0.0,8.361557759403434,True,0.0006275224785982892,5
