family,variant,left,right,total_galaxies,outer_rows,wins,losses,ties,informative_n,win_fraction_all,win_fraction_non_ties,raw_p,raw_Z,tie_relative_scale,mean_delta,median_delta,holm4_p,holm4_Z,holm8_p_sensitivity,holm8_Z_sensitivity
fixed_envelope,primary_symmetric_1e-4,extended,baryon_only,131,659,129,2,0,131,0.9847328244274809,0.9847328244274809,6.3528122822252e-36,12.512820041313972,0.0001,-391.80848862576204,-111.28536008424919,2.54112491289008e-35,12.402242048062197,5.08224982578016e-35,12.346586367417054
fixed_envelope,primary_symmetric_1e-4,extended,scalar_core,131,659,78,24,29,102,0.5954198473282443,0.7647058823529411,7.679430153026994e-08,5.374502773251538,0.0001,-5.173613541761714,-0.1588670190992474,1.5358860306053988e-07,5.248204679801414,3.8397150765134973e-07,5.076737131834427
fixed_envelope,primary_symmetric_1e-4,extended,compact_plummer,131,659,84,23,24,107,0.6412213740458015,0.7850467289719626,2.4020282673432793e-09,5.967984061160361,0.0001,-5.016600660417751,-0.320214029968948,7.206084802029837e-09,5.786049825237153,1.4412169604059675e-08,5.668418380060658
fixed_envelope,primary_symmetric_1e-4,extended,nfw,131,659,52,79,0,131,0.3969465648854962,0.3969465648854962,0.02274326812824497,2.2777199534463275,0.0001,10.533192030098483,0.7573094557933994,0.02274326812824497,2.2777199534463275,0.06822980438473492,1.823486073866056
fixed_envelope,sensitivity_symmetric_1e-8,extended,baryon_only,131,659,129,2,0,131,0.9847328244274809,0.9847328244274809,6.3528122822252e-36,12.512820041313972,1e-08,-391.80848862576204,-111.28536008424919,2.54112491289008e-35,12.402242048062197,5.08224982578016e-35,12.346586367417054
fixed_envelope,sensitivity_symmetric_1e-8,extended,scalar_core,131,659,80,29,22,109,0.6106870229007634,0.7339449541284404,1.0809082433583723e-06,4.876306119557306,1e-08,-5.173613541761714,-0.1588670190992474,2.1618164867167445e-06,4.737677343359791,5.4045412167918616e-06,4.548438577971341
fixed_envelope,sensitivity_symmetric_1e-8,extended,compact_plummer,131,659,84,24,23,108,0.6412213740458015,0.7777777777777778,5.489868446239805e-09,5.8315991201878825,1e-08,-5.016600660417751,-0.320214029968948,1.6469605338719414e-08,5.645506076675282,3.293921067743883e-08,5.525049831873159
fixed_envelope,sensitivity_symmetric_1e-8,extended,nfw,131,659,52,79,0,131,0.3969465648854962,0.3969465648854962,0.02274326812824497,2.2777199534463275,1e-08,10.533192030098483,0.7573094557933994,0.02274326812824497,2.2777199534463275,0.06822980438473492,1.823486073866056
fixed_envelope,sensitivity_exact_zero,extended,baryon_only,131,659,129,2,0,131,0.9847328244274809,0.9847328244274809,6.3528122822252e-36,12.512820041313972,0.0,-391.80848862576204,-111.28536008424919,2.54112491289008e-35,12.402242048062197,5.08224982578016e-35,12.346586367417054
fixed_envelope,sensitivity_exact_zero,extended,scalar_core,131,659,92,37,2,129,0.7022900763358778,0.7131782945736435,1.3971449486152942e-06,4.825411500719627,0.0,-5.173613541761714,-0.1588670190992474,2.7942898972305884e-06,4.685388791571131,6.9857247430764705e-06,4.494122988795989
fixed_envelope,sensitivity_exact_zero,extended,compact_plummer,131,659,86,31,14,117,0.6564885496183206,0.7350427350427351,3.6814415409700935e-07,5.084732705006899,0.0,-5.016600660417751,-0.320214029968948,1.104432462291028e-06,4.872055295210564,2.208864924582056e-06,4.7333111380045425
fixed_envelope,sensitivity_exact_zero,extended,nfw,131,659,52,79,0,131,0.3969465648854962,0.3969465648854962,0.02274326812824497,2.2777199534463275,0.0,10.533192030098483,0.7573094557933994,0.02274326812824497,2.2777199534463275,0.06822980438473492,1.823486073866056
adaptive,primary_symmetric_1e-4,adaptive_primary,baryon_only,131,659,129,2,0,131,0.9847328244274809,0.9847328244274809,6.3528122822252e-36,12.512820041313972,0.0001,-390.30188687819606,-108.51922364926449,2.54112491289008e-35,12.402242048062197,5.08224982578016e-35,12.346586367417054
adaptive,primary_symmetric_1e-4,adaptive_primary,scalar_core,131,659,39,9,83,48,0.29770992366412213,0.8125,1.5221826110689562e-05,4.325453668448917,0.0001,-3.667011794195828,-8.63222737734759e-09,4.566547833206869e-05,4.07677073590636,6.088730444275825e-05,4.009345386559436
adaptive,primary_symmetric_1e-4,adaptive_primary,extended,131,659,34,52,45,86,0.2595419847328244,0.3953488372093023,0.06615259746138928,1.837388268419365,0.0001,1.5066017475658862,6.309157640771446e-10,0.10834160077446603,1.6056919960584846,0.10834160077446603,1.6056919960584846
adaptive,primary_symmetric_1e-4,adaptive_primary,nfw,131,659,54,77,0,131,0.4122137404580153,0.4122137404580153,0.054170800387233015,1.925468281604729,0.0001,12.03979377766437,0.4654758902466474,0.10834160077446603,1.6056919960584846,0.10834160077446603,1.6056919960584846
adaptive,sensitivity_symmetric_1e-8,adaptive_primary,baryon_only,131,659,129,2,0,131,0.9847328244274809,0.9847328244274809,6.3528122822252e-36,12.512820041313972,1e-08,-390.30188687819606,-108.51922364926449,2.54112491289008e-35,12.402242048062197,5.08224982578016e-35,12.346586367417054
adaptive,sensitivity_symmetric_1e-8,adaptive_primary,scalar_core,131,659,55,22,54,77,0.4198473282442748,0.7142857142857143,0.00021680385841747665,3.6985860405760502,1e-08,-3.667011794195828,-8.63222737734759e-09,0.0006504115752524299,3.4096715520915666,0.0008672154336699066,3.330399240993421
adaptive,sensitivity_symmetric_1e-8,adaptive_primary,extended,131,659,38,55,38,93,0.2900763358778626,0.40860215053763443,0.09656519729770464,1.6617386035967492,1e-08,1.5066017475658862,6.309157640771446e-10,0.10834160077446603,1.6056919960584846,0.10834160077446603,1.6056919960584846
adaptive,sensitivity_symmetric_1e-8,adaptive_primary,nfw,131,659,54,77,0,131,0.4122137404580153,0.4122137404580153,0.054170800387233015,1.925468281604729,1e-08,12.03979377766437,0.4654758902466474,0.10834160077446603,1.6056919960584846,0.10834160077446603,1.6056919960584846
adaptive,sensitivity_exact_zero,adaptive_primary,baryon_only,131,659,129,2,0,131,0.9847328244274809,0.9847328244274809,6.3528122822252e-36,12.512820041313972,0.0,-390.30188687819606,-108.51922364926449,2.54112491289008e-35,12.402242048062197,5.08224982578016e-35,12.346586367417054
adaptive,sensitivity_exact_zero,adaptive_primary,scalar_core,131,659,87,41,3,128,0.6641221374045801,0.6796875,5.877404617853758e-05,4.017679561266019,0.0,-3.667011794195828,-8.63222737734759e-09,0.00017632213853561275,3.7507276483895353,0.00023509618471415032,3.6779715390619008
adaptive,sensitivity_exact_zero,adaptive_primary,extended,131,659,51,71,9,122,0.3893129770992366,0.4180327868852459,0.08498064582685333,1.7224908117214817,0.0,1.5066017475658862,6.309157640771446e-10,0.10834160077446603,1.6056919960584846,0.10834160077446603,1.6056919960584846
adaptive,sensitivity_exact_zero,adaptive_primary,nfw,131,659,54,77,0,131,0.4122137404580153,0.4122137404580153,0.054170800387233015,1.925468281604729,0.0,12.03979377766437,0.4654758902466474,0.10834160077446603,1.6056919960584846,0.10834160077446603,1.6056919960584846
