tau,z,D_to_reference,ergotropy_over_kBT,ergotropy_sorted_over_kBT,spectral_mismatch
-2.5000000000000000e+00,2.0108596134468117e-02,1.5255853513826406e-01,0.0000000000000000e+00,0.0000000000000000e+00,1.5255853513826406e-01
-2.4900000000000002e+00,2.0306587030798334e-02,1.5206454943516040e-01,0.0000000000000000e+00,0.0000000000000000e+00,1.5206454943516040e-01
-2.4800000000000000e+00,2.0506486565411354e-02,1.5156780068948694e-01,0.0000000000000000e+00,0.0000000000000000e+00,1.5156780068948694e-01
-2.4700000000000002e+00,2.0708312330727452e-02,1.5106828353289076e-01,0.0000000000000000e+00,0.0000000000000000e+00,1.5106828353289076e-01
-2.4600000000000000e+00,2.0912082065360639e-02,1.5056599276442387e-01,0.0000000000000000e+00,0.0000000000000000e+00,1.5056599276442387e-01
-2.4500000000000002e+00,2.1117813655013504e-02,1.5006092335419682e-01,0.0000000000000000e+00,0.0000000000000000e+00,1.5006092335419682e-01
-2.4399999999999999e+00,2.1325525133370705e-02,1.4955307044707389e-01,0.0000000000000000e+00,0.0000000000000000e+00,1.4955307044707389e-01
-2.4300000000000002e+00,2.1535234682990984e-02,1.4904242936642326e-01,0.0000000000000000e+00,0.0000000000000000e+00,1.4904242936642326e-01
-2.4199999999999999e+00,2.1746960636197514e-02,1.4852899561791191e-01,0.0000000000000000e+00,0.0000000000000000e+00,1.4852899561791191e-01
-2.4100000000000001e+00,2.1960721475966165e-02,1.4801276489335052e-01,0.0000000000000000e+00,0.0000000000000000e+00,1.4801276489335052e-01
-2.3999999999999999e+00,2.2176535836811916e-02,1.4749373307458871e-01,0.0000000000000000e+00,0.0000000000000000e+00,1.4749373307458871e-01
-2.3900000000000001e+00,2.2394422505672702e-02,1.4697189623745849e-01,0.0000000000000000e+00,0.0000000000000000e+00,1.4697189623745849e-01
-2.3799999999999999e+00,2.2614400422790958e-02,1.4644725065577108e-01,0.0000000000000000e+00,0.0000000000000000e+00,1.4644725065577108e-01
-2.3700000000000001e+00,2.2836488682592266e-02,1.4591979280535861e-01,0.0000000000000000e+00,0.0000000000000000e+00,1.4591979280535861e-01
-2.3599999999999999e+00,2.3060706534561153e-02,1.4538951936817415e-01,0.0000000000000000e+00,0.0000000000000000e+00,1.4538951936817415e-01
-2.3500000000000001e+00,2.3287073384113659e-02,1.4485642723643621e-01,0.0000000000000000e+00,0.0000000000000000e+00,1.4485642723643621e-01
-2.3399999999999999e+00,2.3515608793466550e-02,1.4432051351682915e-01,0.0000000000000000e+00,0.0000000000000000e+00,1.4432051351682915e-01
-2.3300000000000001e+00,2.3746332482502800e-02,1.4378177553475419e-01,0.0000000000000000e+00,0.0000000000000000e+00,1.4378177553475419e-01
-2.3199999999999998e+00,2.3979264329633446e-02,1.4324021083863214e-01,0.0000000000000000e+00,0.0000000000000000e+00,1.4324021083863214e-01
-2.3100000000000001e+00,2.4214424372654891e-02,1.4269581720425845e-01,0.0000000000000000e+00,0.0000000000000000e+00,1.4269581720425845e-01
-2.2999999999999998e+00,2.4451832809602426e-02,1.4214859263921459e-01,0.0000000000000000e+00,0.0000000000000000e+00,1.4214859263921459e-01
-2.2900000000000000e+00,2.4691509999598574e-02,1.4159853538732653e-01,0.0000000000000000e+00,0.0000000000000000e+00,1.4159853538732653e-01
-2.2799999999999998e+00,2.4933476463696917e-02,1.4104564393318336e-01,0.0000000000000000e+00,0.0000000000000000e+00,1.4104564393318336e-01
-2.2700000000000000e+00,2.5177752885720699e-02,1.4048991700670577e-01,0.0000000000000000e+00,0.0000000000000000e+00,1.4048991700670577e-01
-2.2599999999999998e+00,2.5424360113095942e-02,1.3993135358776829e-01,0.0000000000000000e+00,0.0000000000000000e+00,1.3993135358776829e-01
-2.2500000000000000e+00,2.5673319157678929e-02,1.3936995291087964e-01,0.0000000000000000e+00,0.0000000000000000e+00,1.3936995291087964e-01
-2.2400000000000002e+00,2.5924651196577837e-02,1.3880571446991469e-01,0.0000000000000000e+00,0.0000000000000000e+00,1.3880571446991469e-01
-2.2300000000000000e+00,2.6178377572967922e-02,1.3823863802290109e-01,0.0000000000000000e+00,0.0000000000000000e+00,1.3823863802290109e-01
-2.2199999999999998e+00,2.6434519796900244e-02,1.3766872359686477e-01,0.0000000000000000e+00,0.0000000000000000e+00,1.3766872359686477e-01
-2.2100000000000000e+00,2.6693099546103681e-02,1.3709597149272651e-01,0.0000000000000000e+00,0.0000000000000000e+00,1.3709597149272651e-01
-2.2000000000000002e+00,2.6954138666779603e-02,1.3652038229025987e-01,0.0000000000000000e+00,0.0000000000000000e+00,1.3652038229025987e-01
-2.1899999999999999e+00,2.7217659174389147e-02,1.3594195685309718e-01,0.0000000000000000e+00,0.0000000000000000e+00,1.3594195685309718e-01
-2.1800000000000002e+00,2.7483683254432859e-02,1.3536069633380110e-01,0.0000000000000000e+00,0.0000000000000000e+00,1.3536069633380110e-01
-2.1699999999999999e+00,2.7752233263222043e-02,1.3477660217898552e-01,0.0000000000000000e+00,0.0000000000000000e+00,1.3477660217898552e-01
-2.1600000000000001e+00,2.8023331728641784e-02,1.3418967613449773e-01,0.0000000000000000e+00,0.0000000000000000e+00,1.3418967613449773e-01
-2.1499999999999999e+00,2.8297001350905328e-02,1.3359992025065437e-01,0.0000000000000000e+00,0.0000000000000000e+00,1.3359992025065437e-01
-2.1400000000000001e+00,2.8573265003299101e-02,1.3300733688753816e-01,0.0000000000000000e+00,0.0000000000000000e+00,1.3300733688753816e-01
-2.1299999999999999e+00,2.8852145732918569e-02,1.3241192872034721e-01,0.0000000000000000e+00,0.0000000000000000e+00,1.3241192872034721e-01
-2.1200000000000001e+00,2.9133666761394127e-02,1.3181369874480769e-01,0.0000000000000000e+00,0.0000000000000000e+00,1.3181369874480769e-01
-2.1099999999999999e+00,2.9417851485606859e-02,1.3121265028263884e-01,0.0000000000000000e+00,0.0000000000000000e+00,1.3121265028263884e-01
-2.1000000000000001e+00,2.9704723478393820e-02,1.3060878698708156e-01,0.0000000000000000e+00,0.0000000000000000e+00,1.3060878698708156e-01
-2.0899999999999999e+00,2.9994306489242391e-02,1.3000211284847790e-01,0.0000000000000000e+00,0.0000000000000000e+00,1.3000211284847790e-01
-2.0800000000000001e+00,3.0286624444973289e-02,1.2939263219991620e-01,0.0000000000000000e+00,0.0000000000000000e+00,1.2939263219991620e-01
-2.0699999999999998e+00,3.0581701450412110e-02,1.2878034972292929e-01,0.0000000000000000e+00,0.0000000000000000e+00,1.2878034972292929e-01
-2.0600000000000001e+00,3.0879561789048538e-02,1.2816527045325485e-01,0.0000000000000000e+00,0.0000000000000000e+00,1.2816527045325485e-01
-2.0499999999999998e+00,3.1180229923683325e-02,1.2754739978665069e-01,0.0000000000000000e+00,0.0000000000000000e+00,1.2754739978665069e-01
-2.0400000000000000e+00,3.1483730497062289e-02,1.2692674348477201e-01,0.0000000000000000e+00,0.0000000000000000e+00,1.2692674348477201e-01
-2.0299999999999998e+00,3.1790088332496982e-02,1.2630330768110451e-01,0.0000000000000000e+00,0.0000000000000000e+00,1.2630330768110451e-01
-2.0200000000000000e+00,3.2099328434471809e-02,1.2567709888696099e-01,0.0000000000000000e+00,0.0000000000000000e+00,1.2567709888696099e-01
-2.0099999999999998e+00,3.2411475989236840e-02,1.2504812399752882e-01,0.0000000000000000e+00,0.0000000000000000e+00,1.2504812399752882e-01
-2.0000000000000000e+00,3.2726556365386059e-02,1.2441639029798610e-01,0.0000000000000000e+00,0.0000000000000000e+00,1.2441639029798610e-01
-1.9900000000000000e+00,3.3044595114420761e-02,1.2378190546966734e-01,0.0000000000000000e+00,0.0000000000000000e+00,1.2378190546966734e-01
-1.9800000000000000e+00,3.3365617971297307e-02,1.2314467759629520e-01,0.0000000000000000e+00,0.0000000000000000e+00,1.2314467759629520e-01
-1.9700000000000000e+00,3.3689650854958918e-02,1.2250471517026776e-01,0.0000000000000000e+00,0.0000000000000000e+00,1.2250471517026776e-01
-1.9600000000000000e+00,3.4016719868851270e-02,1.2186202709900293e-01,0.0000000000000000e+00,0.0000000000000000e+00,1.2186202709900293e-01
-1.9500000000000000e+00,3.4346851301420976e-02,1.2121662271134720e-01,0.0000000000000000e+00,0.0000000000000000e+00,1.2121662271134720e-01
-1.9399999999999999e+00,3.4680071626596809e-02,1.2056851176403693e-01,0.0000000000000000e+00,0.0000000000000000e+00,1.2056851176403693e-01
-1.9299999999999999e+00,3.5016407504253229e-02,1.1991770444822317e-01,0.0000000000000000e+00,0.0000000000000000e+00,1.1991770444822317e-01
-1.9199999999999999e+00,3.5355885780655169e-02,1.1926421139605026e-01,0.0000000000000000e+00,0.0000000000000000e+00,1.1926421139605026e-01
-1.9100000000000001e+00,3.5698533488884347e-02,1.1860804368729762e-01,0.0000000000000000e+00,0.0000000000000000e+00,1.1860804368729762e-01
-1.8999999999999999e+00,3.6044377849246120e-02,1.1794921285607669e-01,0.0000000000000000e+00,0.0000000000000000e+00,1.1794921285607669e-01
-1.8900000000000001e+00,3.6393446269656168e-02,1.1728773089758586e-01,0.0000000000000000e+00,0.0000000000000000e+00,1.1728773089758586e-01
-1.8799999999999999e+00,3.6745766346007222e-02,1.1662361027492518e-01,0.0000000000000000e+00,0.0000000000000000e+00,1.1662361027492518e-01
-1.8700000000000001e+00,3.7101365862514453e-02,1.1595686392596760e-01,0.0000000000000000e+00,0.0000000000000000e+00,1.1595686392596760e-01
-1.8599999999999999e+00,3.7460272792039437e-02,1.1528750527028597e-01,0.0000000000000000e+00,0.0000000000000000e+00,1.1528750527028597e-01
-1.8500000000000001e+00,3.7822515296392252e-02,1.1461554821614151e-01,0.0000000000000000e+00,0.0000000000000000e+00,1.1461554821614151e-01
-1.8399999999999999e+00,3.8188121726610666e-02,1.1394100716752292e-01,0.0000000000000000e+00,0.0000000000000000e+00,1.1394100716752292e-01
-1.8300000000000001e+00,3.8557120623216236e-02,1.1326389703124862e-01,0.0000000000000000e+00,0.0000000000000000e+00,1.1326389703124862e-01
-1.8199999999999998e+00,3.8929540716446873e-02,1.1258423322412126e-01,0.0000000000000000e+00,0.0000000000000000e+00,1.1258423322412126e-01
-1.8100000000000001e+00,3.9305410926464508e-02,1.1190203168013652e-01,0.0000000000000000e+00,0.0000000000000000e+00,1.1190203168013652e-01
-1.7999999999999998e+00,3.9684760363538400e-02,1.1121730885775363e-01,0.0000000000000000e+00,0.0000000000000000e+00,1.1121730885775363e-01
-1.7900000000000000e+00,4.0067618328202444e-02,1.1053008174721324e-01,0.0000000000000000e+00,0.0000000000000000e+00,1.1053008174721324e-01
-1.7800000000000000e+00,4.0454014311386531e-02,1.0984036787791693e-01,0.0000000000000000e+00,0.0000000000000000e+00,1.0984036787791693e-01
-1.7700000000000000e+00,4.0843977994520844e-02,1.0914818532585424e-01,0.0000000000000000e+00,0.0000000000000000e+00,1.0914818532585424e-01
-1.7600000000000000e+00,4.1237539249613264e-02,1.0845355272108978e-01,0.0000000000000000e+00,0.0000000000000000e+00,1.0845355272108978e-01
-1.7500000000000000e+00,4.1634728139298027e-02,1.0775648925529846e-01,0.0000000000000000e+00,0.0000000000000000e+00,1.0775648925529846e-01
-1.7400000000000000e+00,4.2035574916856146e-02,1.0705701468935533e-01,0.0000000000000000e+00,0.0000000000000000e+00,1.0705701468935533e-01
-1.7300000000000000e+00,4.2440110026206297e-02,1.0635514936097763e-01,0.0000000000000000e+00,0.0000000000000000e+00,1.0635514936097763e-01
-1.7200000000000000e+00,4.2848364101865745e-02,1.0565091419241820e-01,0.0000000000000000e+00,0.0000000000000000e+00,1.0565091419241820e-01
-1.7100000000000000e+00,4.3260367968880539e-02,1.0494433069820834e-01,0.0000000000000000e+00,0.0000000000000000e+00,1.0494433069820834e-01
-1.7000000000000000e+00,4.3676152642724175e-02,1.0423542099295041e-01,0.0000000000000000e+00,0.0000000000000000e+00,1.0423542099295041e-01
-1.6899999999999999e+00,4.4095749329164401e-02,1.0352420779916388e-01,0.0000000000000000e+00,0.0000000000000000e+00,1.0352420779916388e-01
-1.6799999999999999e+00,4.4519189424097314e-02,1.0281071445517409e-01,0.0000000000000000e+00,0.0000000000000000e+00,1.0281071445517409e-01
-1.6699999999999999e+00,4.4946504513347606e-02,1.0209496492305276e-01,0.0000000000000000e+00,0.0000000000000000e+00,1.0209496492305276e-01
-1.6600000000000001e+00,4.5377726372434965e-02,1.0137698379660381e-01,0.0000000000000000e+00,0.0000000000000000e+00,1.0137698379660381e-01
-1.6499999999999999e+00,4.5812886966305567e-02,1.0065679630939528e-01,0.0000000000000000e+00,0.0000000000000000e+00,1.0065679630939528e-01
-1.6400000000000001e+00,4.6252018449027626e-02,9.9934428342838999e-02,0.0000000000000000e+00,0.0000000000000000e+00,9.9934428342838999e-02
-1.6299999999999999e+00,4.6695153163450916e-02,9.9209906434309603e-02,0.0000000000000000e+00,0.0000000000000000e+00,9.9209906434309603e-02
-1.6200000000000001e+00,4.7142323640828959e-02,9.8483257785309836e-02,0.0000000000000000e+00,0.0000000000000000e+00,9.8483257785309836e-02
-1.6099999999999999e+00,4.7593562600403448e-02,9.7754510269681710e-02,0.0000000000000000e+00,0.0000000000000000e+00,9.7754510269681710e-02
-1.6000000000000001e+00,4.8048902948949805e-02,9.7023692441849316e-02,0.0000000000000000e+00,0.0000000000000000e+00,9.7023692441849316e-02
-1.5899999999999999e+00,4.8508377780283697e-02,9.6290833545112614e-02,0.0000000000000000e+00,0.0000000000000000e+00,9.6290833545112614e-02
-1.5800000000000001e+00,4.8972020374726893e-02,9.5555963519972309e-02,0.0000000000000000e+00,0.0000000000000000e+00,9.5555963519972309e-02
-1.5699999999999998e+00,4.9439864198532628e-02,9.4819113012495682e-02,0.0000000000000000e+00,0.0000000000000000e+00,9.4819113012495682e-02
-1.5600000000000001e+00,4.9911942903268773e-02,9.4080313382721381e-02,0.0000000000000000e+00,0.0000000000000000e+00,9.4080313382721381e-02
-1.5499999999999998e+00,5.0388290325158631e-02,9.3339596713093886e-02,0.0000000000000000e+00,0.0000000000000000e+00,9.3339596713093886e-02
-1.5400000000000000e+00,5.0868940484378386e-02,9.2596995816937283e-02,0.0000000000000000e+00,0.0000000000000000e+00,9.2596995816937283e-02
-1.5300000000000000e+00,5.1353927584310156e-02,9.1852544246958934e-02,0.0000000000000000e+00,0.0000000000000000e+00,9.1852544246958934e-02
-1.5200000000000000e+00,5.1843286010750049e-02,9.1106276303785719e-02,0.0000000000000000e+00,0.0000000000000000e+00,9.1106276303785719e-02
-1.5100000000000000e+00,5.2337050331070618e-02,9.0358227044528824e-02,0.0000000000000000e+00,0.0000000000000000e+00,9.0358227044528824e-02
-1.5000000000000000e+00,5.2835255293336152e-02,8.9608432291380158e-02,0.0000000000000000e+00,0.0000000000000000e+00,8.9608432291380158e-02
-1.4900000000000000e+00,5.3337935825370698e-02,8.8856928640230204e-02,0.0000000000000000e+00,0.0000000000000000e+00,8.8856928640230204e-02
-1.4800000000000000e+00,5.3845127033777744e-02,8.8103753469317730e-02,0.0000000000000000e+00,0.0000000000000000e+00,8.8103753469317730e-02
-1.4700000000000000e+00,5.4356864202910200e-02,8.7348944947896384e-02,0.0000000000000000e+00,0.0000000000000000e+00,8.7348944947896384e-02
-1.4600000000000000e+00,5.4873182793790935e-02,8.6592542044929360e-02,0.0000000000000000e+00,0.0000000000000000e+00,8.6592542044929360e-02
-1.4500000000000000e+00,5.5394118442981415e-02,8.5834584537800657e-02,0.0000000000000000e+00,0.0000000000000000e+00,8.5834584537800657e-02
-1.4399999999999999e+00,5.5919706961399099e-02,8.5075113021045146e-02,0.0000000000000000e+00,0.0000000000000000e+00,8.5075113021045146e-02
-1.4299999999999999e+00,5.6449984333081966e-02,8.4314168915097021e-02,0.0000000000000000e+00,0.0000000000000000e+00,8.4314168915097021e-02
-1.4199999999999999e+00,5.6984986713898934e-02,8.3551794475050095e-02,0.0000000000000000e+00,0.0000000000000000e+00,8.3551794475050095e-02
-1.4099999999999999e+00,5.7524750430206120e-02,8.2788032799435612e-02,0.0000000000000000e+00,0.0000000000000000e+00,8.2788032799435612e-02
-1.3999999999999999e+00,5.8069311977447531e-02,8.2022927839004833e-02,0.0000000000000000e+00,0.0000000000000000e+00,8.2022927839004833e-02
-1.3899999999999999e+00,5.8618708018698978e-02,8.1256524405524222e-02,0.0000000000000000e+00,0.0000000000000000e+00,8.1256524405524222e-02
-1.3799999999999999e+00,5.9172975383155434e-02,8.0488868180577128e-02,0.0000000000000000e+00,0.0000000000000000e+00,8.0488868180577128e-02
-1.3699999999999999e+00,5.9732151064559182e-02,7.9720005724368381e-02,0.0000000000000000e+00,0.0000000000000000e+00,7.9720005724368381e-02
-1.3599999999999999e+00,6.0296272219569513e-02,7.8949984484532026e-02,0.0000000000000000e+00,0.0000000000000000e+00,7.8949984484532026e-02
-1.3499999999999999e+00,6.0865376166072176e-02,7.8178852804938193e-02,0.0000000000000000e+00,0.0000000000000000e+00,7.8178852804938193e-02
-1.3400000000000001e+00,6.1439500381427460e-02,7.7406659934500244e-02,0.0000000000000000e+00,0.0000000000000000e+00,7.7406659934500244e-02
-1.3300000000000001e+00,6.2018682500656723e-02,7.6633456035971520e-02,0.0000000000000000e+00,0.0000000000000000e+00,7.6633456035971520e-02
-1.3200000000000001e+00,6.2602960314565678e-02,7.5859292194740996e-02,0.0000000000000000e+00,0.0000000000000000e+00,7.5859292194740996e-02
-1.3100000000000001e+00,6.3192371767803984e-02,7.5084220427616311e-02,0.0000000000000000e+00,0.0000000000000000e+00,7.5084220427616311e-02
-1.3000000000000000e+00,6.3786954956859918e-02,7.4308293691591226e-02,0.0000000000000000e+00,0.0000000000000000e+00,7.4308293691591226e-02
-1.2900000000000000e+00,6.4386748127989515e-02,7.3531565892605261e-02,0.0000000000000000e+00,0.0000000000000000e+00,7.3531565892605261e-02
-1.2800000000000000e+00,6.4991789675078404e-02,7.2754091894278589e-02,0.0000000000000000e+00,0.0000000000000000e+00,7.2754091894278589e-02
-1.2700000000000000e+00,6.5602118137436660e-02,7.1975927526630679e-02,0.0000000000000000e+00,0.0000000000000000e+00,7.1975927526630679e-02
-1.2600000000000000e+00,6.6217772197524477e-02,7.1197129594772507e-02,0.0000000000000000e+00,0.0000000000000000e+00,7.1197129594772507e-02
-1.2500000000000000e+00,6.6838790678608623e-02,7.0417755887575761e-02,0.0000000000000000e+00,0.0000000000000000e+00,7.0417755887575761e-02
-1.2400000000000000e+00,6.7465212542347872e-02,6.9637865186309378e-02,0.0000000000000000e+00,0.0000000000000000e+00,6.9637865186309378e-02
-1.2300000000000000e+00,6.8097076886307242e-02,6.8857517273246016e-02,0.0000000000000000e+00,0.0000000000000000e+00,6.8857517273246016e-02
-1.2200000000000000e+00,6.8734422941399739e-02,6.8076772940231178e-02,0.0000000000000000e+00,0.0000000000000000e+00,6.8076772940231178e-02
-1.2100000000000000e+00,6.9377290069254416e-02,6.7295693997216383e-02,0.0000000000000000e+00,0.0000000000000000e+00,6.7295693997216383e-02
-1.2000000000000000e+00,7.0025717759510053e-02,6.6514343280747373e-02,0.0000000000000000e+00,0.0000000000000000e+00,6.6514343280747373e-02
-1.1899999999999999e+00,7.0679745627033705e-02,6.5732784662410060e-02,0.0000000000000000e+00,0.0000000000000000e+00,6.5732784662410060e-02
-1.1799999999999999e+00,7.1339413409062455e-02,6.4951083057223330e-02,0.0000000000000000e+00,0.0000000000000000e+00,6.4951083057223330e-02
-1.1699999999999999e+00,7.2004760962268363e-02,6.4169304431987262e-02,0.0000000000000000e+00,0.0000000000000000e+00,6.4169304431987262e-02
-1.1599999999999999e+00,7.2675828259744502e-02,6.3387515813566608e-02,0.0000000000000000e+00,0.0000000000000000e+00,6.3387515813566608e-02
-1.1499999999999999e+00,7.3352655387912413e-02,6.2605785297123406e-02,0.0000000000000000e+00,0.0000000000000000e+00,6.2605785297123406e-02
-1.1399999999999999e+00,7.4035282543349082e-02,6.1824182054281702e-02,0.0000000000000000e+00,0.0000000000000000e+00,6.1824182054281702e-02
-1.1299999999999999e+00,7.4723750029532660e-02,6.1042776341226207e-02,0.0000000000000000e+00,0.0000000000000000e+00,6.1042776341226207e-02
-1.1199999999999999e+00,7.5418098253506316e-02,6.0261639506733501e-02,0.0000000000000000e+00,0.0000000000000000e+00,6.0261639506733501e-02
-1.1099999999999999e+00,7.6118367722459071e-02,5.9480844000125821e-02,0.0000000000000000e+00,0.0000000000000000e+00,5.9480844000125821e-02
-1.0999999999999999e+00,7.6824599040222555e-02,5.8700463379147833e-02,0.0000000000000000e+00,0.0000000000000000e+00,5.8700463379147833e-02
-1.0900000000000001e+00,7.7536832903683017e-02,5.7920572317760849e-02,0.0000000000000000e+00,0.0000000000000000e+00,5.7920572317760849e-02
-1.0800000000000001e+00,7.8255110099107517e-02,5.7141246613852226e-02,0.0000000000000000e+00,0.0000000000000000e+00,5.7141246613852226e-02
-1.0700000000000001e+00,7.8979471498383302e-02,5.6362563196852698e-02,0.0000000000000000e+00,0.0000000000000000e+00,5.6362563196852698e-02
-1.0600000000000001e+00,7.9709958055169686e-02,5.5584600135258122e-02,0.0000000000000000e+00,0.0000000000000000e+00,5.5584600135258122e-02
-1.0500000000000000e+00,8.0446610800961438e-02,5.4807436644054831e-02,0.0000000000000000e+00,0.0000000000000000e+00,5.4807436644054831e-02
-1.0400000000000000e+00,8.1189470841062678e-02,5.4031153092040290e-02,0.0000000000000000e+00,0.0000000000000000e+00,5.4031153092040290e-02
-1.0300000000000000e+00,8.1938579350470511e-02,5.3255831009034499e-02,0.0000000000000000e+00,0.0000000000000000e+00,5.3255831009034499e-02
-1.0200000000000000e+00,8.2693977569667565e-02,5.2481553092982601e-02,0.0000000000000000e+00,0.0000000000000000e+00,5.2481553092982601e-02
-1.0100000000000000e+00,8.3455706800322424e-02,5.1708403216935164e-02,0.0000000000000000e+00,0.0000000000000000e+00,5.1708403216935164e-02
-1.0000000000000000e+00,8.4223808400897396e-02,5.0936466435912243e-02,0.0000000000000000e+00,0.0000000000000000e+00,5.0936466435912243e-02
-9.8999999999999999e-01,8.4998323782162363e-02,5.0165828993638334e-02,0.0000000000000000e+00,0.0000000000000000e+00,5.0165828993638334e-02
-9.7999999999999998e-01,8.5779294402614198e-02,4.9396578329145471e-02,0.0000000000000000e+00,0.0000000000000000e+00,4.9396578329145471e-02
-9.6999999999999997e-01,8.6566761763800987e-02,4.8628803083241572e-02,0.0000000000000000e+00,0.0000000000000000e+00,4.8628803083241572e-02
-9.5999999999999996e-01,8.7360767405550127e-02,4.7862593104838508e-02,0.0000000000000000e+00,0.0000000000000000e+00,4.7862593104838508e-02
-9.4999999999999996e-01,8.8161352901099180e-02,4.7098039457130390e-02,0.0000000000000000e+00,0.0000000000000000e+00,4.7098039457130390e-02
-9.3999999999999995e-01,8.8968559852129689e-02,4.6335234423626893e-02,0.0000000000000000e+00,0.0000000000000000e+00,4.6335234423626893e-02
-9.2999999999999994e-01,8.9782429883702095e-02,4.5574271514022748e-02,0.0000000000000000e+00,0.0000000000000000e+00,4.5574271514022748e-02
-9.1999999999999993e-01,9.0603004639091891e-02,4.4815245469912404e-02,0.0000000000000000e+00,0.0000000000000000e+00,4.4815245469912404e-02
-9.0999999999999992e-01,9.1430325774525659e-02,4.4058252270333081e-02,0.0000000000000000e+00,0.0000000000000000e+00,4.4058252270333081e-02
-8.9999999999999991e-01,9.2264434953816823e-02,4.3303389137138583e-02,0.0000000000000000e+00,0.0000000000000000e+00,4.3303389137138583e-02
-8.8999999999999990e-01,9.3105373842900171e-02,4.2550754540193830e-02,0.0000000000000000e+00,0.0000000000000000e+00,4.2550754540193830e-02
-8.7999999999999989e-01,9.3953184104264703e-02,4.1800448202387319e-02,0.0000000000000000e+00,0.0000000000000000e+00,4.1800448202387319e-02
-8.6999999999999988e-01,9.4807907391283530e-02,4.1052571104452575e-02,0.0000000000000000e+00,0.0000000000000000e+00,4.1052571104452575e-02
-8.5999999999999988e-01,9.5669585342441438e-02,4.0307225489598808e-02,0.0000000000000000e+00,0.0000000000000000e+00,4.0307225489598808e-02
-8.4999999999999987e-01,9.6538259575458391e-02,3.9564514867938279e-02,0.0000000000000000e+00,0.0000000000000000e+00,3.9564514867938279e-02
-8.3999999999999986e-01,9.7413971681309067e-02,3.8824544020710089e-02,0.0000000000000000e+00,0.0000000000000000e+00,3.8824544020710089e-02
-8.3000000000000007e-01,9.8296763218137448e-02,3.8087419004290413e-02,0.0000000000000000e+00,0.0000000000000000e+00,3.8087419004290413e-02
-8.2000000000000006e-01,9.9186675705066688e-02,3.7353247153986774e-02,0.0000000000000000e+00,0.0000000000000000e+00,3.7353247153986774e-02
-8.1000000000000005e-01,1.0008375061590290e-01,3.6622137087609759e-02,0.0000000000000000e+00,0.0000000000000000e+00,3.6622137087609759e-02
-8.0000000000000004e-01,1.0098802937273296e-01,3.5894198708810651e-02,0.0000000000000000e+00,0.0000000000000000e+00,3.5894198708810651e-02
-7.9000000000000004e-01,1.0189955333941624e-01,3.5169543210190578e-02,0.0000000000000000e+00,0.0000000000000000e+00,3.5169543210190578e-02
-7.8000000000000003e-01,1.0281836381496863e-01,3.4448283076162288e-02,0.0000000000000000e+00,0.0000000000000000e+00,3.4448283076162288e-02
-7.7000000000000002e-01,1.0374450202684013e-01,3.3730532085566874e-02,0.0000000000000000e+00,0.0000000000000000e+00,3.3730532085566874e-02
-7.6000000000000001e-01,1.0467800912408448e-01,3.3016405314036178e-02,0.0000000000000000e+00,0.0000000000000000e+00,3.3016405314036178e-02
-7.5000000000000000e-01,1.0561892617042128e-01,3.2306019136095536e-02,0.0000000000000000e+00,0.0000000000000000e+00,3.2306019136095536e-02
-7.3999999999999999e-01,1.0656729413718956e-01,3.1599491226999121e-02,0.0000000000000000e+00,0.0000000000000000e+00,3.1599491226999121e-02
-7.2999999999999998e-01,1.0752315389619360e-01,3.0896940564293741e-02,0.0000000000000000e+00,0.0000000000000000e+00,3.0896940564293741e-02
-7.1999999999999997e-01,1.0848654621244015e-01,3.0198487429101778e-02,0.0000000000000000e+00,0.0000000000000000e+00,3.0198487429101778e-02
-7.0999999999999996e-01,1.0945751173676706e-01,2.9504253407121345e-02,0.0000000000000000e+00,0.0000000000000000e+00,2.9504253407121345e-02
-6.9999999999999996e-01,1.1043609099836296e-01,2.8814361389330689e-02,0.0000000000000000e+00,0.0000000000000000e+00,2.8814361389330689e-02
-6.8999999999999995e-01,1.1142232439717893e-01,2.8128935572399025e-02,0.0000000000000000e+00,0.0000000000000000e+00,2.8128935572399025e-02
-6.7999999999999994e-01,1.1241625219623086e-01,2.7448101458787399e-02,0.0000000000000000e+00,0.0000000000000000e+00,2.7448101458787399e-02
-6.6999999999999993e-01,1.1341791451379341e-01,2.6771985856541058e-02,0.0000000000000000e+00,0.0000000000000000e+00,2.6771985856541058e-02
-6.5999999999999992e-01,1.1442735131548511e-01,2.6100716878763405e-02,0.0000000000000000e+00,0.0000000000000000e+00,2.6100716878763405e-02
-6.4999999999999991e-01,1.1544460240624528e-01,2.5434423942764559e-02,0.0000000000000000e+00,0.0000000000000000e+00,2.5434423942764559e-02
-6.3999999999999990e-01,1.1646970742220270e-01,2.4773237768878617e-02,0.0000000000000000e+00,0.0000000000000000e+00,2.4773237768878617e-02
-6.2999999999999989e-01,1.1750270582243567e-01,2.4117290378944001e-02,0.0000000000000000e+00,0.0000000000000000e+00,2.4117290378944001e-02
-6.1999999999999988e-01,1.1854363688062487e-01,2.3466715094437578e-02,0.0000000000000000e+00,0.0000000000000000e+00,2.3466715094437578e-02
-6.0999999999999988e-01,1.1959253967659839e-01,2.2821646534259152e-02,0.0000000000000000e+00,0.0000000000000000e+00,2.2821646534259152e-02
-5.9999999999999987e-01,1.2064945308776956e-01,2.2182220612157091e-02,0.0000000000000000e+00,0.0000000000000000e+00,2.2182220612157091e-02
-5.8999999999999986e-01,1.2171441578046834e-01,2.1548574533789583e-02,0.0000000000000000e+00,0.0000000000000000e+00,2.1548574533789583e-02
-5.8000000000000007e-01,1.2278746620116615e-01,2.0920846793414275e-02,0.0000000000000000e+00,0.0000000000000000e+00,2.0920846793414275e-02
-5.7000000000000006e-01,1.2386864256759540e-01,2.0299177170200858e-02,0.0000000000000000e+00,0.0000000000000000e+00,2.0299177170200858e-02
-5.6000000000000005e-01,1.2495798285976328e-01,1.9683706724157975e-02,0.0000000000000000e+00,0.0000000000000000e+00,1.9683706724157975e-02
-5.5000000000000004e-01,1.2605552481086180e-01,1.9074577791669465e-02,0.0000000000000000e+00,0.0000000000000000e+00,1.9074577791669465e-02
-5.4000000000000004e-01,1.2716130589807328e-01,1.8471933980632127e-02,0.0000000000000000e+00,0.0000000000000000e+00,1.8471933980632127e-02
-5.3000000000000003e-01,1.2827536333327341e-01,1.7875920165189643e-02,0.0000000000000000e+00,0.0000000000000000e+00,1.7875920165189643e-02
-5.2000000000000002e-01,1.2939773405363189e-01,1.7286682480055385e-02,0.0000000000000000e+00,0.0000000000000000e+00,1.7286682480055385e-02
-5.1000000000000001e-01,1.3052845471211150e-01,1.6704368314415848e-02,0.0000000000000000e+00,0.0000000000000000e+00,1.6704368314415848e-02
-5.0000000000000000e-01,1.3166756166786703e-01,1.6129126305410593e-02,0.0000000000000000e+00,0.0000000000000000e+00,1.6129126305410593e-02
-4.8999999999999977e-01,1.3281509097654509e-01,1.5561106331183669e-02,0.0000000000000000e+00,0.0000000000000000e+00,1.5561106331183669e-02
-4.7999999999999998e-01,1.3397107838048458e-01,1.5000459503493744e-02,0.0000000000000000e+00,0.0000000000000000e+00,1.5000459503493744e-02
-4.6999999999999975e-01,1.3513555929882151e-01,1.4447338159883166e-02,0.0000000000000000e+00,0.0000000000000000e+00,1.4447338159883166e-02
-4.5999999999999996e-01,1.3630856881749631e-01,1.3901895855395734e-02,0.0000000000000000e+00,0.0000000000000000e+00,1.3901895855395734e-02
-4.5000000000000018e-01,1.3749014167916751e-01,1.3364287353837892e-02,0.0000000000000000e+00,0.0000000000000000e+00,1.3364287353837892e-02
-4.3999999999999995e-01,1.3868031227303140e-01,1.2834668618578907e-02,0.0000000000000000e+00,0.0000000000000000e+00,1.2834668618578907e-02
-4.3000000000000016e-01,1.3987911462455033e-01,1.2313196802878977e-02,0.0000000000000000e+00,0.0000000000000000e+00,1.2313196802878977e-02
-4.1999999999999993e-01,1.4108658238508970e-01,1.1800030239744793e-02,0.0000000000000000e+00,0.0000000000000000e+00,1.1800030239744793e-02
-4.1000000000000014e-01,1.4230274882146673e-01,1.1295328431302404e-02,0.0000000000000000e+00,0.0000000000000000e+00,1.1295328431302404e-02
-3.9999999999999991e-01,1.4352764680541213e-01,1.0799252037684514e-02,0.0000000000000000e+00,0.0000000000000000e+00,1.0799252037684514e-02
-3.9000000000000012e-01,1.4476130880294480e-01,1.0311962865422339e-02,0.0000000000000000e+00,0.0000000000000000e+00,1.0311962865422339e-02
-3.7999999999999989e-01,1.4600376686366454e-01,9.8336238553399825e-03,0.0000000000000000e+00,0.0000000000000000e+00,9.8336238553399825e-03
-3.7000000000000011e-01,1.4725505260996113e-01,9.3643990699444797e-03,0.0000000000000000e+00,0.0000000000000000e+00,9.3643990699444797e-03
-3.5999999999999988e-01,1.4851519722614498e-01,8.9044536803049787e-03,0.0000000000000000e+00,0.0000000000000000e+00,8.9044536803049787e-03
-3.5000000000000009e-01,1.4978423144749767e-01,8.4539539524146126e-03,0.0000000000000000e+00,0.0000000000000000e+00,8.4539539524146126e-03
-3.3999999999999986e-01,1.5106218554924894e-01,8.0130672330355618e-03,0.0000000000000000e+00,0.0000000000000000e+00,8.0130672330355618e-03
-3.3000000000000007e-01,1.5234908933547761e-01,7.5819619350111847e-03,0.0000000000000000e+00,0.0000000000000000e+00,7.5819619350111847e-03
-3.1999999999999984e-01,1.5364497212794281e-01,7.1608075220531558e-03,0.0000000000000000e+00,0.0000000000000000e+00,7.1608075220531558e-03
-3.1000000000000005e-01,1.5494986275484432e-01,6.7497744929872691e-03,0.0000000000000000e+00,0.0000000000000000e+00,6.7497744929872691e-03
-2.9999999999999982e-01,1.5626378953951753e-01,6.3490343654594508e-03,0.0000000000000000e+00,0.0000000000000000e+00,6.3490343654594508e-03
-2.9000000000000004e-01,1.5758678028906287e-01,5.9587596590955152e-03,0.0000000000000000e+00,0.0000000000000000e+00,5.9587596590955152e-03
-2.7999999999999980e-01,1.5891886228291435e-01,5.5791238781099164e-03,0.0000000000000000e+00,0.0000000000000000e+00,5.5791238781099164e-03
-2.7000000000000002e-01,1.6026006226134820e-01,5.2103014933586184e-03,0.0000000000000000e+00,0.0000000000000000e+00,5.2103014933586184e-03
-2.5999999999999979e-01,1.6161040641393565e-01,4.8524679238326207e-03,0.0000000000000000e+00,0.0000000000000000e+00,4.8524679238326207e-03
-2.5000000000000000e-01,1.6296992036794183e-01,4.5057995175898646e-03,0.0000000000000000e+00,0.0000000000000000e+00,4.5057995175898646e-03
-2.3999999999999977e-01,1.6433862917667422e-01,4.1704735321142911e-03,0.0000000000000000e+00,0.0000000000000000e+00,4.1704735321142911e-03
-2.2999999999999998e-01,1.6571655730778284e-01,3.8466681141107305e-03,0.0000000000000000e+00,0.0000000000000000e+00,3.8466681141107305e-03
-2.1999999999999975e-01,1.6710372863151651e-01,3.5345622787173580e-03,0.0000000000000000e+00,0.0000000000000000e+00,3.5345622787173580e-03
-2.0999999999999996e-01,1.6850016640893695e-01,3.2343358881454648e-03,0.0000000000000000e+00,0.0000000000000000e+00,3.2343358881454648e-03
-1.9999999999999973e-01,1.6990589328009556e-01,2.9461696297370665e-03,0.0000000000000000e+00,0.0000000000000000e+00,2.9461696297370665e-03
-1.8999999999999995e-01,1.7132093125217368e-01,2.6702449934329561e-03,0.0000000000000000e+00,0.0000000000000000e+00,2.6702449934329561e-03
-1.8000000000000016e-01,1.7274530168759306e-01,2.4067442486616700e-03,0.0000000000000000e+00,0.0000000000000000e+00,2.4067442486616700e-03
-1.6999999999999993e-01,1.7417902529209744e-01,2.1558504206329702e-03,0.0000000000000000e+00,0.0000000000000000e+00,2.1558504206329702e-03
-1.6000000000000014e-01,1.7562212210280922e-01,1.9177472660407112e-03,0.0000000000000000e+00,0.0000000000000000e+00,1.9177472660407112e-03
-1.4999999999999991e-01,1.7707461147626677e-01,1.6926192481739287e-03,0.0000000000000000e+00,0.0000000000000000e+00,1.6926192481739287e-03
-1.4000000000000012e-01,1.7853651207644294e-01,1.4806515114287322e-03,0.0000000000000000e+00,0.0000000000000000e+00,1.4806515114287322e-03
-1.2999999999999989e-01,1.8000784186275195e-01,1.2820298552271049e-03,0.0000000000000000e+00,0.0000000000000000e+00,1.2820298552271049e-03
-1.2000000000000011e-01,1.8148861807804592e-01,1.0969407073329190e-03,0.0000000000000000e+00,0.0000000000000000e+00,1.0969407073329190e-03
-1.0999999999999988e-01,1.8297885723660648e-01,9.2557109657074102e-04,0.0000000000000000e+00,0.0000000000000000e+00,9.2557109657074102e-04
-1.0000000000000009e-01,1.8447857511213547e-01,7.6810862494560653e-04,0.0000000000000000e+00,0.0000000000000000e+00,7.6810862494560653e-04
-8.9999999999999858e-02,1.8598778672574823e-01,6.2474143915895036e-04,0.0000000000000000e+00,0.0000000000000000e+00,6.2474143915895036e-04
-8.0000000000000071e-02,1.8750650633397384e-01,4.9565820152471657e-04,0.0000000000000000e+00,0.0000000000000000e+00,4.9565820152471657e-04
-6.9999999999999840e-02,1.8903474741676801e-01,3.8104806028678960e-04,0.0000000000000000e+00,0.0000000000000000e+00,3.8104806028678960e-04
-6.0000000000000053e-02,1.9057252266554059e-01,2.8110061933259677e-04,0.0000000000000000e+00,0.0000000000000000e+00,2.8110061933259677e-04
-4.9999999999999822e-02,1.9211984397120457e-01,1.9600590730962410e-04,0.0000000000000000e+00,0.0000000000000000e+00,1.9600590730962410e-04
-4.0000000000000036e-02,1.9367672241224942e-01,1.2595434614141431e-04,0.0000000000000000e+00,0.0000000000000000e+00,1.2595434614141431e-04
-2.9999999999999805e-02,1.9524316824284496e-01,7.1136718948124414e-05,0.0000000000000000e+00,0.0000000000000000e+00,7.1136718948124414e-05
-2.0000000000000018e-02,1.9681919088097796e-01,3.1744137369031731e-05,0.0000000000000000e+00,0.0000000000000000e+00,3.1744137369031731e-05
-9.9999999999997868e-03,1.9840479889663054e-01,7.9680082936566844e-06,0.0000000000000000e+00,0.0000000000000000e+00,7.9680082936566844e-06
0.0000000000000000e+00,2.0000000000000001e-01,0.0000000000000000e+00,0.0000000000000000e+00,0.0000000000000000e+00,0.0000000000000000e+00
1.0000000000000231e-02,2.0160480102976974e-01,8.0320077047923641e-06,0.0000000000000000e+00,0.0000000000000000e+00,8.0320077047923641e-06
2.0000000000000018e-02,2.0321920794143258e-01,3.2256118527567140e-05,0.0000000000000000e+00,0.0000000000000000e+00,3.2256118527567140e-05
3.0000000000000249e-02,2.0484322579567496e-01,7.2864575872631440e-05,0.0000000000000000e+00,0.0000000000000000e+00,7.2864575872631440e-05
4.0000000000000036e-02,2.0647685874682359e-01,1.3004974323331270e-04,0.0000000000000000e+00,0.0000000000000000e+00,1.3004974323331270e-04
5.0000000000000266e-02,2.0812011003136355e-01,2.0400406741975449e-04,0.0000000000000000e+00,0.0000000000000000e+00,2.0400406741975449e-04
6.0000000000000053e-02,2.0977298195652921e-01,2.9492004121830021e-04,0.0000000000000000e+00,0.0000000000000000e+00,2.9492004121830021e-04
6.9999999999999840e-02,2.1143547588897740e-01,4.0299016548591207e-04,0.0000000000000000e+00,0.0000000000000000e+00,4.0299016548591207e-04
8.0000000000000071e-02,2.1310759224354459e-01,5.2840691068317160e-04,0.0000000000000000e+00,0.0000000000000000e+00,5.2840691068317160e-04
8.9999999999999858e-02,2.1478933047209575e-01,6.7136267785358403e-04,0.0000000000000000e+00,0.0000000000000000e+00,6.7136267785358403e-04
1.0000000000000009e-01,2.1648068905247014e-01,8.3204975905576406e-04,0.0000000000000000e+00,0.0000000000000000e+00,8.3204975905576406e-04
1.0999999999999988e-01,2.1818166547752824e-01,1.0106602972506963e-03,0.0000000000000000e+00,0.0000000000000000e+00,1.0106602972506963e-03
1.2000000000000011e-01,2.1989225624430828e-01,1.2073862456578113e-03,0.0000000000000000e+00,0.0000000000000000e+00,1.2073862456578113e-03
1.2999999999999989e-01,2.2161245684329392e-01,1.4224193265777278e-03,0.0000000000000000e+00,0.0000000000000000e+00,1.4224193265777278e-03
1.4000000000000012e-01,2.2334226174780394e-01,1.6559509897013866e-03,0.0000000000000000e+00,0.0000000000000000e+00,1.6559509897013866e-03
1.4999999999999991e-01,2.2508166440350411e-01,1.9081723698997043e-03,0.0000000000000000e+00,0.0000000000000000e+00,1.9081723698997043e-03
1.6000000000000014e-01,2.2683065721805232e-01,2.1792742445145355e-03,0.0000000000000000e+00,0.0000000000000000e+00,2.1792742445145355e-03
1.6999999999999993e-01,2.2858923155087865e-01,2.4694469901506942e-03,0.0000000000000000e+00,0.0000000000000000e+00,2.4694469901506942e-03
1.8000000000000016e-01,2.3035737770310957e-01,2.7788805389847154e-03,0.0000000000000000e+00,0.0000000000000000e+00,2.7788805389847154e-03
1.8999999999999995e-01,2.3213508490763918e-01,3.1077643345961276e-03,0.0000000000000000e+00,0.0000000000000000e+00,3.1077643345961276e-03
2.0000000000000018e-01,2.3392234131935596e-01,3.4562872873318898e-03,0.0000000000000000e+00,0.0000000000000000e+00,3.4562872873318898e-03
2.0999999999999996e-01,2.3571913400552949e-01,3.8246377292155964e-03,0.0000000000000000e+00,0.0000000000000000e+00,3.8246377292155964e-03
2.2000000000000020e-01,2.3752544893636410e-01,4.2130033684117524e-03,0.0000000000000000e+00,0.0000000000000000e+00,4.2130033684117524e-03
2.2999999999999998e-01,2.3934127097572430e-01,4.6215712432578909e-03,0.0000000000000000e+00,0.0000000000000000e+00,4.6215712432578909e-03
2.4000000000000021e-01,2.4116658387203965e-01,5.0505276758721906e-03,0.0000000000000000e+00,0.0000000000000000e+00,5.0505276758721906e-03
2.5000000000000000e-01,2.4300137024939308e-01,5.5000582253527941e-03,0.0000000000000000e+00,0.0000000000000000e+00,5.5000582253527941e-03
2.6000000000000023e-01,2.4484561159880125e-01,5.9703476405826086e-03,0.0000000000000000e+00,0.0000000000000000e+00,5.9703476405826086e-03
2.7000000000000002e-01,2.4669928826969001e-01,6.4615798126455570e-03,0.0000000000000000e+00,0.0000000000000000e+00,6.4615798126455570e-03
2.8000000000000025e-01,2.4856237946157439e-01,6.9739377268761144e-03,0.0000000000000000e+00,0.0000000000000000e+00,6.9739377268761144e-03
2.9000000000000004e-01,2.5043486321594577e-01,7.5076034145508605e-03,0.0000000000000000e+00,0.0000000000000000e+00,7.5076034145508605e-03
3.0000000000000027e-01,2.5231671640837533e-01,8.0627579042382852e-03,0.0000000000000000e+00,0.0000000000000000e+00,8.0627579042382852e-03
3.1000000000000005e-01,2.5420791474083720e-01,8.6395811728205360e-03,0.0000000000000000e+00,0.0000000000000000e+00,8.6395811728205360e-03
3.1999999999999984e-01,2.5610843273425993e-01,9.2382520962034642e-03,0.0000000000000000e+00,0.0000000000000000e+00,9.2382520962034642e-03
3.3000000000000007e-01,2.5801824372130971e-01,9.8589483997299013e-03,0.0000000000000000e+00,0.0000000000000000e+00,9.8589483997299013e-03
3.3999999999999986e-01,2.5993731983941304e-01,1.0501846608310925e-02,0.0000000000000000e+00,0.0000000000000000e+00,1.0501846608310925e-02
3.5000000000000009e-01,2.6186563202402502e-01,1.1167121996295507e-02,0.0000000000000000e+00,0.0000000000000000e+00,1.1167121996295507e-02
3.5999999999999988e-01,2.6380315000214727e-01,1.1854948537089724e-02,0.0000000000000000e+00,0.0000000000000000e+00,1.1854948537089724e-02
3.7000000000000011e-01,2.6574984228610332e-01,1.2565498852547013e-02,0.0000000000000000e+00,0.0000000000000000e+00,1.2565498852547013e-02
3.7999999999999989e-01,2.6770567616757696e-01,1.3298944162145901e-02,0.0000000000000000e+00,0.0000000000000000e+00,1.3298944162145901e-02
3.9000000000000012e-01,2.6967061771191791e-01,1.4055454231972048e-02,0.0000000000000000e+00,0.0000000000000000e+00,1.4055454231972048e-02
3.9999999999999991e-01,2.7164463175272269e-01,1.4835197323524951e-02,0.0000000000000000e+00,0.0000000000000000e+00,1.4835197323524951e-02
4.1000000000000014e-01,2.7362768188669490e-01,1.5638340142365939e-02,0.0000000000000000e+00,0.0000000000000000e+00,1.5638340142365939e-02
4.1999999999999993e-01,2.7561973046879101e-01,1.6465047786628523e-02,0.0000000000000000e+00,0.0000000000000000e+00,1.6465047786628523e-02
4.3000000000000016e-01,2.7762073860765740e-01,1.7315483695409792e-02,0.0000000000000000e+00,0.0000000000000000e+00,1.7315483695409792e-02
4.3999999999999995e-01,2.7963066616136339e-01,1.8189809597060999e-02,0.0000000000000000e+00,0.0000000000000000e+00,1.8189809597060999e-02
4.5000000000000018e-01,2.8164947173343746e-01,1.9088185457402249e-02,0.0000000000000000e+00,0.0000000000000000e+00,1.9088185457402249e-02
4.5999999999999996e-01,2.8367711266920964e-01,2.0010769427876357e-02,0.0000000000000000e+00,0.0000000000000000e+00,2.0010769427876357e-02
4.7000000000000020e-01,2.8571354505246682e-01,2.0957717793665426e-02,0.0000000000000000e+00,0.0000000000000000e+00,2.0957717793665426e-02
4.7999999999999998e-01,2.8775872370242622e-01,2.1929184921792091e-02,0.0000000000000000e+00,0.0000000000000000e+00,2.1929184921792091e-02
4.9000000000000021e-01,2.8981260217103205e-01,2.2925323209226342e-02,0.0000000000000000e+00,0.0000000000000000e+00,2.2925323209226342e-02
5.0000000000000000e-01,2.9187513274057830e-01,2.3946283031018048e-02,0.0000000000000000e+00,0.0000000000000000e+00,2.3946283031018048e-02
5.1000000000000023e-01,2.9394626642166682e-01,2.4992212688479287e-02,0.0000000000000000e+00,0.0000000000000000e+00,2.4992212688479287e-02
5.2000000000000002e-01,2.9602595295150030e-01,2.6063258357438376e-02,0.0000000000000000e+00,0.0000000000000000e+00,2.6063258357438376e-02
5.3000000000000025e-01,2.9811414079251985e-01,2.7159564036589021e-02,0.0000000000000000e+00,0.0000000000000000e+00,2.7159564036589021e-02
5.4000000000000004e-01,3.0021077713138722e-01,2.8281271495955551e-02,0.0000000000000000e+00,0.0000000000000000e+00,2.8281271495955551e-02
5.5000000000000027e-01,3.0231580787831958e-01,2.9428520225499341e-02,0.0000000000000000e+00,0.0000000000000000e+00,2.9428520225499341e-02
5.6000000000000005e-01,3.0442917766677879e-01,3.0601447383889049e-02,0.0000000000000000e+00,0.0000000000000000e+00,3.0601447383889049e-02
5.7000000000000028e-01,3.0655082985352122e-01,3.1800187747459019e-02,0.0000000000000000e+00,0.0000000000000000e+00,3.1800187747459019e-02
5.8000000000000007e-01,3.0868070651900953e-01,3.3024873659377327e-02,0.0000000000000000e+00,0.0000000000000000e+00,3.3024873659377327e-02
5.8999999999999986e-01,3.1081874846819368e-01,3.4275634979052061e-02,0.0000000000000000e+00,0.0000000000000000e+00,3.4275634979052061e-02
6.0000000000000009e-01,3.1296489523166271e-01,3.5552599031796528e-02,0.0000000000000000e+00,0.0000000000000000e+00,3.5552599031796528e-02
6.0999999999999988e-01,3.1511908506716929e-01,3.6855890558776458e-02,0.0000000000000000e+00,0.0000000000000000e+00,3.6855890558776458e-02
6.2000000000000011e-01,3.1728125496153609e-01,3.8185631667270792e-02,0.0000000000000000e+00,0.0000000000000000e+00,3.8185631667270792e-02
6.2999999999999989e-01,3.1945134063293956e-01,3.9541941781260331e-02,0.0000000000000000e+00,0.0000000000000000e+00,3.9541941781260331e-02
6.4000000000000012e-01,3.2162927653358209e-01,4.0924937592380944e-02,0.0000000000000000e+00,0.0000000000000000e+00,4.0924937592380944e-02
6.4999999999999991e-01,3.2381499585274798e-01,4.2334733011254608e-02,0.0000000000000000e+00,0.0000000000000000e+00,4.2334733011254608e-02
6.6000000000000014e-01,3.2600843052025252e-01,4.3771439119232855e-02,0.0000000000000000e+00,0.0000000000000000e+00,4.3771439119232855e-02
6.6999999999999993e-01,3.2820951121028180e-01,4.5235164120571311e-02,0.0000000000000000e+00,0.0000000000000000e+00,4.5235164120571311e-02
6.8000000000000016e-01,3.3041816734562918e-01,4.6726013295065483e-02,0.0000000000000000e+00,0.0000000000000000e+00,4.6726013295065483e-02
6.8999999999999995e-01,3.3263432710232776e-01,4.8244088951166969e-02,0.0000000000000000e+00,0.0000000000000000e+00,4.8244088951166969e-02
7.0000000000000018e-01,3.3485791741468335e-01,4.9789490379613166e-02,0.0000000000000000e+00,0.0000000000000000e+00,4.9789490379613166e-02
7.0999999999999996e-01,3.3708886398070725e-01,5.1362313807587087e-02,0.0000000000000000e+00,0.0000000000000000e+00,5.1362313807587087e-02
7.2000000000000020e-01,3.3932709126795368e-01,5.2962652353440526e-02,0.0000000000000000e+00,0.0000000000000000e+00,5.2962652353440526e-02
7.2999999999999998e-01,3.4157252251975934e-01,5.4590595981999668e-02,0.0000000000000000e+00,0.0000000000000000e+00,5.4590595981999668e-02
7.4000000000000021e-01,3.4382507976189036e-01,5.6246231460481966e-02,0.0000000000000000e+00,0.0000000000000000e+00,5.6246231460481966e-02
7.5000000000000000e-01,3.4608468380959340e-01,5.7929642315047020e-02,0.0000000000000000e+00,0.0000000000000000e+00,5.7929642315047020e-02
7.6000000000000023e-01,3.4835125427505631e-01,5.9640908788008651e-02,0.0000000000000000e+00,0.0000000000000000e+00,5.9640908788008651e-02
7.7000000000000002e-01,3.5062470957527497e-01,6.1380107795731442e-02,0.0000000000000000e+00,0.0000000000000000e+00,6.1380107795731442e-02
7.8000000000000025e-01,3.5290496694032863e-01,6.3147312887236212e-02,0.0000000000000000e+00,0.0000000000000000e+00,6.3147312887236212e-02
7.9000000000000004e-01,3.5519194242206409e-01,6.4942594203541620e-02,0.0000000000000000e+00,0.0000000000000000e+00,6.4942594203541620e-02
8.0000000000000027e-01,3.5748555090318695e-01,6.6766018437761532e-02,0.0000000000000000e+00,0.0000000000000000e+00,6.6766018437761532e-02
8.1000000000000005e-01,3.5978570610676197e-01,6.8617648795988556e-02,0.0000000000000000e+00,0.0000000000000000e+00,6.8617648795988556e-02
8.2000000000000028e-01,3.6209232060611984e-01,7.0497544958982278e-02,0.0000000000000000e+00,0.0000000000000000e+00,7.0497544958982278e-02
8.3000000000000007e-01,3.6440530583517106e-01,7.2405763044689792e-02,0.0000000000000000e+00,0.0000000000000000e+00,7.2405763044689792e-02
8.3999999999999986e-01,3.6672457209912529e-01,7.4342355571618751e-02,0.0000000000000000e+00,0.0000000000000000e+00,7.4342355571618751e-02
8.5000000000000009e-01,3.6905002858561503e-01,7.6307371423090159e-02,0.0000000000000000e+00,0.0000000000000000e+00,7.6307371423090159e-02
8.5999999999999988e-01,3.7138158337622162e-01,7.8300855812389880e-02,0.0000000000000000e+00,0.0000000000000000e+00,7.8300855812389880e-02
8.7000000000000011e-01,3.7371914345840401e-01,8.0322850248845584e-02,0.0000000000000000e+00,0.0000000000000000e+00,8.0322850248845584e-02
8.7999999999999989e-01,3.7606261473782487e-01,8.2373392504847487e-02,0.0000000000000000e+00,0.0000000000000000e+00,8.2373392504847487e-02
8.9000000000000012e-01,3.7841190205107533e-01,8.4452516583837872e-02,0.0000000000000000e+00,0.0000000000000000e+00,8.4452516583837872e-02
8.9999999999999991e-01,3.8076690917879341e-01,8.6560252689290046e-02,0.0000000000000000e+00,0.0000000000000000e+00,8.6560252689290046e-02
9.1000000000000014e-01,3.8312753885917528e-01,8.8696627194698147e-02,0.0000000000000000e+00,0.0000000000000000e+00,8.8696627194698147e-02
9.1999999999999993e-01,3.8549369280187462e-01,9.0861662614596772e-02,0.0000000000000000e+00,0.0000000000000000e+00,9.0861662614596772e-02
9.3000000000000016e-01,3.8786527170228974e-01,9.3055377576636955e-02,0.0000000000000000e+00,0.0000000000000000e+00,9.3055377576636955e-02
9.3999999999999995e-01,3.9024217525623117e-01,9.5277786794729147e-02,0.0000000000000000e+00,0.0000000000000000e+00,9.5277786794729147e-02
9.5000000000000018e-01,3.9262430217497052e-01,9.7528901043281269e-02,0.0000000000000000e+00,0.0000000000000000e+00,9.7528901043281269e-02
9.5999999999999996e-01,3.9501155020066231e-01,9.9808727132545794e-02,0.0000000000000000e+00,0.0000000000000000e+00,9.9808727132545794e-02
9.7000000000000020e-01,3.9740381612213960e-01,1.0211726788509803e-01,0.0000000000000000e+00,0.0000000000000000e+00,1.0211726788509803e-01
9.7999999999999998e-01,3.9980099579107359e-01,1.0445452211345879e-01,0.0000000000000000e+00,0.0000000000000000e+00,1.0445452211345879e-01
9.8082925301172619e-01,4.0000000000000002e-01,1.0464962875290959e-01,0.0000000000000000e+00,-2.2204460492503131e-16,1.0464962875290951e-01
9.9000000000000021e-01,4.0220298413849825e-01,1.0682048459888563e-01,3.6012521449332608e-03,3.6012521449331203e-03,1.0321923245395256e-01
1.0000000000000000e+00,4.0460967519168967e-01,1.0921514607134192e-01,7.5355071248195083e-03,7.5355071248195404e-03,1.0167963894652249e-01
1.0100000000000002e+00,4.0702096209140104e-01,1.1163849319066865e-01,1.1477275005887510e-02,1.1477275005887577e-02,1.0016121818478116e-01
1.0200000000000000e+00,4.0943673710944178e-01,1.1409050852896585e-01,1.5426379683202983e-02,1.5426379683203262e-02,9.8664128845762866e-02
1.0300000000000002e+00,4.1185689166660089e-01,1.1657117055420740e-01,1.9382643660655150e-02,1.9382643660655230e-02,9.7188526893552091e-02
1.0400000000000000e+00,4.1428131635090470e-01,1.1908045361509662e-01,2.3345888080803279e-02,2.3345888080803068e-02,9.5734565534293298e-02
1.0500000000000003e+00,4.1670990093620608e-01,1.2161832792718180e-01,2.7315932755264921e-02,2.7315932755265226e-02,9.4302395171916881e-02
1.0600000000000001e+00,4.1914253440109656e-01,1.2418475956024236e-01,3.1292596195631288e-02,3.1292596195631184e-02,9.2892163364611091e-02
1.0700000000000003e+00,4.2157910494813694e-01,1.2677971042695879e-01,3.5275695644904688e-02,3.5275695644904737e-02,9.1504014782054083e-02
1.0800000000000001e+00,4.2401950002339867e-01,1.2940313827287855e-01,3.9265047109442140e-02,3.9265047109442008e-02,9.0138091163436629e-02
1.0899999999999999e+00,4.2646360633630953e-01,1.3205499666768986e-01,4.3260465391398134e-02,4.3260465391398384e-02,8.8794531276291944e-02
1.1000000000000001e+00,4.2891130987979686e-01,1.3473523499781243e-01,4.7261764121652790e-02,4.7261764121652616e-02,8.7473470876159698e-02
1.1099999999999999e+00,4.3136249595072051e-01,1.3744379846031665e-01,5.1268755793214153e-02,5.1268755793214327e-02,8.6175042667102547e-02
1.1200000000000001e+00,4.3381704917058894e-01,1.4018062805817860e-01,5.5281251795082580e-02,5.5281251795082476e-02,8.4899376263095960e-02
1.1299999999999999e+00,4.3627485350655054e-01,1.4294566059688316e-01,5.9299062446566290e-02,5.9299062446566353e-02,8.3646598150316914e-02
1.1400000000000001e+00,4.3873579229265203e-01,1.4573882868237625e-01,6.3321997032032187e-02,6.3321997032031785e-02,8.2416831650344108e-02
1.1499999999999999e+00,4.4119974825135611e-01,1.4856006072037981e-01,6.7349863836081297e-02,6.7349863836080992e-02,8.1210196884298508e-02
1.1600000000000001e+00,4.4366660351531167e-01,1.5140928091707351e-01,7.1382470179137264e-02,7.1382470179137014e-02,8.0026810737936271e-02
1.1699999999999999e+00,4.4613623964936489e-01,1.5428640928114340e-01,7.5419622453427579e-02,7.5419622453427593e-02,7.8866786827715751e-02
1.1800000000000002e+00,4.4860853767280717e-01,1.5719136162721423e-01,7.9461126159353052e-02,7.9461126159352524e-02,7.7730235467861314e-02
1.1899999999999999e+00,4.5108337808184656e-01,1.6012404958065352e-01,8.3506785942221939e-02,8.3506785942222272e-02,7.6617263638431438e-02
1.2000000000000002e+00,4.5356064087229880e-01,1.6308438058376562e-01,8.7556405629343678e-02,8.7556405629343415e-02,7.5527974954422067e-02
1.2100000000000000e+00,4.5604020556248348e-01,1.6607225790336558e-01,9.1609788267457026e-02,9.1609788267456693e-02,7.4462469635908551e-02
1.2200000000000002e+00,4.5852195121632211e-01,1.6908758063974366e-01,9.5666736160489763e-02,9.5666736160489929e-02,7.3420844479253761e-02
1.2300000000000000e+00,4.6100575646662395e-01,1.7213024373701485e-01,9.9727050907623405e-02,9.9727050907623349e-02,7.2403192829391450e-02
1.2400000000000002e+00,4.6349149953855256e-01,1.7520013799485523e-01,1.0379053344165473e-01,1.0379053344165490e-01,7.1409604553200390e-02
1.2500000000000000e+00,4.6597905827326364e-01,1.7829715008162639e-01,1.0785698406763722e-01,1.0785698406763733e-01,7.0440166013989086e-02
1.2600000000000002e+00,4.6846831015170393e-01,1.8142116254888202e-01,1.1192620250178487e-01,1.1192620250178487e-01,6.9494960047097126e-02
1.2700000000000000e+00,4.7095913231856051e-01,1.8457205384725528e-01,1.1599798791062323e-01,1.1599798791062321e-01,6.8574065936632039e-02
1.2800000000000002e+00,4.7345140160635357e-01,1.8774969834372787e-01,1.2007213895037339e-01,1.2007213895037361e-01,6.7677559393354458e-02
1.2900000000000000e+00,4.7594499455965900e-01,1.9095396634026879e-01,1.2414845380654983e-01,1.2414845380655026e-01,6.6805512533718941e-02
1.3000000000000003e+00,4.7843978745945331e-01,1.9418472409384324e-01,1.2822673023375691e-01,1.2822673023375697e-01,6.5957993860086245e-02
1.3100000000000001e+00,4.8093565634756957e-01,1.9744183383778419e-01,1.3230676559566737e-01,1.3230676559566756e-01,6.5135068242116789e-02
1.3200000000000003e+00,4.8343247705125553e-01,2.0072515380452019e-01,1.3638835690516829e-01,1.3638835690516826e-01,6.4336796899352067e-02
1.3300000000000001e+00,4.8593012520782047e-01,2.0403453824964962e-01,1.4047130086465112e-01,1.4047130086465098e-01,6.3563237384998514e-02
1.3399999999999999e+00,4.8842847628936514e-01,2.0736983747735704e-01,1.4455539390643860e-01,1.4455539390643835e-01,6.2814443570918421e-02
1.3500000000000001e+00,4.9092740562757986e-01,2.1073089786715876e-01,1.4864043223332224e-01,1.4864043223332257e-01,6.2090465633836411e-02
1.3599999999999999e+00,4.9342678843860222e-01,2.1411756190196890e-01,1.5272621185919802e-01,1.5272621185919766e-01,6.1391350042770881e-02
1.3700000000000001e+00,4.9592649984792553e-01,2.1752966819747685e-01,1.5681252864978371e-01,1.5681252864978390e-01,6.0717139547693116e-02
1.3799999999999999e+00,4.9842641491534379e-01,2.2096705153282098e-01,1.6089917836339809e-01,1.6089917836339818e-01,6.0067873169422914e-02
1.3900000000000001e+00,5.0092640865992577e-01,2.2442954288254996e-01,1.6498595669178531e-01,1.6498595669178573e-01,5.9443586190764536e-02
1.3999999999999999e+00,5.0342635608500574e-01,2.2791696944985551e-01,1.6907265930096826e-01,1.6907265930096815e-01,5.8844310148887150e-02
1.4100000000000001e+00,5.0592613220318161e-01,2.3142915470106584e-01,1.7315908187211324e-01,1.7315908187211315e-01,5.8270072828952552e-02
1.4199999999999999e+00,5.0842561206130776e-01,2.3496591840138087e-01,1.7724502014238619e-01,1.7724502014238630e-01,5.7720898258994680e-02
1.4300000000000002e+00,5.1092467076547576e-01,2.3852707665183986e-01,1.8133026994578874e-01,1.8133026994578860e-01,5.7196806706051040e-02
1.4399999999999999e+00,5.1342318350596661e-01,2.4211244192749731e-01,1.8541462725394853e-01,1.8541462725394853e-01,5.6697814673548647e-02
1.4500000000000002e+00,5.1592102558217068e-01,2.4572182311680019e-01,1.8949788821685612e-01,1.8949788821685631e-01,5.6223934899943956e-02
1.4600000000000000e+00,5.1841807242745874e-01,2.4935502556213912e-01,1.9357984920352142e-01,1.9357984920352123e-01,5.5775176358617756e-02
1.4700000000000002e+00,5.2091419963399699e-01,2.5301185110156188e-01,1.9766030684253991e-01,1.9766030684253977e-01,5.5351544259021862e-02
1.4800000000000000e+00,5.2340928297749567e-01,2.5669209811162963e-01,2.0173905806254969e-01,2.0173905806254977e-01,5.4953040049079943e-02
1.4900000000000002e+00,5.2590319844187816e-01,2.6039556155139137e-01,2.0581590013255743e-01,2.0581590013255724e-01,5.4579661418833719e-02
1.5000000000000000e+00,5.2839582224386261e-01,2.6412203300746234e-01,2.0989063070212355e-01,2.0989063070212355e-01,5.4231402305338600e-02
1.5099999999999998e+00,5.3088703085744682e-01,2.6787130074018628e-01,2.1396304784138717e-01,2.1396304784138720e-01,5.3908252898799067e-02
1.5200000000000005e+00,5.3337670103828105e-01,2.7164314973084974e-01,2.1803295008090928e-01,2.1803295008090928e-01,5.3610199649940599e-02
1.5300000000000002e+00,5.3586470984792467e-01,2.7543736172994127e-01,2.2210013645132476e-01,2.2210013645132443e-01,5.3337225278616465e-02
1.5400000000000000e+00,5.3835093467797268e-01,2.7925371530642001e-01,2.2616440652278344e-01,2.2616440652278347e-01,5.3089308783636671e-02
1.5499999999999998e+00,5.4083525327404347e-01,2.8309198589797974e-01,2.3022556044416220e-01,2.3022556044416187e-01,5.2866425453817562e-02
1.5600000000000005e+00,5.4331754375961772e-01,2.8695194586227779e-01,2.3428339898203540e-01,2.3428339898203543e-01,5.2668546880242501e-02
1.5700000000000003e+00,5.4579768465971790e-01,2.9083336452910907e-01,2.3833772355938379e-01,2.3833772355938398e-01,5.2495640969725227e-02
1.5800000000000001e+00,5.4827555492442137e-01,2.9473600825349999e-01,2.4238833629403234e-01,2.4238833629403200e-01,5.2347671959467754e-02
1.5899999999999999e+00,5.5075103395219349e-01,2.9865964046969340e-01,2.4643504003679217e-01,2.4643504003679206e-01,5.2224600432901169e-02
1.5999999999999996e+00,5.5322400161303464e-01,3.0260402174600398e-01,2.5047763840930054e-01,2.5047763840930060e-01,5.2126383336703400e-02
1.6100000000000003e+00,5.5569433827143033e-01,3.0656890984051360e-01,2.5451593584153670e-01,2.5451593584153676e-01,5.2052973998977028e-02
1.6200000000000001e+00,5.5816192480909499e-01,3.1055405975758288e-01,2.5854973760900246e-01,2.5854973760900224e-01,5.2004322148580355e-02
1.6299999999999999e+00,5.6062664264750295e-01,3.1455922380515206e-01,2.6257884986955299e-01,2.6257884986955293e-01,5.1980373935599039e-02
1.6399999999999997e+00,5.6308837377019338e-01,3.1858415165280002e-01,2.6660307969986002e-01,2.6660307969985997e-01,5.1981071952940036e-02
1.6500000000000004e+00,5.6554700074484443e-01,3.2262859039053915e-01,2.7062223513149580e-01,2.7062223513149553e-01,5.2006355259043326e-02
1.6600000000000001e+00,5.6800240674510616e-01,3.2669228458831323e-01,2.7463612518662434e-01,2.7463612518662472e-01,5.2056159401688833e-02
1.6699999999999999e+00,5.7045447557218443e-01,3.3077497635617431e-01,2.7864455991328535e-01,2.7864455991328518e-01,5.2130416442889044e-02
1.6799999999999997e+00,5.7290309167616793e-01,3.3487640540510688e-01,2.8264735042025640e-01,2.8264735042025668e-01,5.2229054984850497e-02
1.6900000000000004e+00,5.7534814017708824e-01,3.3899630910846906e-01,2.8664430891148146e-01,2.8664430891148140e-01,5.2352000196987589e-02
1.7000000000000002e+00,5.7778950688570829e-01,3.4313442256402715e-01,2.9063524872005397e-01,2.9063524872005342e-01,5.2499173843973158e-02
1.7100000000000000e+00,5.8022707832402964e-01,3.4729047865654872e-01,2.9461998434173980e-01,2.9461998434173964e-01,5.2670494314809031e-02
1.7199999999999998e+00,5.8266074174551141e-01,3.5146420812092827e-01,2.9859833146802967e-01,2.9859833146802939e-01,5.2865876652898554e-02
1.7300000000000004e+00,5.8509038515499379e-01,3.5565533960581286e-01,3.0257010701870873e-01,3.0257010701870857e-01,5.3085232587104160e-02
1.7400000000000002e+00,5.8751589732831744e-01,3.5986359973769610e-01,3.0653512917392850e-01,3.0653512917392844e-01,5.3328470563767549e-02
1.7500000000000000e+00,5.8993716783163730e-01,3.6408871318546232e-01,3.1049321740577951e-01,3.1049321740577929e-01,5.3595495779682915e-02
1.7599999999999998e+00,5.9235408704041648e-01,3.6833040272533130e-01,3.1444419250934041e-01,3.1444419250934019e-01,5.3886210215990833e-02
1.7700000000000005e+00,5.9476654615810010e-01,3.7258838930619037e-01,3.1838787663320528e-01,3.1838787663320511e-01,5.4200512672984896e-02
1.7800000000000002e+00,5.9717443723445873e-01,3.7686239211527328e-01,3.2232409330946943e-01,3.2232409330946954e-01,5.4538298805803617e-02
1.7900000000000000e+00,5.9957765318360023e-01,3.8115212864416381e-01,3.2625266748317322e-01,3.2625266748317339e-01,5.4899461160990620e-02
1.7999999999999998e+00,6.0197608780163703e-01,3.8545731475508160e-01,3.3017342554118417e-01,3.3017342554118412e-01,5.5283889213897569e-02
1.8100000000000005e+00,6.0436963578401182e-01,3.8977766474743536e-01,3.3408619534051809e-01,3.3408619534051787e-01,5.5691469406917229e-02
1.8200000000000003e+00,6.0675819274246867e-01,3.9411289142459771e-01,3.3799080623608346e-01,3.3799080623608324e-01,5.6122085188514276e-02
1.8300000000000001e+00,6.0914165522167052e-01,3.9846270616088469e-01,3.4188708910784510e-01,3.4188708910784515e-01,5.6575617053039456e-02
1.8399999999999999e+00,6.1151992071545380e-01,4.0282681896869843e-01,3.4577487638739673e-01,3.4577487638739646e-01,5.7051942581301696e-02
1.8500000000000005e+00,6.1389288768271777e-01,4.0720493856581030e-01,3.4965400208393521e-01,3.4965400208393493e-01,5.7550936481875078e-02
1.8600000000000003e+00,6.1626045556294462e-01,4.1159677244275339e-01,3.5352430180963101e-01,3.5352430180963101e-01,5.8072470633122583e-02
1.8700000000000001e+00,6.1862252479134439e-01,4.1600202693028937e-01,3.5738561280438647e-01,3.5738561280438663e-01,5.8616414125902787e-02
1.8799999999999999e+00,6.2097899681362267e-01,4.2042040726692775e-01,3.6123777395997697e-01,3.6123777395997680e-01,5.9182633306950866e-02
1.8899999999999997e+00,6.2332977410036550e-01,4.2485161766646090e-01,3.6508062584356510e-01,3.6508062584356482e-01,5.9770991822895907e-02
1.9000000000000004e+00,6.2567476016103984e-01,4.2929536138548940e-01,3.6891401072058866e-01,3.6891401072058860e-01,6.0381350664900732e-02
1.9100000000000001e+00,6.2801385955760536e-01,4.3375134079090771e-01,3.7273777257701113e-01,3.7273777257701091e-01,6.1013568213896474e-02
1.9199999999999999e+00,6.3034697791773564e-01,4.3821925742732198e-01,3.7655175714093536e-01,3.7655175714093536e-01,6.1667500286386651e-02
1.9299999999999997e+00,6.3267402194764366e-01,4.4269881208436773e-01,3.8035581190356882e-01,3.8035581190356860e-01,6.2343000180798830e-02
1.9400000000000004e+00,6.3499489944451293e-01,4.4718970486390452e-01,3.8414978613954553e-01,3.8414978613954576e-01,6.3039918724358823e-02
1.9500000000000002e+00,6.3730951930852797e-01,4.5169163524705463e-01,3.8793353092659211e-01,3.8793353092659189e-01,6.3758104320462639e-02
1.9600000000000000e+00,6.3961779155450516e-01,4.5620430216106078e-01,3.9170689916454121e-01,3.9170689916454138e-01,6.4497402996519473e-02
1.9699999999999998e+00,6.4191962732312147e-01,4.6072740404593521e-01,3.9546974559368736e-01,3.9546974559368731e-01,6.5257658452247846e-02
1.9800000000000004e+00,6.4421493889173764e-01,4.6526063892086966e-01,3.9922192681247898e-01,3.9922192681247859e-01,6.6038712108390615e-02
1.9900000000000002e+00,6.4650363968481717e-01,4.6980370445038427e-01,4.0296330129455155e-01,4.0296330129455127e-01,6.6840403155832839e-02
2.0000000000000000e+00,6.4878564428393937e-01,4.7435629801018753e-01,4.0669372940509541e-01,4.0669372940509541e-01,6.7662568605092274e-02
2.0099999999999998e+00,6.5106086843740407e-01,4.7891811675271778e-01,4.1041307341655714e-01,4.1041307341655719e-01,6.8505043336160601e-02
2.0200000000000005e+00,6.5332922906942981e-01,4.8348885767234534e-01,4.1412119752367554e-01,4.1412119752367538e-01,6.9367660148669963e-02
2.0300000000000002e+00,6.5559064428894198e-01,4.8806821767020675e-01,4.1781796785784797e-01,4.1781796785784753e-01,7.0250249812358764e-02
2.0400000000000000e+00,6.5784503339795530e-01,4.9265589361864887e-01,4.2150325250083354e-01,4.2150325250083354e-01,7.1152641117815593e-02
2.0499999999999998e+00,6.6009231689954628e-01,4.9725158242525769e-01,4.2517692149778524e-01,4.2517692149778519e-01,7.2074660927472514e-02
2.0600000000000005e+00,6.6233241650541841e-01,5.0185498109644533e-01,4.2883884686961760e-01,4.2883884686961782e-01,7.3016134226827845e-02
2.0700000000000003e+00,6.6456525514305864e-01,5.0646578680057419e-01,4.3248890262470496e-01,4.3248890262470541e-01,7.3976884175869242e-02
2.0800000000000001e+00,6.6679075696249057e-01,5.1108369693059974e-01,4.3612696476992108e-01,4.3612696476992086e-01,7.4956732160678885e-02
2.0899999999999999e+00,6.6900884734261845e-01,5.1570840916620042e-01,4.3975291132100991e-01,4.3975291132100969e-01,7.5955497845190373e-02
2.1000000000000005e+00,6.7121945289716856e-01,5.2033962153537761e-01,4.4336662231229812e-01,4.4336662231229829e-01,7.6972999223079333e-02
2.1100000000000003e+00,6.7342250148022587e-01,5.2497703247550431e-01,4.4696797980574582e-01,4.4696797980574599e-01,7.8009052669758508e-02
2.1200000000000001e+00,6.7561792219137184e-01,5.2962034089380594e-01,4.5055686789934563e-01,4.5055686789934546e-01,7.9063472994460413e-02
2.1299999999999999e+00,6.7780564538041965e-01,5.3426924622724070e-01,4.5413317273486248e-01,4.5413317273486253e-01,8.0136073492378210e-02
2.1399999999999997e+00,6.7998560265175245e-01,5.3892344850177176e-01,4.5769678250492718e-01,4.5769678250492696e-01,8.1226665996844458e-02
2.1500000000000004e+00,6.8215772686826714e-01,5.4358264839100900e-01,4.6124758745948186e-01,4.6124758745948213e-01,8.2335060931527190e-02
2.1600000000000001e+00,6.8432195215492175e-01,5.4824654727419397e-01,4.6478547991157942e-01,4.6478547991157892e-01,8.3461067362614536e-02
2.1699999999999999e+00,6.8647821390189601e-01,5.5291484729352369e-01,4.6831035424255024e-01,4.6831035424254996e-01,8.4604493050973353e-02
2.1799999999999997e+00,6.8862644876736068e-01,5.5758725141078402e-01,4.7182210690652943e-01,4.7182210690652937e-01,8.5765144504254667e-02
2.1900000000000004e+00,6.9076659467986246e-01,5.6226346346327893e-01,4.7532063643435479e-01,4.7532063643435429e-01,8.6942827028924224e-02
2.2000000000000002e+00,6.9289859084032568e-01,5.6694318821903877e-01,4.7880584343683968e-01,4.7880584343683985e-01,8.8137344782199006e-02
2.2100000000000000e+00,6.9502237772367870e-01,5.7162613143130225e-01,4.8227763060743190e-01,4.8227763060743212e-01,8.9348500823870330e-02
2.2199999999999998e+00,6.9713789708010010e-01,5.7631199989223592e-01,4.8573590272424960e-01,4.8573590272424960e-01,9.0576097167986147e-02
2.2300000000000004e+00,6.9924509193589468e-01,5.8100050148589277e-01,4.8918056665151494e-01,4.8918056665151433e-01,9.1819934834377920e-02
2.2400000000000002e+00,7.0134390659400114e-01,5.8569134524039246e-01,4.9261153134038255e-01,4.9261153134038249e-01,9.3079813900009911e-02
2.2500000000000000e+00,7.0343428663413565e-01,5.9038424137930812e-01,4.9602870782917546e-01,4.9602870782917563e-01,9.4355533550132542e-02
2.2599999999999998e+00,7.0551617891257368e-01,5.9507890137224440e-01,4.9943200924302761e-01,4.9943200924302777e-01,9.5646892129216995e-02
2.2700000000000005e+00,7.0758953156157600e-01,5.9977503798460186e-01,5.0282135079294565e-01,5.0282135079294510e-01,9.6953687191656326e-02
2.2800000000000002e+00,7.0965429398846169e-01,6.0447236532650439e-01,5.0619664977429391e-01,5.0619664977429379e-01,9.8275715552210513e-02
2.2900000000000000e+00,7.1171041687433489e-01,6.0917059890089331e-01,5.0955782556471285e-01,5.0955782556471263e-01,9.9612773336180668e-02
2.2999999999999998e+00,7.1375785217246657e-01,6.1386945565076501e-01,5.1290479962147340e-01,5.1290479962147328e-01,1.0096465602929178e-01
2.3100000000000005e+00,7.1579655310633816e-01,6.1856865400554673e-01,5.1623749547827924e-01,5.1623749547827957e-01,1.0233115852726742e-01
2.3200000000000003e+00,7.1782647416735124e-01,6.2326791392660363e-01,5.1955583874152300e-01,5.1955583874152311e-01,1.0371207518508047e-01
2.3300000000000001e+00,7.1984757111220854e-01,6.2796695695186522e-01,5.2285975708600418e-01,5.2285975708600363e-01,1.0510719986586126e-01
2.3399999999999999e+00,7.2185980095996949e-01,6.3266550623956319e-01,5.2614918025011626e-01,5.2614918025011592e-01,1.0651632598944716e-01
2.3500000000000005e+00,7.2386312198878844e-01,6.3736328661107544e-01,5.2942404003051491e-01,5.2942404003051458e-01,1.0793924658056060e-01
2.3600000000000003e+00,7.2585749373233666e-01,6.4206002459286338e-01,5.3268427027626841e-01,5.3268427027626863e-01,1.0937575431659505e-01
2.3700000000000001e+00,7.2784287697591843e-01,6.4675544845750776e-01,5.3592980688250880e-01,5.3592980688250869e-01,1.1082564157499888e-01
2.3799999999999999e+00,7.2981923375228075e-01,6.5144928826382098e-01,5.3916058778358233e-01,5.3916058778358211e-01,1.1228870048023845e-01
2.3899999999999997e+00,7.3178652733712757e-01,6.5614127589604632e-01,5.4237655294571574e-01,5.4237655294571563e-01,1.1376472295033035e-01
2.4000000000000004e+00,7.3374472224434006e-01,6.6083114510212881e-01,5.4557764435920353e-01,5.4557764435920353e-01,1.1525350074292522e-01
2.4100000000000001e+00,7.3569378422090970e-01,6.6551863153105539e-01,5.4876380603012420e-01,5.4876380603012409e-01,1.1675482550093141e-01
2.4199999999999999e+00,7.3763368024159148e-01,6.7020347276926784e-01,5.5193498397160046e-01,5.5193498397160012e-01,1.1826848879766752e-01
2.4299999999999997e+00,7.3956437850328083e-01,6.7488540837613553e-01,5.5509112619460665e-01,5.5509112619460654e-01,1.1979428218152889e-01
2.4400000000000004e+00,7.4148584841911991e-01,6.7956417991849083e-01,5.5823218269833486e-01,5.5823218269833474e-01,1.2133199722015602e-01
2.4500000000000002e+00,7.4339806061233937e-01,6.8423953100422130e-01,5.6135810546012710e-01,5.6135810546012666e-01,1.2288142554409420e-01
2.4600000000000000e+00,7.4530098690984514e-01,6.8891120731492905e-01,5.6446884842499212e-01,5.6446884842499223e-01,1.2444235888993710e-01
2.4699999999999998e+00,7.4719460033554852e-01,6.9357895663763602e-01,5.6756436749470152e-01,5.6756436749470107e-01,1.2601458914293459e-01
2.4800000000000004e+00,7.4907887510345272e-01,6.9824252889555261e-01,5.7064462051648868e-01,5.7064462051648857e-01,1.2759790837906396e-01
2.4900000000000002e+00,7.5095378661049739e-01,7.0290167617790078e-01,5.7370956727135158e-01,5.7370956727135147e-01,1.2919210890654934e-01
2.5000000000000000e+00,7.5281931142916902e-01,7.0755615276879347e-01,5.7675916946197248e-01,5.7675916946197203e-01,1.3079698330682116e-01
2.5099999999999998e+00,7.5467542729988357e-01,7.1220571517517528e-01,5.7979339070026603e-01,5.7979339070026570e-01,1.3241232447490950e-01
2.5200000000000005e+00,7.5652211312314577e-01,7.1685012215382016e-01,5.8281219649456206e-01,5.8281219649456228e-01,1.3403792565925821e-01
2.5300000000000002e+00,7.5835934895149115e-01,7.2148913473738752e-01,5.8581555423643261e-01,5.8581555423643250e-01,1.3567358050095490e-01
2.5400000000000000e+00,7.6018711598121969e-01,7.2612251625954927e-01,5.8880343318717943e-01,5.8880343318717920e-01,1.3731908307236967e-01
2.5499999999999998e+00,7.6200539654392418e-01,7.3075003237917924e-01,5.9177580446398481e-01,5.9177580446398470e-01,1.3897422791519431e-01
2.5600000000000005e+00,7.6381417409781904e-01,7.3537145110360969e-01,5.9473264102573653e-01,5.9473264102573653e-01,1.4063881007787307e-01
2.5700000000000003e+00,7.6561343321887865e-01,7.3998654281096676e-01,5.9767391765854228e-01,5.9767391765854239e-01,1.4231262515242457e-01
2.5800000000000001e+00,7.6740315959178962e-01,7.4459508027158194e-01,6.0059961096093828e-01,6.0059961096093839e-01,1.4399546931064347e-01
2.5899999999999999e+00,7.6918334000072097e-01,7.4919683866848141e-01,6.0350969932880216e-01,6.0350969932880227e-01,1.4568713933967919e-01
2.6000000000000005e+00,7.7095396231992264e-01,7.5379159561696829e-01,6.0640416293998300e-01,6.0640416293998278e-01,1.4738743267698545e-01
2.6100000000000003e+00,7.7271501550415389e-01,7.5837913118329270e-01,6.0928298373865530e-01,6.0928298373865530e-01,1.4909614744463739e-01
2.6200000000000001e+00,7.7446648957895192e-01,7.6295922790242310e-01,6.1214614541941126e-01,6.1214614541941126e-01,1.5081308248301178e-01
2.6299999999999999e+00,7.7620837563074219e-01,7.6753167079491735e-01,6.1499363341109292e-01,6.1499363341109325e-01,1.5253803738382454e-01
2.6399999999999997e+00,7.7794066579680043e-01,7.7209624738290872e-01,6.1782543486038366e-01,6.1782543486038377e-01,1.5427081252252511e-01
2.6500000000000004e+00,7.7966335325506875e-01,7.7665274770520210e-01,6.2064153861516036e-01,6.2064153861516003e-01,1.5601120909004179e-01
2.6600000000000001e+00,7.8137643221383590e-01,7.8120096433150266e-01,6.2344193520762325e-01,6.2344193520762259e-01,1.5775902912387957e-01
2.6699999999999999e+00,7.8307989790128285e-01,7.8574069237576827e-01,6.2622661683720604e-01,6.2622661683720593e-01,1.5951407553856228e-01
2.6799999999999997e+00,7.8477374655490362e-01,7.9027172950870572e-01,6.2899557735328226e-01,6.2899557735328226e-01,1.6127615215542340e-01
2.6900000000000004e+00,7.8645797541080376e-01,7.9479387596940931e-01,6.3174881223767110e-01,6.3174881223767088e-01,1.6304506373173805e-01
2.7000000000000002e+00,7.8813258269288577e-01,7.9930693457616075e-01,6.3448631858695881e-01,6.3448631858695848e-01,1.6482061598920217e-01
2.7100000000000000e+00,7.8979756760192177e-01,8.0381071073638144e-01,6.3720809509463472e-01,6.3720809509463461e-01,1.6660261564174705e-01
2.7199999999999998e+00,7.9145293030452868e-01,8.0830501245577624e-01,6.3991414203307029e-01,6.3991414203307029e-01,1.6839087042270590e-01
2.7300000000000004e+00,7.9309867192203776e-01,8.1278965034663475e-01,6.4260446123532311e-01,6.4260446123532322e-01,1.7018518911131153e-01
2.7400000000000002e+00,7.9473479451927720e-01,8.1726443763534129e-01,6.4527905607679981e-01,6.4527905607679981e-01,1.7198538155854162e-01
2.7500000000000000e+00,7.9636130109326642e-01,8.2172919016908197e-01,6.4793793145677403e-01,6.4793793145677414e-01,1.7379125871230772e-01
2.7599999999999998e+00,7.9797819556182703e-01,8.2618372642175153e-01,6.5058109377976903e-01,6.5058109377976892e-01,1.7560263264198250e-01
2.7700000000000005e+00,7.9958548275211982e-01,8.3062786749909490e-01,6.5320855093681940e-01,6.5320855093681907e-01,1.7741931656227572e-01
2.7800000000000002e+00,8.0118316838910786e-01,8.3506143714306280e-01,6.5582031228661031e-01,6.5582031228661064e-01,1.7924112485645230e-01
2.7900000000000000e+00,8.0277125908396063e-01,8.3948426173542878e-01,6.5841638863652252e-01,6.5841638863652219e-01,1.8106787309890626e-01
2.7999999999999998e+00,8.0434976232238586e-01,8.4389617030062802e-01,6.6099679222355789e-01,6.6099679222355801e-01,1.8289937807707007e-01
2.8100000000000005e+00,8.0591868645292086e-01,8.4829699450789287e-01,6.6356153669519924e-01,6.6356153669519924e-01,1.8473545781269357e-01
2.8200000000000003e+00,8.0747804067515938e-01,8.5268656867262616e-01,6.6611063709016383e-01,6.6611063709016372e-01,1.8657593158246227e-01
2.8300000000000001e+00,8.0902783502794318e-01,8.5706472975708492e-01,6.6864410981910183e-01,6.6864410981910183e-01,1.8842061993798290e-01
2.8399999999999999e+00,8.1056808037750816e-01,8.6143131737034229e-01,6.7116197264521615e-01,6.7116197264521604e-01,1.9026934472512630e-01
2.8500000000000005e+00,8.1209878840559646e-01,8.6578617376756617e-01,6.7366424466483077e-01,6.7366424466483066e-01,1.9212192910273507e-01
2.8600000000000003e+00,8.1361997159753741e-01,8.7012914384860596e-01,6.7615094628790684e-01,6.7615094628790651e-01,1.9397819756069934e-01
2.8700000000000001e+00,8.1513164323030074e-01,8.7446007515591229e-01,6.7862209921851047e-01,6.7862209921851058e-01,1.9583797593740193e-01
2.8799999999999999e+00,8.1663381736053298e-01,8.7877881787180490e-01,6.8107772643525910e-01,6.8107772643525921e-01,1.9770109143654585e-01
2.8899999999999997e+00,8.1812650881256899e-01,8.8308522481507445e-01,6.8351785217172167e-01,6.8351785217172134e-01,1.9956737264335273e-01
2.9000000000000004e+00,8.1960973316643915e-01,8.8737915143696877e-01,6.8594250189681383e-01,6.8594250189681372e-01,2.0143664954015494e-01
2.9100000000000001e+00,8.2108350674586139e-01,8.9166045581654063e-01,6.8835170229516907e-01,6.8835170229516907e-01,2.0330875352137157e-01
2.9199999999999999e+00,8.2254784660623292e-01,8.9592899865538822e-01,6.9074548124750812e-01,6.9074548124750823e-01,2.0518351740788016e-01
2.9299999999999997e+00,8.2400277052262183e-01,9.0018464327179992e-01,6.9312386781100921e-01,6.9312386781100921e-01,2.0706077546079055e-01
2.9400000000000004e+00,8.2544829697776156e-01,9.0442725559430270e-01,6.9548689219968152e-01,6.9548689219968129e-01,2.0894036339462130e-01
2.9500000000000002e+00,8.2688444515005421e-01,9.0865670415464139e-01,6.9783458576475466e-01,6.9783458576475477e-01,2.1082211838988663e-01
2.9600000000000000e+00,8.2831123490158576e-01,9.1287286008018698e-01,7.0016698097508723e-01,7.0016698097508723e-01,2.1270587910509986e-01
2.9699999999999998e+00,8.2972868676616007e-01,9.1707559708580844e-01,7.0248411139760469e-01,7.0248411139760414e-01,2.1459148568820352e-01
2.9800000000000004e+00,8.3113682193734650e-01,9.2126479146517926e-01,7.0478601167776189e-01,7.0478601167776223e-01,2.1647877978741742e-01
2.9900000000000002e+00,8.3253566225655873e-01,9.2544032208158677e-01,7.0707271752005474e-01,7.0707271752005441e-01,2.1836760456153237e-01
3.0000000000000000e+00,8.3392523020115394e-01,9.2960207035820219e-01,7.0934426566856523e-01,7.0934426566856512e-01,2.2025780468963688e-01
