BKM_distance,sharp_bound,local_distance_squared,symmetric_cycle_direct,asymmetric_cycle_direct,symmetric_z0,symmetric_z1,asymmetric_z0,asymmetric_z1
0.0000000000000000e+00,0.0000000000000000e+00,0.0000000000000000e+00,0.0000000000000000e+00,0.0000000000000000e+00,5.0000000000000011e-01,5.0000000000000011e-01,9.4550326209418389e-01,9.4550326209418389e-01
7.4999999999999997e-03,5.6250000000247190e-05,5.6249999999999998e-05,5.6250000000250544e-05,5.6251002590240740e-05,4.9812500439452823e-01,5.0187499560547177e-01,9.4404712444320327e-01,9.4575834977641715e-01
1.4999999999999999e-02,2.2500000001582056e-04,2.2499999999999999e-04,2.2500000001583753e-04,2.2501583762024602e-04,4.9625003515615101e-01,5.0374996484384882e-01,9.4257294050067375e-01,9.4601287329579831e-01
2.2499999999999999e-02,5.0625000018020988e-04,5.0624999999999997e-04,5.0625000018020283e-04,5.0632916900483771e-04,4.9437511865159295e-01,5.0562488134840700e-01,9.4108077017814940e-01,9.4626683233019626e-01
2.9999999999999999e-02,9.0000000101256479e-04,8.9999999999999998e-04,9.0000000101259081e-04,9.0024709434766148e-04,4.9250028124683592e-01,5.0749971875316402e-01,9.3957067411815876e-01,9.4652022655819423e-01
3.7499999999999999e-02,1.4062500038627692e-03,1.4062499999999999e-03,1.4062500038627412e-03,1.4068458085799707e-03,4.9062554930675034e-01,5.0937445069324960e-01,9.3804271369174208e-01,9.4677305565908998e-01
4.4999999999999998e-02,2.0250000115346759e-03,2.0249999999999999e-03,2.0250000115346611e-03,2.0262203534699985e-03,4.8875094919472317e-01,5.1124905080527683e-01,9.3649695099595587e-01,9.4702531931289669e-01
5.2499999999999998e-02,2.7562500290876633e-03,2.7562499999999996e-03,2.7562500290876368e-03,2.7584834465238517e-03,4.8687650727228754e-01,5.1312349272771240e-01,9.3493344885134877e-01,9.4727701720034341e-01
5.9999999999999998e-02,3.6000000648166680e-03,3.5999999999999999e-03,3.6000000648167552e-03,3.6037643833556343e-03,4.8500224989875212e-01,5.1499775010124782e-01,9.3335227079941074e-01,9.4752814900287496e-01
6.7500000000000004e-02,4.5562501314109381e-03,4.5562500000000004e-03,4.5562501314109216e-03,4.5622080081217931e-03,4.8312820343083046e-01,5.1687179656916948e-01,9.3175348109998801e-01,9.4777871440265271e-01
7.4999999999999997e-02,5.6250002472917476e-03,5.6249999999999998e-03,5.6250002472917338e-03,5.6339737470570972e-03,4.8125439422226979e-01,5.1874560577773010e-01,9.3013714472867337e-01,9.4802871308255476e-01
8.2499999999999990e-02,6.8062504381294015e-03,6.8062499999999981e-03,6.8062504381293798e-03,6.8192347005826548e-03,4.7938084862348163e-01,5.2061915137651826e-01,9.2850332737416419e-01,9.4827814472617666e-01
8.9999999999999997e-02,8.1000007385398365e-03,8.0999999999999996e-03,8.1000007385397255e-03,8.1181767898106383e-03,4.7750759298116985e-01,5.2249240701882993e-01,9.2685209543559455e-01,9.4852700901783138e-01
9.7500000000000003e-02,9.5062511939612328e-03,9.5062500000000008e-03,9.5062511939612571e-03,9.5309979536295497e-03,4.7563465363796115e-01,5.2436534636203891e-01,9.2518351601983506e-01,9.4877530564255019e-01
1.0500000000000000e-01,1.1025001862711022e-02,1.1024999999999998e-02,1.1025001862710937e-02,1.1057907392854061e-02,4.7376205693203405e-01,5.2623794306796590e-01,9.2349765693876629e-01,9.4902303428608270e-01
1.1249999999999999e-01,1.2656252818223841e-02,1.2656249999999997e-02,1.2656252818223690e-02,1.2699124858201571e-02,4.7188982919674910e-01,5.2811017080325084e-01,9.2179458670652281e-01,9.4927019463489770e-01
1.2000000000000000e-01,1.4400004151470813e-02,1.4400000000000000e-02,1.4400004151470913e-02,1.4454879979119095e-02,4.7001799676027767e-01,5.2998200323972222e-01,9.2007437453670915e-01,9.4951678637618231e-01
1.2750000000000000e-01,1.6256255973560799e-02,1.6256250000000000e-02,1.6256255973560840e-02,1.6325411630719655e-02,4.6814658594523273e-01,5.3185341405476716e-01,9.1833709033958610e-01,9.4976280919784417e-01
1.3500000000000001e-01,1.8225008418524188e-02,1.8225000000000002e-02,1.8225008418524147e-02,1.8310967336287121e-02,4.6627562306829817e-01,5.3372437693170183e-01,9.1658280471923004e-01,9.5000826278851058e-01
1.4249999999999999e-01,2.0306261646279813e-02,2.0306249999999998e-02,2.0306261646279800e-02,2.0411802703021120e-02,4.6440513443985820e-01,5.3559486556014180e-01,9.1481158897066350e-01,9.5025314683752959e-01
1.4999999999999999e-01,2.2500015845785769e-02,2.2499999999999999e-02,2.2500015845785981e-02,2.2628180888846661e-02,4.6253514636362875e-01,5.3746485363637120e-01,9.1302351507695811e-01,9.5049746103496968e-01
1.5750000000000000e-01,2.4806271238374682e-02,2.4806250000000002e-02,2.4806271238374755e-02,2.4960372098307815e-02,4.6066568513628614e-01,5.3933431486371375e-01,9.1121865570630789e-01,9.5074120507162097e-01
1.6499999999999998e-01,2.7225028081274392e-02,2.7224999999999992e-02,2.7225028081274361e-02,2.7408653105675640e-02,4.5879677704709804e-01,5.4120322295290191e-01,9.0939708420907772e-01,9.5098437863899454e-01
1.7249999999999999e-01,2.9756286671314691e-02,2.9756249999999995e-02,2.9756286671314469e-02,2.9973306803569910e-02,4.5692844837755386e-01,5.4307155162244602e-01,9.0755887461482065e-01,9.5122698142932416e-01
1.7999999999999999e-01,3.2400047348820994e-02,3.2399999999999998e-02,3.2400047348820959e-02,3.2654621775500381e-02,4.5506072540099435e-01,5.4493927459900549e-01,9.0570410162927051e-01,9.5146901313556576e-01
1.8750000000000000e-01,3.5156310501695959e-02,3.5156250000000000e-02,3.5156310501695875e-02,3.5452891890847660e-02,4.5319363438224347e-01,5.4680636561775642e-01,9.0383284063130576e-01,9.5171047345139770e-01
1.9500000000000001e-01,3.8025076569689752e-02,3.8025000000000003e-02,3.8025076569689564e-02,3.8368415920923660e-02,4.5132720157723777e-01,5.4867279842276218e-01,9.0194516766988486e-01,9.5195136207122200e-01
2.0249999999999999e-01,4.1006346048860130e-02,4.1006249999999994e-02,4.1006346048860109e-02,4.1401497174830659e-02,4.4946145323265768e-01,5.5053854676734226e-01,9.0004115946095709e-01,9.5219167869016408e-01
2.0999999999999999e-01,4.4100119496223444e-02,4.4099999999999993e-02,4.4100119496223167e-02,4.4552443153937471e-02,4.4759641558555874e-01,5.5240358441444126e-01,8.9812089338434420e-01,9.5243142300407313e-01
2.1750000000000000e-01,4.7306397534597207e-02,4.7306250000000001e-02,4.7306397534597089e-02,4.7821565223881812e-02,4.4573211486300202e-01,5.5426788513699787e-01,8.9618444748059523e-01,9.5267059470952287e-01
2.2499999999999998e-01,5.0625180857635857e-02,5.0624999999999989e-02,5.0625180857635899e-02,5.1209178303047054e-02,4.4386857728168566e-01,5.5613142271831428e-01,8.9423190044781531e-01,9.5290919350381142e-01
2.3249999999999998e-01,5.4056470235060626e-02,5.4056249999999993e-02,5.4056470235060550e-02,5.4715600566597189e-02,4.4200582904757635e-01,5.5799417095242365e-01,8.9226333163846772e-01,9.5314721908496258e-01
2.3999999999999999e-01,5.7600266518084600e-02,5.7599999999999998e-02,5.7600266518085030e-02,5.8341153165134330e-02,4.4014389635554024e-01,5.5985610364445981e-01,8.9027882105614808e-01,9.5338467115172509e-01
2.4750000000000000e-01,6.1256570645034501e-02,6.1256249999999998e-02,6.1256570645034092e-02,6.2086159957187359e-02,4.3828280538897540e-01,5.6171719461102465e-01,8.8827844935233391e-01,9.5362154940357358e-01
2.5500000000000000e-01,6.5025383647170407e-02,6.5024999999999999e-02,6.5025383647170143e-02,6.5950947254731052e-02,4.3642258231944264e-01,5.6357741768055736e-01,8.8626229782310562e-01,9.5385785354070918e-01
2.6250000000000001e-01,6.8906706654704525e-02,6.8906250000000002e-02,6.8906706654704442e-02,6.9935843581020229e-02,4.3456325330629808e-01,5.6543674669370181e-01,8.8423044840584442e-01,9.5409358326405957e-01
2.7000000000000002e-01,7.2900540903020838e-02,7.2900000000000006e-02,7.2900540903020783e-02,7.4041179440052840e-02,4.3270484449632585e-01,5.6729515550367415e-01,8.8218298367590120e-01,9.5432873827527920e-01
2.7749999999999997e-01,7.7006887739096683e-02,7.7006249999999984e-02,7.7006887739096808e-02,7.8267287097052662e-02,4.3084738202336875e-01,5.6915261797663119e-01,8.8011998684323944e-01,9.5456331827675012e-01
2.8499999999999998e-01,8.1225748628128050e-02,8.1224999999999992e-02,8.1225748628128480e-02,8.2614500369337485e-02,4.2899089200796225e-01,5.7100910799203763e-01,8.7804154174905658e-01,9.5479732297158204e-01
2.9249999999999998e-01,8.5557125160359931e-02,8.5556249999999986e-02,8.5557125160359959e-02,8.7083154427057163e-02,4.2713540055696686e-01,5.7286459944303303e-01,8.7594773286237404e-01,9.5503075206361288e-01
2.9999999999999999e-01,9.0001019058123494e-02,8.9999999999999997e-02,9.0001019058123966e-02,9.1673585603263774e-02,4.2528093376320036e-01,5.7471906623679958e-01,8.7383864527660560e-01,9.5526360525740861e-01
3.0750000000000000e-01,9.4557432183081755e-02,9.4556249999999994e-02,9.4557432183081769e-02,9.6386131212827131e-02,4.2342751770507137e-01,5.7657248229492852e-01,8.7171436470609820e-01,9.5549588225826476e-01
3.1500000000000000e-01,9.9226366543685135e-02,9.9225000000000008e-02,9.9226366543684996e-02,1.0122112937973116e-01,4.2157517844621295e-01,5.7842482155378694e-01,8.6957497748264978e-01,9.5572758277220582e-01
3.2250000000000001e-01,1.0400782430283916e-01,1.0400625000000001e-01,1.0400782430283928e-01,1.0617891887234210e-01,4.1972394203511509e-01,5.8027605796488479e-01,8.6742057055199973e-01,9.5595870650598591e-01
3.2999999999999996e-01,1.0890180778578579e-01,1.0889999999999997e-01,1.0890180778578618e-01,1.1125983894622982e-01,4.1787383450475940e-01,5.8212616549524054e-01,8.6525123147029570e-01,9.5618925316708880e-01
3.3749999999999997e-01,1.1390831948820036e-01,1.1390624999999997e-01,1.1390831948820046e-01,1.1646422919417265e-01,4.1602488187225273e-01,5.8397511812774716e-01,8.6306704840053527e-01,9.5641922246372901e-01
3.4499999999999997e-01,1.1902736208450580e-01,1.1902499999999998e-01,1.1902736208450571e-01,1.2179242940297996e-01,4.1417711013846087e-01,5.8582288986153896e-01,8.6086811010898279e-01,9.5664861410485169e-01
3.5249999999999998e-01,1.2425893843640676e-01,1.2425624999999998e-01,1.2425893843640679e-01,1.2724477941681078e-01,4.1233054528764329e-01,5.8766945471235676e-01,8.5865450596156212e-01,9.5687742780013307e-01
3.5999999999999999e-01,1.2960305160164512e-01,1.2959999999999999e-01,1.2960305160164531e-01,1.3282161900667111e-01,4.1048521328708792e-01,5.8951478671291202e-01,8.5642632592022472e-01,9.5710566325998092e-01
3.6749999999999999e-01,1.3505970484297886e-01,1.3505624999999999e-01,1.3505970484297913e-01,1.3852328774578559e-01,4.0864114008674535e-01,5.9135885991325454e-01,8.5418366053929329e-01,9.5733332019553485e-01
3.7500000000000000e-01,1.4062890163738731e-01,1.4062500000000000e-01,1.4062890163738784e-01,1.4435012489057808e-01,4.0679835161886496e-01,5.9320164838113487e-01,8.5192660096178197e-01,9.5756039831866635e-01
3.8250000000000001e-01,1.4631064568550411e-01,1.4630625000000000e-01,1.4631064568550389e-01,1.5030246926699764e-01,4.0495687379762901e-01,5.9504312620237076e-01,8.4965523891569206e-01,9.5778689734197986e-01
3.9000000000000001e-01,1.5210494092128038e-01,1.5210000000000001e-01,1.5210494092128002e-01,1.5638065916192456e-01,4.0311673251878899e-01,5.9688326748121090e-01,8.4736966671028380e-01,9.5801281697881246e-01
3.9749999999999996e-01,1.5801179152188094e-01,1.5800624999999996e-01,1.5801179152188105e-01,1.6258503221945908e-01,4.0127795365930136e-01,5.9872204634069870e-01,8.4506997723232580e-01,9.5823815694323478e-01
4.0499999999999997e-01,1.6403120191781559e-01,1.6402499999999998e-01,1.6403120191781495e-01,1.6891592534184063e-01,3.9944056307696352e-01,6.0055943692303637e-01,8.4275626394231928e-01,9.5846291695005081e-01
4.1249999999999998e-01,1.7016317680330748e-01,1.7015624999999998e-01,1.7016317680330828e-01,1.7537367459480446e-01,3.9760458661005005e-01,6.0239541338994984e-01,8.4042862087069958e-01,9.5868709671479868e-01
4.1999999999999998e-01,1.7640772114690231e-01,1.7639999999999997e-01,1.7640772114690240e-01,1.8195861511718725e-01,3.9577005007695015e-01,6.0422994992304968e-01,8.3808714261401596e-01,9.5891069595375111e-01
4.2749999999999999e-01,1.8276484020231992e-01,1.8275624999999998e-01,1.8276484020231987e-01,1.8867108103458641e-01,3.9393697927580335e-01,6.0606302072419660e-01,8.3573192433108567e-01,9.5913371438391526e-01
4.3500000000000000e-01,1.8923453951955119e-01,1.8922500000000000e-01,1.8923453951955116e-01,1.9551140537690692e-01,3.9210539998413757e-01,6.0789460001586237e-01,8.3336306173912766e-01,9.5935615172303346e-01
4.4250000000000000e-01,1.9581682495620348e-01,1.9580625000000002e-01,1.9581682495620445e-01,2.0247991999962078e-01,3.9027533795850655e-01,6.0972466204149334e-01,8.3098065110987229e-01,9.5957800768958346e-01
4.4999999999999996e-01,2.0251170268909696e-01,2.0249999999999996e-01,2.0251170268909657e-01,2.0957695550860755e-01,3.8844681893412725e-01,6.1155318106587264e-01,8.2858478926564827e-01,9.5979928200277864e-01
4.5749999999999996e-01,2.0931917922611473e-01,2.0930624999999997e-01,2.0931917922611465e-01,2.1680284118840198e-01,3.8661986862451836e-01,6.1338013137548164e-01,8.2617557357544891e-01,9.6001997438256914e-01
4.6499999999999997e-01,2.1623926141830979e-01,2.1622499999999997e-01,2.1623926141830951e-01,2.2415790493372612e-01,3.8479451272113852e-01,6.1520548727886148e-01,8.2375310195097406e-01,9.6024008454964072e-01
4.7249999999999998e-01,2.2327195647227221e-01,2.2325624999999999e-01,2.2327195647227205e-01,2.3164247318418596e-01,3.8297077689302483e-01,6.1702922310697517e-01,8.2131747284265078e-01,9.6045961222541687e-01
4.7999999999999998e-01,2.3041727196275943e-01,2.3039999999999999e-01,2.3041727196275907e-01,2.3925687086197023e-01,3.8114868678643277e-01,6.1885131321356723e-01,8.1886878523563356e-01,9.6067855713205796e-01
4.8749999999999999e-01,2.3767521584559215e-01,2.3765624999999999e-01,2.3767521584559281e-01,2.4700142131247738e-01,3.7932826802447395e-01,6.2067173197552594e-01,8.1640713864577974e-01,9.6089691899246155e-01
4.9500000000000000e-01,2.4504579647082053e-01,2.4502499999999999e-01,2.4504579647082103e-01,2.5487644624774486e-01,3.7750954620675753e-01,6.2249045379324253e-01,8.1393263311560649e-01,9.6111469753026335e-01
5.0249999999999995e-01,2.5252902259616294e-01,2.5250624999999993e-01,2.5252902259616361e-01,2.6288226569256601e-01,3.7569254690902898e-01,6.2430745309097113e-01,8.1144536921022470e-01,9.6133189246983775e-01
5.1000000000000001e-01,2.6012490340072147e-01,2.6010000000000000e-01,2.6012490340072114e-01,2.7101919793321461e-01,3.7387729568281097e-01,6.2612270431718897e-01,8.0894544801325174e-01,9.6154850353629751e-01
5.1749999999999996e-01,2.6783344849897639e-01,2.6780624999999997e-01,2.6783344849897617e-01,2.7928755946864481e-01,3.7206381805504390e-01,6.2793618194495593e-01,8.0643297112270296e-01,9.6176453045549370e-01
5.2500000000000002e-01,2.7565466795506516e-01,2.7562500000000001e-01,2.7565466795506532e-01,2.8768766496415132e-01,3.7025213952772729e-01,6.2974786047227271e-01,8.0390804064686439e-01,9.6197997295401794e-01
5.3249999999999997e-01,2.8358857229734824e-01,2.8355624999999995e-01,2.8358857229734813e-01,2.9621982720732554e-01,3.6844228557756042e-01,6.3155771442243958e-01,8.0137075920014067e-01,9.6219483075920065e-01
5.4000000000000004e-01,2.9163517253326582e-01,2.9160000000000003e-01,2.9163517253326532e-01,3.0488435706626937e-01,3.6663428165558443e-01,6.3336571834441546e-01,7.9882122989888649e-01,9.6240910359911225e-01
5.4749999999999999e-01,2.9979448016448929e-01,2.9975625000000000e-01,2.9979448016448762e-01,3.1368156345000742e-01,3.6482815318682499e-01,6.3517184681317496e-01,7.9625955635721513e-01,9.6262279120256389e-01
5.5499999999999994e-01,3.0806650720237300e-01,3.0802499999999994e-01,3.0806650720237316e-01,3.2261175327096137e-01,3.6302392556993374e-01,6.3697607443006621e-01,7.9368584268278808e-01,9.6283589329910713e-01
5.6250000000000000e-01,3.1645126618370611e-01,3.1640625000000000e-01,3.1645126618370600e-01,3.3167523140952060e-01,3.6122162417683173e-01,6.3877837582316821e-01,7.9110019347258276e-01,9.6304840961903460e-01
5.6999999999999995e-01,3.2494877018677493e-01,3.2489999999999997e-01,3.2494877018677482e-01,3.4087230068054186e-01,3.5942127435235299e-01,6.4057872564764684e-01,7.8850271380864367e-01,9.6326033989338045e-01
5.7750000000000001e-01,3.3355903284773419e-01,3.3350625000000000e-01,3.3355903284773492e-01,3.5020326180176831e-01,3.5762290141388681e-01,6.4237709858611314e-01,7.8589350925381007e-01,9.6347168385392057e-01
5.8499999999999996e-01,3.4228206837729525e-01,3.4222499999999995e-01,3.4228206837729536e-01,3.5966841336413413e-01,3.5582653065102338e-01,6.4417346934897668e-01,7.8327268584742682e-01,9.6368244123317270e-01
5.9250000000000003e-01,3.5111789157773504e-01,3.5105625000000001e-01,3.5111789157773554e-01,3.6926805180384559e-01,3.5403218732519659e-01,6.4596781267480341e-01,7.8064035010103450e-01,9.6389261176439689e-01
5.9999999999999998e-01,3.6006651786022786e-01,3.5999999999999999e-01,3.6006651786022781e-01,3.7900247137622678e-01,3.5223989666933020e-01,6.4776010333066980e-01,7.7799660899404088e-01,9.6410219518159657e-01
6.0749999999999993e-01,3.6912796326250968e-01,3.6905624999999992e-01,3.6912796326250996e-01,3.8887196413125658e-01,3.5044968388748188e-01,6.4955031611251812e-01,7.7534156996937276e-01,9.6431119121951703e-01
6.1499999999999999e-01,3.7830224446687427e-01,3.7822499999999998e-01,3.7830224446687399e-01,3.9887681989079038e-01,3.4866157415448917e-01,6.5133842584551083e-01,7.7267534092910994e-01,9.6451959961364830e-01
6.2249999999999994e-01,3.8758937881850952e-01,3.8750624999999994e-01,3.8758937881851052e-01,4.0901732622736109e-01,3.4687559261561618e-01,6.5312440738438371e-01,7.6999803023010027e-01,9.6472742010022328e-01
6.3000000000000000e-01,3.9698938434417952e-01,3.9690000000000003e-01,3.9698938434417874e-01,4.1929376844457789e-01,3.4509176438619860e-01,6.5490823561380129e-01,7.6730974667955565e-01,9.6493465241621923e-01
6.3749999999999996e-01,4.0650227977125336e-01,4.0640624999999997e-01,4.0650227977125386e-01,4.2970642955906868e-01,3.4331011455129140e-01,6.5668988544870865e-01,7.6461059953062882e-01,9.6514129629935785e-01
6.4500000000000002e-01,4.1612808454709144e-01,4.1602500000000003e-01,4.1612808454709072e-01,4.4025559028387917e-01,3.4153066816531624e-01,6.5846933183468370e-01,7.6190069847797648e-01,9.6534735148810524e-01
6.5249999999999997e-01,4.2586681885879030e-01,4.2575624999999995e-01,4.2586681885878974e-01,4.5094152901340578e-01,3.3975345025170844e-01,6.6024654974829133e-01,7.5918015365329738e-01,9.6555281772167323e-01
6.5999999999999992e-01,4.3571850365329362e-01,4.3559999999999988e-01,4.3571850365329423e-01,4.6176452180967864e-01,3.3797848580256584e-01,6.6202151419743416e-01,7.5644907562085917e-01,9.6575769474001827e-01
6.6749999999999998e-01,4.4568316065787533e-01,4.4555624999999999e-01,4.4568316065787617e-01,4.7272484239011359e-01,3.3620579977829657e-01,6.6379420022170355e-01,7.5370757537300426e-01,9.6596198228384311e-01
6.7499999999999993e-01,4.5576081240099836e-01,4.5562499999999989e-01,4.5576081240099731e-01,4.8382276211660180e-01,3.3443541710726860e-01,6.6556458289273135e-01,7.5095576432563904e-01,9.6616568009459625e-01
6.8250000000000000e-01,4.6595148223355842e-01,4.6580624999999998e-01,4.6595148223355887e-01,4.9505854998596366e-01,3.3266736268545910e-01,6.6733263731454084e-01,7.4819375431370505e-01,9.6636878791447289e-01
6.8999999999999995e-01,4.7625519435051578e-01,4.7609999999999991e-01,4.7625519435051666e-01,5.0643247262169488e-01,3.3090166137610438e-01,6.6909833862389556e-01,7.4542165758663592e-01,9.6657130548641446e-01
6.9750000000000001e-01,4.8667197381292243e-01,4.8650625000000003e-01,4.8667197381292215e-01,5.1794479426704498e-01,3.2913833800934988e-01,6.7086166199065012e-01,7.4263958680379316e-01,9.6677323255410985e-01
7.0499999999999996e-01,4.9720184657035177e-01,4.9702499999999994e-01,4.9720184657035249e-01,5.2959577677935066e-01,3.2737741738190135e-01,6.7262258261809860e-01,7.3984765502988947e-01,9.6697456886199529e-01
7.1250000000000002e-01,5.0784483948373615e-01,5.0765625000000003e-01,5.0784483948373627e-01,5.4138567962560114e-01,3.2561892425667621e-01,6.7438107574332384e-01,7.3704597573039288e-01,9.6717531415525426e-01
7.1999999999999997e-01,5.1860098034861868e-01,5.1839999999999997e-01,5.1860098034861934e-01,5.5331475987927980e-01,3.2386288336245500e-01,6.7613711663754494e-01,7.3423466276691518e-01,9.6737546817981823e-01
7.2749999999999992e-01,5.2947029791882949e-01,5.2925624999999987e-01,5.2947029791882994e-01,5.6538327221840667e-01,3.2210931939353382e-01,6.7789068060646618e-01,7.3141383039258556e-01,9.6757503068236816e-01
7.3499999999999999e-01,5.4045282193058664e-01,5.4022499999999996e-01,5.4045282193058730e-01,5.7759146892472302e-01,3.2035825700937715e-01,6.7964174299062285e-01,7.2858359324740696e-01,9.6777400141033199e-01
7.4249999999999994e-01,5.5154858312703647e-01,5.5130624999999989e-01,5.5154858312703592e-01,5.8993959988416567e-01,3.1860972083427103e-01,6.8139027916572903e-01,7.2574406635359556e-01,9.6797238011188802e-01
7.5000000000000000e-01,5.6275761328323559e-01,5.6250000000000000e-01,5.6275761328323615e-01,6.0242791258839112e-01,3.1686373545697621e-01,6.8313626454302379e-01,7.2289536511090857e-01,9.6817016653596266e-01
7.5749999999999995e-01,5.7407994523158401e-01,5.7380624999999996e-01,5.7407994523158301e-01,6.1505665213755112e-01,3.1512032543038365e-01,6.8487967456961629e-01,7.2003760529195271e-01,9.6836736043223282e-01
7.6500000000000001e-01,5.8551561288771647e-01,5.8522500000000000e-01,5.8551561288771747e-01,6.2782606124413487e-01,3.1337951527116792e-01,6.8662048472883197e-01,7.1717090303747988e-01,9.6856396155112501e-01
7.7249999999999996e-01,5.9706465127686015e-01,5.9675624999999999e-01,5.9706465127686004e-01,6.4073638023798640e-01,3.1164132945944339e-01,6.8835867054055655e-01,7.1429537485166694e-01,9.6875996964381605e-01
7.8000000000000003e-01,6.0872709656066692e-01,6.0840000000000005e-01,6.0872709656066837e-01,6.5378784707241167e-01,3.0990579243841920e-01,6.9009420756158080e-01,7.1141113759738039e-01,9.6895538446223284e-01
7.8749999999999998e-01,6.2050298606452703e-01,6.2015624999999996e-01,6.2050298606452703e-01,6.6698069733142784e-01,3.0817292861405621e-01,6.9182707138594357e-01,7.0851830849142838e-01,9.6915020575905397e-01
7.9499999999999993e-01,6.3239235830537499e-01,6.3202499999999984e-01,6.3239235830537632e-01,6.8031516423805716e-01,3.0644276235472351e-01,6.9355723764527655e-01,7.0561700509979564e-01,9.6934443328770825e-01
8.0249999999999999e-01,6.4439525301999567e-01,6.4400625000000000e-01,6.4439525301999634e-01,6.9379147866379309e-01,3.0471531799085527e-01,6.9528468200914451e-01,7.0270734533286516e-01,9.6953806680237709e-01
8.0999999999999994e-01,6.5651171119383545e-01,6.5609999999999991e-01,6.5651171119383633e-01,7.0740986913906134e-01,3.0299061981460967e-01,6.9700938018539016e-01,6.9978944744062888e-01,9.6973110605799273e-01
8.1750000000000000e-01,6.6874177509033383e-01,6.6830624999999999e-01,6.6874177509033528e-01,7.2117056186483630e-01,3.0126869207952639e-01,6.9873130792047355e-01,6.9686343000787887e-01,9.6992355081023995e-01
8.2499999999999996e-01,6.8108548828078208e-01,6.8062499999999992e-01,6.8108548828078241e-01,7.3507378072528695e-01,2.9954955900018571e-01,7.0045044099981424e-01,6.9392941194938962e-01,9.7011540081555603e-01
8.3250000000000002e-01,6.9354289567471505e-01,6.9305625000000004e-01,6.9354289567471561e-01,7.4911974730150277e-01,2.9783324475186829e-01,7.0216675524813166e-01,6.9098751250508494e-01,9.7030665583113052e-01
8.3999999999999997e-01,7.0611404355085072e-01,7.0559999999999989e-01,7.0611404355085083e-01,7.6330868088631565e-01,2.9611977347021490e-01,7.0388022652978510e-01,6.8803785123519212e-01,9.7049731561490649e-01
8.4749999999999992e-01,7.1879897958858685e-01,7.1825624999999982e-01,7.1879897958858674e-01,7.7764079850012013e-01,2.9440916925088723e-01,7.0559083074911266e-01,6.8508054801538232e-01,9.7068737992558018e-01
8.5499999999999998e-01,7.3159775290006024e-01,7.3102499999999992e-01,7.3159775290006035e-01,7.9211631490783141e-01,2.9270145614922893e-01,7.0729854385077096e-01,6.8211572303190016e-01,9.7087684852260159e-01
8.6249999999999993e-01,7.4451041406278473e-01,7.4390624999999988e-01,7.4451041406278584e-01,8.0673544263683894e-01,2.9099665817992748e-01,7.0900334182007252e-01,6.7914349677667807e-01,9.7106572116617440e-01
8.7000000000000000e-01,7.5753701515287664e-01,7.5690000000000002e-01,7.5753701515287908e-01,8.2149839199607300e-01,2.8929479931667590e-01,7.1070520068332399e-01,6.7616399004243877e-01,9.7125399761725695e-01
8.7749999999999995e-01,7.7067760977887534e-01,7.7000624999999989e-01,7.7067760977887545e-01,8.3640537109607482e-01,2.8759590349183678e-01,7.1240409650816305e-01,6.7317732391778884e-01,9.7144167763756128e-01
8.8500000000000001e-01,7.8393225311617631e-01,7.8322500000000006e-01,7.8393225311617609e-01,8.5145658587019035e-01,2.8589999459610449e-01,7.1410000540389540e-01,6.7018361978229468e-01,9.7162876098955553e-01
8.9249999999999996e-01,7.9730100194208231e-01,7.9655624999999997e-01,7.9730100194208386e-01,8.6665224009676045e-01,2.8420709647816977e-01,7.1579290352183012e-01,6.6718299930155167e-01,9.7181524743646197e-01
8.9999999999999991e-01,8.1078391467148880e-01,8.0999999999999983e-01,8.1078391467148947e-01,8.8199253542244893e-01,2.8251723294438486e-01,7.1748276705561509e-01,6.6417558442223834e-01,9.7200113674225919e-01
9.0749999999999997e-01,8.2438105139321172e-01,8.2355624999999999e-01,8.2438105139321305e-01,8.9747767138653689e-01,2.8083042775842759e-01,7.1916957224157230e-01,6.6116149736716145e-01,9.7218642867168037e-01
9.1499999999999992e-01,8.3809247390697406e-01,8.3722499999999989e-01,8.3809247390697372e-01,9.1310784544641876e-01,2.7914670464096814e-01,7.2085329535903175e-01,6.5814086063028721e-01,9.7237112299021589e-01
9.2249999999999999e-01,8.5191824576105968e-01,8.5100624999999996e-01,8.5191824576106168e-01,9.2888325300402563e-01,2.7746608726933519e-01,7.2253391273066492e-01,6.5511379697176553e-01,9.7255521946411183e-01
9.2999999999999994e-01,8.6585843229065174e-01,8.6489999999999989e-01,8.6585843229065063e-01,9.4480408743346977e-01,2.7578859927718280e-01,7.2421140072281709e-01,6.5208042941293820e-01,9.7273871786037147e-01
9.3750000000000000e-01,8.7991310065686390e-01,8.7890625000000000e-01,8.7991310065686346e-01,9.6087054010963691e-01,2.7411426425415808e-01,7.2588573574584181e-01,6.4904088123134129e-01,9.7292161794675402e-01
9.4499999999999995e-01,8.9408231988648268e-01,8.9302499999999996e-01,8.9408231988648268e-01,9.7708280043801654e-01,2.7244310574556985e-01,7.2755689425443004e-01,6.4599527595569428e-01,9.7310391949177744e-01
9.5250000000000001e-01,9.0836616091243338e-01,9.0725624999999999e-01,9.0836616091243361e-01,9.9344105588547471e-01,2.7077514725205698e-01,7.2922485274794280e-01,6.4294373736087995e-01,9.7328562226471560e-01
9.5999999999999996e-01,9.2276469661497929e-01,9.2159999999999997e-01,9.2276469661497984e-01,1.0099454920122453e+00,2.6911041222925852e-01,7.3088958777074131e-01,6.3988638946291398e-01,9.7346672603560125e-01
9.6749999999999992e-01,9.3727800186367904e-01,9.3605624999999981e-01,9.3727800186367993e-01,1.0265962925049870e+00,2.6744892408748311e-01,7.3255107591251689e-01,6.3682335651390509e-01,9.7364723057522518e-01
9.7499999999999998e-01,9.5190615356010444e-01,9.5062499999999994e-01,9.5190615356010433e-01,1.0433936392109597e+00,2.6579070619138029e-01,7.3420929380861943e-01,6.3375476299700462e-01,9.7382713565513590e-01
9.8249999999999993e-01,9.6664923068134445e-01,9.6530624999999981e-01,9.6664923068134190e-01,1.0603377121733377e+00,2.6413578185961217e-01,7.3586421814038783e-01,6.3068073362134913e-01,9.7400644104764156e-01
9.8999999999999999e-01,9.8150731432430727e-01,9.8009999999999997e-01,9.8150731432430760e-01,1.0774286896676664e+00,2.6248417436452448e-01,7.3751582563547546e-01,6.2760139331699050e-01,9.7418514652580845e-01
9.9749999999999994e-01,9.9648048775083331e-01,9.9500624999999987e-01,9.9648048775083264e-01,1.0946667482394439e+00,2.6083590693182085e-01,7.3916409306817898e-01,6.2451686722981958e-01,9.7436325186346240e-01
1.0049999999999999e+00,1.0115688364336424e+00,1.0100249999999997e+00,1.0115688364336428e+00,1.1120520627429080e+00,2.5919100274023466e-01,7.4080899725976534e-01,6.2142728071647968e-01,9.7454075683518915e-01
1.0125000000000000e+00,1.0267724481031266e+00,1.0251562500000000e+00,1.0267724481031264e+00,1.1295848063809402e+00,2.5754948492120405e-01,7.4245051507879589e-01,6.1833275933927223e-01,9.7471766121633396e-01
1.0200000000000000e+00,1.0420914127950085e+00,1.0404000000000000e+00,1.0420914127950063e+00,1.1472651507461791e+00,2.5591137655854629e-01,7.4408862344145354e-01,6.1523342886105448e-01,9.7489396478300205e-01
1.0274999999999999e+00,1.0575258228988820e+00,1.0557562499999997e+00,1.0575258228988833e+00,1.1650932658633479e+00,2.5427670068813307e-01,7.4572329931186676e-01,6.1212941524012765e-01,9.7506966731205946e-01
1.0349999999999999e+00,1.0730757732076550e+00,1.0712249999999999e+00,1.0730757732076563e+00,1.1830693202327591e+00,2.5264548029756717e-01,7.4735451970243272e-01,6.0902084462511741e-01,9.7524476858113252e-01
1.0425000000000000e+00,1.0887413609679117e+00,1.0868062500000000e+00,1.0887413609679122e+00,1.2011934808750429e+00,2.5101773832585822e-01,7.4898226167414172e-01,6.0590784334984915e-01,9.7541926836860871e-01
1.0500000000000000e+00,1.1045226859312125e+00,1.1025000000000000e+00,1.1045226859312116e+00,1.2194659133771530e+00,2.4939349766310107e-01,7.5060650233689874e-01,6.0279053792821202e-01,9.7559316645363681e-01
1.0574999999999999e+00,1.1204198504063552e+00,1.1183062499999998e+00,1.1204198504063569e+00,1.2378867819395740e+00,2.4777278115015305e-01,7.5222721884984689e-01,5.9966905504901691e-01,9.7576646261612709e-01
1.0649999999999999e+00,1.1364329593126152e+00,1.1342249999999998e+00,1.1364329593126152e+00,1.2564562494248328e+00,2.4615561157831362e-01,7.5384438842168611e-01,5.9654352157084989e-01,9.7593915663675201e-01
1.0725000000000000e+00,1.1525621202339815e+00,1.1502562500000000e+00,1.1525621202339815e+00,1.2751744774072762e+00,2.4454201168900316e-01,7.5545798831099675e-01,5.9341406451691470e-01,9.7611124829694496e-01
1.0800000000000001e+00,1.1688074434744185e+00,1.1664000000000001e+00,1.1688074434744182e+00,1.2940416262241570e+00,2.4293200417344341e-01,7.5706799582655648e-01,5.9028081106987096e-01,9.7628273737890303e-01
1.0874999999999999e+00,1.1851690421141701e+00,1.1826562499999997e+00,1.1851690421141701e+00,1.3130578550280507e+00,2.4132561167233871e-01,7.5867438832766132e-01,5.8714388856666588e-01,9.7645362366558497e-01
1.0950000000000000e+00,1.2016470320671269e+00,1.1990250000000000e+00,1.2016470320671271e+00,1.3322233218406012e+00,2.3972285677555705e-01,7.6027714322444284e-01,5.8400342449335918e-01,9.7662390694071322e-01
1.1025000000000000e+00,1.2182415321392837e+00,1.2155062500000000e+00,1.2182415321392828e+00,1.3515381836076088e+00,2.3812376202181265e-01,7.6187623797818727e-01,5.8085954647994065e-01,9.7679358698877283e-01
1.1099999999999999e+00,1.2349526640883077e+00,1.2320999999999998e+00,1.2349526640883077e+00,1.3710025962555363e+00,2.3652834989834934e-01,7.6347165010165052e-01,5.7771238229514543e-01,9.7696266359501249e-01
1.1174999999999999e+00,1.2517805526842471e+00,1.2488062499999999e+00,1.2517805526842478e+00,1.3906167147493775e+00,2.3493664284062366e-01,7.6506335715937634e-01,5.7456205984125974e-01,9.7713113654544481e-01
1.1250000000000000e+00,1.2687253257713926e+00,1.2656250000000000e+00,1.2687253257713929e+00,1.4103806931519536e+00,2.3334866323198991e-01,7.6665133676801001e-01,5.7140870714892311e-01,9.7729900562684613e-01
1.1325000000000001e+00,1.2857871143313369e+00,1.2825562500000001e+00,1.2857871143313373e+00,1.4302946846846840e+00,2.3176443340338512e-01,7.6823556659661474e-01,5.6825245237192612e-01,9.7746627062675717e-01
1.1399999999999999e+00,1.3029660525472349e+00,1.2995999999999999e+00,1.3029660525472346e+00,1.4503588417897593e+00,2.3018397563301540e-01,7.6981602436698460e-01,5.6509342378200156e-01,9.7763293133348284e-01
1.1475000000000000e+00,1.3202622778693163e+00,1.3167562499999999e+00,1.3202622778693174e+00,1.4705733161938888e+00,2.2860731214604177e-01,7.7139268785395820e-01,5.6193174976361004e-01,9.7779898753609396e-01
1.1550000000000000e+00,1.3376759310816553e+00,1.3340250000000000e+00,1.3376759310816571e+00,1.4909382589734612e+00,2.2703446511426870e-01,7.7296553488573128e-01,5.5876755880872508e-01,9.7796443902442509e-01
1.1624999999999999e+00,1.3552071563702417e+00,1.3514062499999997e+00,1.3552071563702421e+00,1.5114538206213464e+00,2.2546545665583165e-01,7.7453454334416816e-01,5.5560097951160914e-01,9.7812928558907686e-01
1.1699999999999999e+00,1.3728561013923772e+00,1.3688999999999998e+00,1.3728561013923768e+00,1.5321201511151852e+00,2.2390030883488615e-01,7.7609969116511379e-01,5.5243214056358803e-01,9.7829352702141548e-01
1.1775000000000000e+00,1.3906229173474249e+00,1.3865062500000001e+00,1.3906229173474252e+00,1.5529373999873215e+00,2.2233904366129773e-01,7.7766095633870225e-01,5.4926117074782088e-01,9.7845716311357278e-01
1.1850000000000001e+00,1.4085077590489454e+00,1.4042250000000001e+00,1.4085077590489448e+00,1.5739057163963253e+00,2.2078168309033211e-01,7.7921831690966792e-01,5.4608819893406657e-01,9.7862019365844688e-01
1.1924999999999999e+00,1.4265107849982490e+00,1.4220562499999998e+00,1.4265107849982499e+00,1.5950252492001642e+00,2.1922824902234661e-01,7.8077175097765328e-01,5.4291335407344599e-01,9.7878261844970216e-01
1.2000000000000000e+00,1.4446321574594050e+00,1.4399999999999999e+00,1.4446321574594041e+00,1.6162961470311181e+00,2.1767876330248229e-01,7.8232123669751763e-01,5.3973676519320157e-01,9.7894443728177016e-01
1.2075000000000000e+00,1.4628720425357213e+00,1.4580562500000001e+00,1.4628720425357180e+00,1.6377185583722778e+00,2.1613324772035652e-01,7.8386675227964331e-01,5.3655856139145330e-01,9.7910564994984839e-01
1.2149999999999999e+00,1.4812306102477528e+00,1.4762249999999997e+00,1.4812306102477537e+00,1.6592926316359193e+00,2.1459172400975673e-01,7.8540827599024310e-01,5.3337887183195309e-01,9.7926625624990238e-01
1.2224999999999999e+00,1.4997080346128628e+00,1.4945062499999997e+00,1.4997080346128620e+00,1.6810185152435970e+00,2.1305421384833464e-01,7.8694578615166533e-01,5.3019782573883401e-01,9.7942625597866484e-01
1.2300000000000000e+00,1.5183044937263619e+00,1.5128999999999999e+00,1.5183044937263661e+00,1.7028963577079903e+00,2.1152073885730158e-01,7.8847926114269851e-01,5.2701555239135933e-01,9.7958564893363620e-01
1.2375000000000000e+00,1.5370201698442854e+00,1.5314062500000001e+00,1.5370201698442862e+00,1.7249263077167125e+00,2.0999132060112438e-01,7.9000867939887542e-01,5.2383218111866947e-01,9.7974443491308449e-01
1.2449999999999999e+00,1.5558552494678330e+00,1.5500249999999998e+00,1.5558552494678350e+00,1.7471085142178868e+00,2.0846598058722202e-01,7.9153401941277801e-01,5.2064784129452413e-01,9.7990261371604637e-01
1.2524999999999999e+00,1.5748099234295068e+00,1.5687562499999999e+00,1.5748099234295054e+00,1.7694431265077259e+00,2.0694474026566329e-01,7.9305525973433644e-01,5.1746266233204530e-01,9.8006018514232673e-01
1.2600000000000000e+00,1.5938843869809989e+00,1.5876000000000001e+00,1.5938843869810011e+00,1.7919302943200233e+00,2.0542762102886522e-01,7.9457237897113475e-01,5.1427677367845870e-01,9.8021714899249968e-01
1.2674999999999998e+00,1.6130788398828639e+00,1.6065562499999997e+00,1.6130788398828644e+00,1.8145701679175943e+00,2.0391464421129205e-01,7.9608535578870787e-01,5.1109030480983197e-01,9.8037350506790732e-01
1.2749999999999999e+00,1.6323934864960210e+00,1.6256249999999999e+00,1.6323934864960208e+00,1.8373628981858694e+00,2.0240583108915525e-01,7.9759416891084478e-01,5.0790338522581280e-01,9.8052925317066164e-01
1.2825000000000000e+00,1.6518285358751235e+00,1.6448062500000000e+00,1.6518285358751230e+00,1.8603086367284742e+00,2.0090120288011462e-01,7.9909879711988541e-01,5.0471614444436608e-01,9.8068439310364430e-01
1.2900000000000000e+00,1.6713842018638569e+00,1.6641000000000001e+00,1.6713842018638569e+00,1.8834075359649347e+00,1.9940078074297948e-01,8.0059921925702038e-01,5.0152871199651072e-01,9.8083892467050593e-01
1.2974999999999999e+00,1.6910607031921903e+00,1.6835062499999998e+00,1.6910607031921892e+00,1.9066597492305952e+00,1.9790458577741141e-01,8.0209541422258845e-01,4.9834121742105492e-01,9.8099284767566775e-01
1.3049999999999999e+00,1.7108582635756502e+00,1.7030249999999998e+00,1.7108582635756475e+00,1.9300654308786971e+00,1.9641263902362746e-01,8.0358736097637240e-01,4.9515379025933159e-01,9.8114616192432080e-01
1.3125000000000000e+00,1.7307771118166473e+00,1.7226562500000000e+00,1.7307771118166482e+00,1.9536247363847608e+00,1.9492496146210431e-01,8.0507503853789564e-01,4.9196656004993372e-01,9.8129886722242698e-01
1.3199999999999998e+00,1.7508174819079230e+00,1.7423999999999995e+00,1.7508174819079230e+00,1.9773378224532152e+00,1.9344157401328313e-01,8.0655842598671690e-01,4.8877965632345088e-01,9.8145096337671878e-01
1.3274999999999999e+00,1.7709796131381594e+00,1.7622562499999996e+00,1.7709796131381594e+00,2.0012048471264432e+00,1.9196249753727543e-01,8.0803750246272454e-01,4.8559320859720334e-01,9.8160245019469905e-01
1.3350000000000000e+00,1.7912637501998014e+00,1.7822249999999999e+00,1.7912637501998017e+00,2.0252259698962316e+00,1.9048775283356981e-01,8.0951224716643022e-01,4.8240734636997962e-01,9.8175332748464272e-01
1.3425000000000000e+00,1.8116701432991629e+00,1.8023062500000000e+00,1.8116701432991658e+00,2.0494013518176022e+00,1.8901736064073932e-01,8.1098263935926063e-01,4.7922219911677338e-01,9.8190359505559544e-01
1.3499999999999999e+00,1.8321990482688582e+00,1.8224999999999996e+00,1.8321990482688584e+00,2.0737311556253033e+00,1.8755134163615006e-01,8.1244865836384983e-01,4.7603789628352161e-01,9.8205325271737520e-01
1.3574999999999999e+00,1.8528507266826206e+00,1.8428062499999998e+00,1.8528507266826217e+00,2.0982155458527298e+00,1.8608971643567004e-01,8.1391028356432982e-01,4.7285456728184277e-01,9.8220230028057121e-01
1.3650000000000000e+00,1.8736254459725779e+00,1.8632249999999999e+00,1.8736254459725759e+00,2.1228546889535558e+00,1.8463250559337954e-01,8.1536749440662037e-01,4.6967234148377945e-01,9.8235073755654534e-01
1.3725000000000001e+00,1.8945234795490324e+00,1.8837562500000002e+00,1.8945234795490329e+00,2.1476487534260791e+00,1.8317972960128204e-01,8.1682027039871796e-01,4.6649134821653859e-01,9.8249856435743166e-01
1.3799999999999999e+00,1.9155451069228226e+00,1.9043999999999996e+00,1.9155451069228242e+00,2.1725979099402402e+00,1.8173140888901601e-01,8.1826859111098393e-01,4.6331171675723731e-01,9.8264578049613682e-01
1.3875000000000000e+00,1.9366906138303297e+00,1.9251562499999999e+00,1.9366906138303293e+00,2.1977023314675410e+00,1.8028756382356756e-01,8.1971243617643241e-01,4.6013357632764745e-01,9.8279238578634054e-01
1.3950000000000000e+00,1.9579602923611812e+00,1.9460250000000001e+00,1.9579602923611841e+00,2.2229621934137871e+00,1.7884821470898413e-01,8.2115178529101573e-01,4.5695705608894477e-01,9.8293838004249534e-01
1.4024999999999999e+00,1.9793544410887498e+00,1.9670062499999996e+00,1.9793544410887485e+00,2.2483776737548542e+00,1.7741338178608898e-01,8.2258661821391088e-01,4.5378228513646041e-01,9.8308376307982748e-01
1.4099999999999999e+00,2.0008733652034993e+00,1.9880999999999998e+00,2.0008733652035016e+00,2.2739489531753847e+00,1.7598308523219641e-01,8.2401691476780370e-01,4.5060939249443255e-01,9.8322853471433636e-01
1.4175000000000000e+00,2.0225173766492550e+00,2.0093062499999998e+00,2.0225173766492555e+00,2.2996762152106829e+00,1.7455734516082810e-01,8.2544265483917190e-01,4.4743850711076510e-01,9.8337269476279565e-01
1.4250000000000000e+00,2.0442867942624772e+00,2.0306250000000001e+00,2.0442867942624794e+00,2.3255596463917012e+00,1.7313618162143030e-01,8.2686381837856959e-01,4.4426975785178491e-01,9.8351624304275254e-01
1.4324999999999999e+00,2.0661819439146250e+00,2.0520562499999997e+00,2.0661819439146267e+00,2.3515994363933057e+00,1.7171961459909196e-01,8.2828038540090809e-01,4.4110327349700662e-01,9.8365917937252878e-01
1.4399999999999999e+00,2.0882031586576777e+00,2.0735999999999999e+00,2.0882031586576781e+00,2.3777957781858987e+00,1.7030766401426342e-01,8.2969233598573655e-01,4.3793918273389726e-01,9.8380150357122065e-01
1.4475000000000000e+00,2.1103507788729043e+00,2.0952562499999998e+00,2.1103507788729052e+00,2.4041488681904397e+00,1.6890034972247650e-01,8.3109965027752353e-01,4.3477761415264776e-01,9.8394321545869945e-01
1.4549999999999998e+00,2.1326251524229725e+00,2.1170249999999995e+00,2.1326251524229729e+00,2.4306589064368502e+00,1.6749769151406527e-01,8.3250230848593476e-01,4.3161869624094606e-01,9.8408431485561054e-01
1.4624999999999999e+00,2.1550266348074789e+00,2.1389062499999998e+00,2.1550266348074834e+00,2.4573260967262307e+00,1.6609970911388766e-01,8.3390029088611228e-01,4.2846255737875544e-01,9.8422480158337544e-01
1.4700000000000000e+00,2.1775555893219969e+00,2.1608999999999998e+00,2.1775555893219982e+00,2.4841506467965218e+00,1.6470642218104811e-01,8.3529357781895186e-01,4.2530932583309744e-01,9.8436467546419015e-01
1.4775000000000000e+00,2.2002123872207395e+00,2.1830062500000000e+00,2.2002123872207395e+00,2.5111327684921090e+00,1.6331785030862117e-01,8.3668214969137877e-01,4.2215912975283920e-01,9.8450393632102740e-01
1.4849999999999999e+00,2.2229974078829255e+00,2.2052249999999995e+00,2.2229974078829224e+00,2.5382726779371509e+00,1.6193401302337596e-01,8.3806598697662382e-01,4.1901209716348442e-01,9.8464258397763482e-01
1.4924999999999999e+00,2.2459110389829675e+00,2.2275562499999997e+00,2.2459110389829657e+00,2.5655705957129715e+00,1.6055492978550140e-01,8.3944507021449843e-01,4.1586835596197125e-01,9.8478061825853658e-01
1.5000000000000000e+00,2.2689536766645624e+00,2.2500000000000000e+00,2.2689536766645606e+00,2.5930267470394881e+00,1.5918061998833291e-01,8.4081938001166701e-01,4.1272803391147450e-01,9.8491803898903318e-01
1.5074999999999998e+00,2.2921257257188232e+00,2.2725562499999996e+00,2.2921257257188223e+00,2.6206413619607556e+00,1.5781110295807929e-01,8.4218889704192068e-01,4.0959125863621249e-01,9.8505484599520121e-01
1.5149999999999999e+00,2.3154275997665326e+00,2.2952249999999998e+00,2.3154275997665366e+00,2.6484146755349300e+00,1.5644639795355123e-01,8.4355360204644869e-01,4.0645815761626114e-01,9.8519103910389472e-01
1.5225000000000000e+00,2.3388597214446536e+00,2.3180062499999998e+00,2.3388597214446527e+00,2.6763469280284475e+00,1.5508652416589030e-01,8.4491347583410958e-01,4.0332885818237318e-01,9.8532661814274403e-01
1.5300000000000000e+00,2.3624225225972109e+00,2.3409000000000000e+00,2.3624225225972122e+00,2.7044383651148731e+00,1.5373150071829933e-01,8.4626849928170056e-01,4.0020348751080254e-01,9.8546158294015695e-01
1.5374999999999999e+00,2.3861164444706615e+00,2.3639062499999994e+00,2.3861164444706651e+00,2.7326892380782919e+00,1.5238134666577324e-01,8.4761865333422670e-01,3.9708217261813644e-01,9.8559593332531892e-01
1.5449999999999999e+00,2.4099419379138909e+00,2.3870250000000000e+00,2.4099419379138931e+00,2.7610998040214856e+00,1.5103608099483101e-01,8.4896391900516888e-01,3.9396504035613317e-01,9.8572966912819249e-01
1.5525000000000000e+00,2.4338994635829505e+00,2.4102562499999998e+00,2.4338994635829492e+00,2.7896703260790225e+00,1.4969572262324904e-01,8.5030427737675085e-01,3.9085221740656739e-01,9.8586279017951872e-01
1.5600000000000001e+00,2.4579894921506957e+00,2.4336000000000002e+00,2.4579894921506940e+00,2.8184010736352736e+00,1.4836029039979487e-01,8.5163970960020519e-01,3.8774383027608061e-01,9.8599529631081551e-01
1.5674999999999999e+00,2.4822125045214305e+00,2.4570562499999995e+00,2.4822125045214296e+00,2.8472923225477640e+00,1.4702980310396219e-01,8.5297019689603781e-01,3.8464000529104087e-01,9.8612718735438065e-01
1.5750000000000000e+00,2.5065689920507492e+00,2.4806249999999999e+00,2.5065689920507523e+00,2.8763443553755952e+00,1.4570427944570646e-01,8.5429572055429359e-01,3.8154086859240804e-01,9.8625846314328891e-01
1.5825000000000000e+00,2.5310594567706719e+00,2.5043062500000000e+00,2.5310594567706737e+00,2.9055574616135385e+00,1.4438373806518245e-01,8.5561626193481732e-01,3.7844654613060819e-01,9.8638912351139485e-01
1.5899999999999999e+00,2.5556844116202724e+00,2.5280999999999993e+00,2.5556844116202715e+00,2.9349319379315819e+00,1.4306819753248159e-01,8.5693180246751832e-01,3.7535716366041399e-01,9.8651916829333131e-01
1.5974999999999999e+00,2.5804443806819397e+00,2.5520062499999998e+00,2.5804443806819393e+00,2.9644680884202721e+00,1.4175767634737085e-01,8.5824232365262909e-01,3.7227284673583494e-01,9.8664859732451016e-01
1.6050000000000000e+00,2.6053398994234325e+00,2.5760250000000000e+00,2.6053398994234325e+00,2.9941662248420400e+00,1.4045219293903280e-01,8.5954780706096712e-01,3.6919372070501366e-01,9.8677741044112299e-01
1.6125000000000000e+00,2.6303715149459164e+00,2.6001562499999999e+00,2.6303715149459155e+00,3.0240266668885489e+00,1.3915176566580639e-01,8.6084823433419355e-01,3.6611991070513300e-01,9.8690560748014067e-01
1.6199999999999999e+00,2.6555397862381391e+00,2.6243999999999996e+00,2.6555397862381387e+00,3.0540497424443185e+00,1.3785641281492872e-01,8.6214358718507123e-01,3.6305154165732956e-01,9.8703318827931408e-01
1.6274999999999999e+00,2.6808452844369537e+00,2.6487562499999999e+00,2.6808452844369564e+00,3.0842357878568016e+00,1.3656615260227792e-01,8.6343384739772200e-01,3.5998873826161626e-01,9.8716015267717339e-01
1.6350000000000000e+00,2.7062885930943428e+00,2.6732250000000000e+00,2.7062885930943450e+00,3.1145851482131626e+00,1.3528100317211689e-01,8.6471899682788300e-01,3.5693162499181630e-01,9.8728650051302980e-01
1.6424999999999998e+00,2.7318703084511804e+00,2.6978062499999993e+00,2.7318703084511800e+00,3.1450981776237459e+00,1.3400098259683846e-01,8.6599901740316165e-01,3.5388032609050285e-01,9.8741223162697389e-01
1.6499999999999999e+00,2.7575910397179073e+00,2.7224999999999997e+00,2.7575910397179086e+00,3.1757752395127152e+00,1.3272610887671071e-01,8.6727389112328934e-01,3.5083496556395022e-01,9.8753734585987718e-01
1.6575000000000000e+00,2.7834514093623381e+00,2.7473062499999998e+00,2.7834514093623390e+00,3.2066167069158666e+00,1.3145639993962444e-01,8.6854360006037545e-01,3.4779566717709415e-01,9.8766184305339222e-01
1.6650000000000000e+00,2.8094520534048231e+00,2.7722250000000002e+00,2.8094520534048186e+00,3.2376229627858883e+00,1.3019187364084056e-01,8.6980812635915938e-01,3.4476255444850284e-01,9.8778572304995260e-01
1.6724999999999999e+00,2.8355936217209781e+00,2.7972562499999998e+00,2.8355936217209781e+00,3.2687944003052820e+00,1.2893254776273941e-01,8.7106745223726045e-01,3.4173575064535550e-01,9.8790898569277197e-01
1.6799999999999999e+00,2.8618767783522387e+00,2.8223999999999996e+00,2.8618767783522401e+00,3.3001314232072936e+00,1.2767844001457035e-01,8.7232155998542948e-01,3.3871537877843388e-01,9.8803163082584677e-01
1.6875000000000000e+00,2.8883022018244500e+00,2.8476562500000000e+00,2.8883022018244517e+00,3.3316344461048448e+00,1.2642956803220287e-01,8.7357043196779716e-01,3.3570156159712244e-01,9.8815365829395374e-01
1.6949999999999998e+00,2.9148705854747723e+00,2.8730249999999993e+00,2.9148705854747732e+00,3.3633038948279861e+00,1.2518594937787872e-01,8.7481405062212125e-01,3.3269442158442081e-01,9.8827506794265196e-01
1.7024999999999999e+00,2.9415826377871492e+00,2.8985062499999996e+00,2.9415826377871515e+00,3.3951402067699608e+00,1.2394760153996470e-01,8.7605239846003513e-01,3.2969408095196417e-01,9.8839585961828269e-01
1.7100000000000000e+00,2.9684390827366047e+00,2.9240999999999997e+00,2.9684390827366052e+00,3.4271438312421623e+00,1.2271454193270685e-01,8.7728545806729308e-01,3.2670066163505829e-01,9.8851603316796899e-01
1.7175000000000000e+00,2.9954406601426591e+00,2.9498062500000000e+00,2.9954406601426591e+00,3.4593152298382872e+00,1.2148678789598562e-01,8.7851321210401445e-01,3.2371428528772306e-01,9.8863558843961563e-01
1.7249999999999999e+00,3.0225881260321530e+00,2.9756249999999995e+00,3.0225881260321579e+00,3.4916548768081110e+00,1.2026435669507192e-01,8.7973564330492793e-01,3.2073507327774864e-01,9.8875452528191099e-01
1.7324999999999999e+00,3.0498822530117695e+00,3.0015562499999997e+00,3.0498822530117700e+00,3.5241632594408490e+00,1.1904726552038433e-01,8.8095273447961564e-01,3.1776314668176314e-01,9.8887284354432570e-01
1.7400000000000000e+00,3.0773238306505775e+00,3.0276000000000001e+00,3.0773238306505810e+00,3.5568408784587007e+00,1.1783553148724744e-01,8.8216446851275254e-01,3.1479862628031169e-01,9.8899054307711276e-01
1.7474999999999998e+00,3.1049136658729224e+00,3.0537562499999993e+00,3.1049136658729211e+00,3.5896882484209289e+00,1.1662917163565119e-01,8.8337082836434877e-01,3.1184163255294839e-01,9.8910762373130923e-01
1.7549999999999999e+00,3.1326525833619931e+00,3.0800249999999996e+00,3.1326525833619936e+00,3.6227058981384417e+00,1.1542820293001101e-01,8.8457179706998890e-01,3.0889228567333932e-01,9.8922408535873463e-01
1.7625000000000000e+00,3.1605414259744213e+00,3.1064062500000000e+00,3.1605414259744187e+00,3.6558943710997109e+00,1.1423264225892957e-01,8.8576735774107040e-01,3.0595070550437903e-01,9.8933992781199254e-01
1.7700000000000000e+00,3.1885810551662619e+00,3.1329000000000002e+00,3.1885810551662619e+00,3.6892542259079555e+00,1.1304250643495914e-01,8.8695749356504072e-01,3.0301701159331917e-01,9.8945515094446934e-01
1.7774999999999999e+00,3.2167723514307593e+00,3.1595062499999993e+00,3.2167723514307607e+00,3.7227860367303229e+00,1.1185781219436514e-01,8.8814218780563470e-01,3.0009132316691034e-01,9.8956975461033603e-01
1.7849999999999999e+00,3.2451162147482626e+00,3.1862249999999999e+00,3.2451162147482648e+00,3.7564903937592220e+00,1.1067857619689071e-01,8.8932142380310941e-01,2.9717375912655575e-01,9.8968373866454773e-01
1.7925000000000000e+00,3.2736135650487137e+00,3.2130562499999997e+00,3.2736135650487110e+00,3.7903679036861213e+00,1.0950481502552274e-01,8.9049518497447733e-01,2.9426443804348001e-01,9.8979710296284273e-01
1.7999999999999998e+00,3.3022653426871158e+00,3.2399999999999993e+00,3.3022653426871180e+00,3.8244191901887135e+00,1.0833654518625832e-01,8.9166345481374165e-01,2.9136347815391000e-01,9.8990984736174470e-01
1.8074999999999999e+00,3.3310725089324555e+00,3.2670562499999996e+00,3.3310725089324578e+00,3.8586448944312970e+00,1.0717378310787279e-01,8.9282621689212716e-01,2.8847099735426912e-01,9.9002197171856166e-01
1.8149999999999999e+00,3.3600360464704768e+00,3.2942250000000000e+00,3.3600360464704764e+00,3.8930456755790992e+00,1.0601654514168869e-01,8.9398345485831110e-01,2.8558711319638697e-01,9.9013347589138589e-01
1.8225000000000000e+00,3.3891569599208484e+00,3.3215062500000001e+00,3.3891569599208555e+00,3.9276222113272112e+00,1.0486484756134594e-01,8.9513515243865405e-01,2.8271194288272111e-01,9.9024435973909519e-01
1.8299999999999998e+00,3.4184362763691651e+00,3.3488999999999995e+00,3.4184362763691674e+00,3.9623751984441729e+00,1.0371870656257275e-01,8.9628129343742735e-01,2.7984560326159458e-01,9.9035462312135225e-01
1.8374999999999999e+00,3.4478750459143361e+00,3.3764062499999996e+00,3.4478750459143335e+00,3.9973053533310647e+00,1.0257813826295797e-01,8.9742186173704208e-01,2.7698821082244629e-01,9.9046426589860470e-01
1.8450000000000000e+00,3.4774743422318566e+00,3.4040249999999999e+00,3.4774743422318561e+00,4.0324134125965472e+00,1.0144315870172456e-01,8.9855684129827540e-01,2.7413988169109749e-01,9.9057328793208621e-01
1.8525000000000000e+00,3.5072352631535662e+00,3.4317562500000003e+00,3.5072352631535679e+00,4.0677001336484011e+00,1.0031378383950390e-01,8.9968621616049615e-01,2.7130073162503232e-01,9.9068168908381560e-01
1.8599999999999999e+00,3.5371589312644254e+00,3.4595999999999996e+00,3.5371589312644254e+00,4.1031662953020120e+00,9.9190029558111431e-02,9.0080997044188837e-01,2.6847087600869335e-01,9.9078946921659772e-01
1.8674999999999999e+00,3.5672464945169531e+00,3.4875562499999999e+00,3.5672464945169509e+00,4.1388126984066353e+00,9.8071911660323099e-02,9.0192808833967675e-01,2.6565042984879184e-01,9.9089662819402347e-01
1.8750000000000000e+00,3.5974991268639216e+00,3.5156250000000000e+00,3.5974991268639247e+00,4.1746401664899491e+00,9.6959445869653493e-02,9.0304055413034645e-01,2.6283950776963427e-01,9.9100316588046966e-01
1.8824999999999998e+00,3.6279180289099897e+00,3.5438062499999994e+00,3.6279180289099919e+00,4.2106495464214007e+00,9.5852647830134460e-02,9.0414735216986564e-01,2.6003822400846394e-01,9.9110908214109961e-01
1.8899999999999999e+00,3.6585044285829484e+00,3.5720999999999998e+00,3.6585044285829511e+00,4.2468417090953103e+00,9.4751533106095159e-02,9.0524846689390481e-01,2.5724669241081799e-01,9.9121437684186287e-01
1.8975000000000000e+00,3.6892595818252736e+00,3.6005062500000000e+00,3.6892595818252758e+00,4.2832175501342853e+00,9.3656117181943263e-02,9.0634388281805667e-01,2.5446502642590124e-01,9.9131904984949615e-01
1.9050000000000000e+00,3.7201847733067503e+00,3.6290249999999999e+00,3.7201847733067552e+00,4.3197779906135487e+00,9.2566415461947160e-02,9.0743358453805278e-01,2.5169333910197494e-01,9.9142310103152254e-01
1.9124999999999999e+00,3.7512813171589277e+00,3.6576562499999996e+00,3.7512813171589290e+00,4.3565239778072637e+00,9.1482443270019323e-02,9.0851755672998069e-01,2.4893174308176280e-01,9.9152653025625226e-01
1.9199999999999999e+00,3.7825505577322218e+00,3.6863999999999999e+00,3.7825505577322254e+00,4.3934564859573424e+00,9.0404215849500855e-02,9.0959578415049902e-01,2.4618035059787283e-01,9.9162933739278269e-01
1.9275000000000000e+00,3.8139938703764864e+00,3.7152562499999999e+00,3.8139938703764873e+00,4.4305765170658304e+00,8.9331748362947064e-02,9.1066825163705301e-01,2.4343927346823652e-01,9.9173152231099881e-01
1.9349999999999998e+00,3.8456126622459608e+00,3.7442249999999992e+00,3.8456126622459639e+00,4.4678851017114738e+00,8.8265055891914371e-02,9.1173494410808564e-01,2.4070862309156438e-01,9.9183308488157240e-01
1.9424999999999999e+00,3.8774083731294726e+00,3.7733062499999996e+00,3.8774083731294766e+00,4.5053832998917311e+00,8.7204153436747964e-02,9.1279584656325197e-01,2.3798851044281852e-01,9.9193402497596361e-01
1.9500000000000000e+00,3.9093824763068952e+00,3.8024999999999998e+00,3.9093824763068952e+00,4.5430722018907659e+00,8.6149055916371162e-02,9.1385094408362888e-01,2.3527904606870267e-01,9.9203434246642008e-01
1.9575000000000000e+00,3.9415364794328123e+00,3.8318062500000001e+00,3.9415364794328127e+00,4.5809529291747744e+00,8.5099778168075513e-02,9.1490022183192443e-01,2.3258034008316941e-01,9.9213403722597771e-01
1.9649999999999999e+00,3.9738719254484809e+00,3.8612249999999992e+00,3.9738719254484813e+00,4.6190266353154268e+00,8.4056334947312072e-02,9.1594366505268787e-01,2.2989250216294543e-01,9.9223310912846008e-01
1.9724999999999999e+00,4.0063903935231355e+00,3.8907562499999995e+00,4.0063903935231426e+00,4.6572945069426961e+00,8.3018740927483861e-02,9.1698125907251626e-01,2.2721564154307347e-01,9.9233155804847950e-01
1.9800000000000000e+00,4.0390935000258175e+00,3.9203999999999999e+00,4.0390935000258175e+00,4.6957577647281106e+00,8.1987010699739737e-02,9.1801298930026032e-01,2.2454986701247398e-01,9.9242938386143642e-01
1.9874999999999998e+00,4.0719828995288800e+00,3.9501562499999991e+00,4.0719828995288818e+00,4.7344176643995191e+00,8.0961158772769007e-02,9.1903884122723101e-01,2.2189528690952307e-01,9.9252658644351999e-01
1.9949999999999999e+00,4.1050602858444556e+00,3.9800249999999995e+00,4.1050602858444574e+00,4.7732754977890011e+00,7.9941199572597502e-02,9.2005880042740251e-01,2.1925200911764967e-01,9.9262316567170861e-01
2.0024999999999999e+00,4.1383273930951514e+00,4.0100062500000000e+00,4.1383273930951514e+00,4.8123325939145190e+00,7.8927147442384618e-02,9.2107285255761528e-01,2.1662014106095151e-01,9.9271912142376872e-01
2.0099999999999998e+00,4.1717859968203568e+00,4.0400999999999989e+00,4.1717859968203559e+00,4.8515903200974506e+00,7.7919016642221811e-02,9.2208098335777811e-01,2.1399978969982925e-01,9.9281445357825659e-01
2.0175000000000001e+00,4.2054379151196084e+00,4.0703062500000007e+00,4.2054379151196084e+00,4.8910500831169301e+00,7.6916821348931713e-02,9.2308317865106815e-01,2.1139106152663908e-01,9.9290916201451751e-01
2.0249999999999999e+00,4.2392850098344432e+00,4.1006250000000000e+00,4.2392850098344468e+00,4.9307133304024884e+00,7.5920575655869280e-02,9.2407942434413071e-01,2.0879406256136560e-01,9.9300324661268613e-01
2.0324999999999998e+00,4.2733291877703987e+00,4.1310562499999994e+00,4.2733291877703952e+00,4.9705815512668501e+00,7.4930293572723072e-02,9.2506970642727682e-01,2.0620889834731226e-01,9.9309670725368626e-01
2.0400000000000000e+00,4.3075724019607113e+00,4.1616000000000000e+00,4.3075724019607140e+00,5.0106562781803348e+00,7.3945989025318501e-02,9.2605401097468143e-01,2.0363567394681251e-01,9.9318954381923230e-01
2.0474999999999999e+00,4.3420166529734940e+00,4.1922562499999998e+00,4.3420166529734914e+00,5.0509390880884038e+00,7.2967675855422215e-02,9.2703232414457770e-01,2.0107449393696031e-01,9.9328175619182779e-01
2.0549999999999997e+00,4.3766639902641522e+00,4.2230249999999989e+00,4.3766639902641540e+00,5.0914316037744953e+00,7.1995367820546899e-02,9.2800463217945306e-01,1.9852546240535945e-01,9.9337334425476642e-01
2.0625000000000000e+00,4.4115165135749725e+00,4.2539062500000000e+00,4.4115165135749699e+00,5.1321354952698002e+00,7.1029078593758233e-02,9.2897092140624160e-01,1.9598868294589344e-01,9.9346430789213214e-01
2.0699999999999998e+00,4.4465763743838087e+00,4.2848999999999995e+00,4.4465763743838060e+00,5.1730524813119203e+00,7.0068821763482725e-02,9.2993117823651728e-01,1.9346425865451622e-01,9.9355464698879892e-01
2.0775000000000001e+00,4.4818457774039997e+00,4.3160062500000009e+00,4.4818457774040095e+00,5.2141843308547742e+00,6.9114610833316048e-02,9.3088538916668406e-01,1.9095229212506087e-01,9.9364436143043156e-01
2.0850000000000000e+00,4.5173269821376651e+00,4.3472249999999999e+00,4.5173269821376714e+00,5.2555328646314798e+00,6.8166459221833800e-02,9.3183354077816616e-01,1.8845288544507180e-01,9.9373345110348521e-01
2.0924999999999998e+00,4.5530223044847009e+00,4.3785562499999990e+00,4.5530223044847027e+00,5.2970999567727866e+00,6.7224380262402364e-02,9.3277561973759748e-01,1.8596614019165436e-01,9.9382191589520552e-01
2.1000000000000001e+00,4.5889341184098438e+00,4.4100000000000001e+00,4.5889341184098384e+00,5.3388875364836235e+00,6.6288387202991517e-02,9.3371161279700843e-01,1.8349215742734756e-01,9.9390975569362972e-01
2.1074999999999999e+00,4.6250648576703552e+00,4.4415562499999997e+00,4.6250648576703561e+00,5.3808975897795754e+00,6.5358493205988355e-02,9.3464150679401170e-01,1.8103103769601694e-01,9.9399697038758517e-01
2.1149999999999998e+00,4.6614170176070209e+00,4.4732249999999993e+00,4.6614170176070200e+00,5.4231321612869259e+00,6.4434711348011792e-02,9.3556528865198818e-01,1.7858288101876754e-01,9.9408355986669084e-01
2.1225000000000001e+00,4.6979931570011848e+00,4.5050062500000001e+00,4.6979931570011875e+00,5.4655933561082595e+00,6.3517054619728952e-02,9.3648294538027110e-01,1.7614778688987986e-01,9.9416952402135716e-01
2.1299999999999999e+00,4.7347959000007940e+00,4.5368999999999993e+00,4.7347959000007922e+00,5.5082833417567478e+00,6.2605535925672584e-02,9.3739446407432736e-01,1.7372585427276635e-01,9.9425486274278541e-01
2.1374999999999997e+00,4.7718279381186024e+00,4.5689062499999986e+00,4.7718279381186015e+00,5.5512043501625747e+00,6.1700168084059197e-02,9.3829983191594069e-01,1.7131718159594878e-01,9.9433957592296895e-01
2.1450000000000000e+00,4.8090920323056867e+00,4.6010249999999999e+00,4.8090920323056885e+00,5.5943586797542650e+00,6.0800963826609135e-02,9.3919903617339073e-01,1.6892186674905840e-01,9.9442366345469291e-01
2.1524999999999999e+00,4.8465910151037805e+00,4.6332562499999996e+00,4.8465910151037832e+00,5.6377486976183295e+00,5.9907935798367534e-02,9.4009206420163249e-01,1.6654000707885838e-01,9.9450712523153373e-01
2.1600000000000001e+00,4.8843277928800264e+00,4.6656000000000004e+00,4.8843277928800237e+00,5.6813768417414643e+00,5.9021096557526229e-02,9.4097890344247381e-01,1.6417169938528617e-01,9.9458996114786014e-01
2.1675000000000000e+00,4.9223053481479129e+00,4.6980562499999996e+00,4.9223053481479155e+00,5.7252456233383224e+00,5.8140458575247536e-02,9.4185954142475248e-01,1.6181703991752094e-01,9.9467217109883321e-01
2.1749999999999998e+00,4.9605267419784767e+00,4.7306249999999990e+00,4.9605267419784767e+00,5.7693576292690825e+00,5.7266034235488504e-02,9.4273396576451141e-01,1.5947612437007097e-01,9.9475375498040530e-01
2.1825000000000001e+00,4.9989951165059514e+00,4.7633062500000003e+00,4.9989951165059523e+00,5.8137155245516965e+00,5.6397835834826958e-02,9.4360216416517306e-01,1.5714904787888481e-01,9.9483471268932266e-01
2.1899999999999999e+00,5.0377136975323236e+00,4.7961000000000000e+00,5.0377136975323253e+00,5.8583220549718185e+00,5.5535875582288709e-02,9.4446412441771121e-01,1.5483590501748543e-01,9.9491504412312270e-01
2.1974999999999998e+00,5.0766857972355712e+00,4.8290062499999991e+00,5.0766857972355623e+00,5.9031800497968323e+00,5.4680165599175531e-02,9.4531983440082434e-01,1.5253678979312593e-01,9.9499474918013620e-01
2.2050000000000001e+00,5.1159148169864919e+00,4.8620250000000000e+00,5.1159148169864945e+00,5.9482924245975575e+00,5.3830717918894933e-02,9.4616928208110507e-01,1.5025179564296942e-01,9.9507382775948638e-01
2.2124999999999999e+00,5.1554042502794211e+00,4.8951562499999994e+00,5.1554042502794211e+00,5.9936621841835631e+00,5.2987544486791001e-02,9.4701245551320890e-01,1.4798101543029202e-01,9.9515227976108922e-01
2.2199999999999998e+00,5.1951576857823900e+00,4.9283999999999990e+00,5.1951576857823838e+00,6.0392924256576990e+00,5.2150657159976195e-02,9.4784934284002365e-01,1.4572454144070818e-01,9.9523010508565413e-01
2.2275000000000000e+00,5.2351788105125951e+00,4.9617562500000005e+00,5.2351788105126023e+00,6.0851863415950316e+00,5.1320067707164713e-02,9.4867993229283532e-01,1.4348246537842035e-01,9.9530730363468334e-01
2.2349999999999999e+00,5.2754714131433937e+00,4.9952249999999996e+00,5.2754714131434000e+00,6.1313472233532345e+00,5.0495787808507109e-02,9.4950421219149295e-01,1.4125487836249270e-01,9.9538387531047245e-01
2.2424999999999997e+00,5.3160393874493987e+00,5.0288062499999988e+00,5.3160393874494094e+00,6.1777784645203706e+00,4.9677829055425865e-02,9.5032217094457416e-01,1.3904187092314710e-01,9.9545982001611055e-01
2.2500000000000000e+00,5.3568867358966807e+00,5.0625000000000000e+00,5.3568867358966799e+00,6.2244835645072509e+00,4.8866202950452402e-02,9.5113379704954748e-01,1.3684353299808427e-01,9.9553513765548018e-01
2.2574999999999998e+00,5.3980175733853635e+00,5.0963062499999996e+00,5.3980175733853653e+00,6.2714661322916960e+00,4.8060920907065548e-02,9.5193907909293451e-01,1.3465995392882912e-01,9.9560982813325749e-01
2.2650000000000001e+00,5.4394361311525463e+00,5.1302250000000003e+00,5.4394361311525437e+00,6.3187298903224232e+00,4.7261994249530662e-02,9.5273800575046930e-01,1.3249122245709899e-01,9.9568389135491187e-01
2.2725000000000000e+00,5.4811467608437363e+00,5.1642562500000002e+00,5.4811467608437283e+00,6.3662786785912591e+00,4.6469434212740801e-02,9.5353056578725914e-01,1.3033742672119802e-01,9.9575732722670762e-01
2.2799999999999998e+00,5.5231539387616664e+00,5.1983999999999995e+00,5.5231539387616646e+00,6.4141164588813755e+00,4.5683251942058377e-02,9.5431674805794153e-01,1.2819865425243457e-01,9.9583013565570222e-01
2.2875000000000001e+00,5.5654622703017802e+00,5.2326562500000007e+00,5.5654622703017758e+00,6.4622473192022163e+00,4.4903458493158563e-02,9.5509654150684131e-01,1.2607499197156394e-01,9.9590231654974759e-01
2.2949999999999999e+00,5.6080764945842940e+00,5.2670249999999994e+00,5.6080764945842958e+00,6.5106754784199907e+00,4.4130064831873976e-02,9.5586993516812591e-01,1.2396652618525646e-01,9.9597386981748981e-01
2.3024999999999998e+00,5.6510014892934191e+00,5.3015062499999992e+00,5.6510014892934262e+00,6.5594052910945777e+00,4.3363081834040189e-02,9.5663691816595986e-01,1.2187334258258922e-01,9.9604479536836932e-01
2.3100000000000001e+00,5.6942422757348705e+00,5.3361000000000001e+00,5.6942422757348616e+00,6.6084412525341278e+00,4.2602520285342928e-02,9.5739747971465705e-01,1.1979552623156374e-01,9.9611509311262081e-01
2.3174999999999999e+00,5.7378040241235837e+00,5.3708062499999993e+00,5.7378040241235837e+00,6.6577880040789701e+00,4.1848390881166528e-02,9.5815160911883346e-01,1.1773316157564950e-01,9.9618476296127356e-01
2.3249999999999997e+00,5.7816920591143450e+00,5.4056249999999988e+00,5.7816920591143468e+00,6.7074503386278721e+00,4.1100704226443255e-02,9.5889929577355681e-01,1.1568633243035109e-01,9.9625380482615233e-01
2.3325000000000000e+00,5.8259118655887425e+00,5.4405562500000002e+00,5.8259118655887434e+00,6.7574332064190905e+00,4.0359470835504327e-02,9.5964052916449560e-01,1.1365512197980239e-01,9.9632221861987547e-01
2.3399999999999999e+00,5.8704690947128855e+00,5.4755999999999991e+00,5.8704690947128899e+00,6.8077417210821309e+00,3.9624701131932186e-02,9.6037529886806783e-01,1.1163961277338630e-01,9.9639000425585678e-01
2.3474999999999997e+00,5.9153695702811451e+00,5.5107562499999982e+00,5.9153695702811540e+00,6.8583811659742153e+00,3.8896405448413621e-02,9.6110359455158645e-01,1.0963988672237915e-01,9.9645716164830533e-01
2.3550000000000000e+00,5.9606192953622745e+00,5.5460250000000002e+00,5.9606192953622763e+00,6.9093570008179341e+00,3.8174594026594642e-02,9.6182540597340538e-01,1.0765602509662207e-01,9.9652369071222502e-01
2.3624999999999998e+00,6.0062244592653293e+00,5.5814062499999988e+00,6.0062244592653293e+00,6.9606748686580353e+00,3.7459277016936576e-02,9.6254072298306337e-01,1.0568810852121864e-01,9.9658959136341485e-01
2.3700000000000001e+00,6.0521914448440031e+00,5.6169000000000002e+00,6.0521914448439986e+00,7.0123406031554154e+00,3.6750464478572976e-02,9.6324953552142700e-01,1.0373621697325738e-01,9.9665486351846933e-01
2.3774999999999999e+00,6.0985268361592464e+00,5.6525062500000001e+00,6.0985268361592517e+00,7.0643602362383362e+00,3.6048166379168578e-02,9.6395183362083137e-01,1.0180042977856228e-01,9.9671950709477841e-01
2.3849999999999998e+00,6.1452374265214598e+00,5.6882249999999992e+00,6.1452374265214580e+00,7.1167400061319874e+00,3.5352392594778792e-02,9.6464760740522115e-01,9.9880825608468241e-02,9.9678352201052778e-01
2.3925000000000001e+00,6.1923302269349794e+00,5.7240562500000003e+00,6.1923302269349918e+00,7.1694863657890586e+00,3.4663152909710941e-02,9.6533684709028911e-01,9.7977482476624175e-02,9.9684690818469845e-01
2.3999999999999999e+00,6.2398124749691881e+00,5.7599999999999998e+00,6.2398124749691952e+00,7.2226059917458123e+00,3.3980457016386821e-02,9.6601954298361326e-01,9.6090477735822771e-02,9.9690966553706717e-01
2.4074999999999998e+00,6.2876916440824138e+00,5.7960562499999986e+00,6.2876916440824182e+00,7.2761057934295756e+00,3.3304314515206150e-02,9.6669568548479390e-01,9.4219888074856289e-02,9.9697179398820679e-01
2.4150000000000000e+00,6.3359754534264576e+00,5.8322250000000002e+00,6.3359754534264621e+00,7.3299929229454364e+00,3.2634734914411670e-02,9.6736526508558840e-01,9.2365789515400060e-02,9.9703329345948599e-01
2.4224999999999999e+00,6.3846718781618508e+00,5.8685062499999994e+00,6.3846718781618605e+00,7.3842747853722059e+00,3.1971727629955551e-02,9.6802827237004452e-01,9.0528257408923396e-02,9.9709416387306959e-01
2.4299999999999997e+00,6.4337891603160031e+00,5.9048999999999987e+00,6.4337891603160049e+00,7.4389590495995925e+00,3.1315301985366771e-02,9.6868469801463331e-01,8.8707366433626506e-02,9.9715440515191822e-01
2.4375000000000000e+00,6.4833358202188274e+00,5.9414062500000000e+00,6.4833358202188229e+00,7.4940536597417449e+00,3.0665467211620105e-02,9.6933453278837978e-01,8.6903190591405971e-02,9.9721401721978919e-01
2.4449999999999998e+00,6.5333206685529914e+00,5.9780249999999988e+00,6.5333206685529923e+00,7.5495668471632129e+00,3.0022232447006417e-02,9.6997776755299359e-01,8.5115803204847532e-02,9.9727300000123620e-01
2.4525000000000001e+00,6.5837528190589341e+00,6.0147562500000005e+00,6.5837528190589296e+00,7.6055071431579577e+00,2.9385606737003921e-02,9.7061439326299603e-01,8.3345276914245467e-02,9.9733135342160883e-01
2.4600000000000000e+00,6.6346417019375528e+00,6.0515999999999996e+00,6.6346417019375572e+00,7.6618833923246292e+00,2.8755599034151237e-02,9.7124440096584885e-01,8.1591683674651305e-02,9.9738907740705351e-01
2.4674999999999998e+00,6.6859970779971398e+00,6.0885562499999990e+00,6.6859970779971434e+00,7.7187047666839135e+00,2.8132218197921270e-02,9.7186778180207878e-01,7.9855094752948844e-02,9.9744617188451368e-01
2.4750000000000001e+00,6.7378290535944982e+00,6.1256250000000003e+00,6.7378290535944956e+00,7.7759807805876875e+00,2.7515472994596724e-02,9.7248452700540322e-01,7.8135580724958104e-02,9.9750263678172890e-01
2.4824999999999999e+00,6.7901480964243506e+00,6.1628062500000000e+00,6.7901480964243550e+00,7.8337213064750202e+00,2.6905372097146919e-02,9.7309462790285306e-01,7.6433211472567458e-02,9.9755847202723591e-01
2.4899999999999998e+00,6.8429650522153951e+00,6.2000999999999991e+00,6.8429650522153995e+00,7.8919365915319908e+00,2.6301924085105646e-02,9.7369807591489432e-01,7.4748056180892794e-02,9.9761367755036812e-01
2.4975000000000001e+00,6.8962911623960546e+00,6.2375062500000000e+00,6.8962911623960537e+00,7.9506372753193268e+00,2.5705137444450597e-02,9.7429486255554931e-01,7.3080183335466412e-02,9.9766825328125619e-01
2.5049999999999999e+00,6.9501380827982429e+00,6.2750249999999994e+00,6.9501380827982455e+00,8.0098344084352142e+00,2.5115020567484131e-02,9.7488497943251595e-01,7.1429660719453822e-02,9.9772219915082760e-01
2.5124999999999997e+00,7.0045179034731042e+00,6.3126562499999990e+00,7.0045179034731007e+00,8.0695394722877900e+00,2.4531581752715071e-02,9.7546841824728481e-01,6.9796555410898367e-02,9.9777551509080720e-01
2.5200000000000000e+00,7.0594431696988442e+00,6.3504000000000005e+00,7.0594431696988345e+00,8.1297644000568532e+00,2.3954829204742106e-02,9.7604517079525777e-01,6.8180933779995664e-02,9.9782820103371683e-01
2.5274999999999999e+00,7.1149269042676746e+00,6.3882562499999995e+00,7.1149269042676728e+00,8.1905215989320013e+00,2.3384771034138510e-02,9.7661522896586139e-01,6.6582861486396375e-02,9.9788025691287607e-01
2.5349999999999997e+00,7.1709826311463294e+00,6.4262249999999987e+00,7.1709826311463303e+00,8.2518239737210806e+00,2.2821415257337864e-02,9.7717858474266206e-01,6.5002403476537254e-02,9.9793168266240151e-01
2.5425000000000000e+00,7.2276244006128927e+00,6.4643062499999999e+00,7.2276244006128909e+00,8.3136849519320748e+00,2.2264769796521477e-02,9.7773523020347852e-01,6.3439623981001975e-02,9.9798247821720765e-01
2.5499999999999998e+00,7.2848668159816032e+00,6.5024999999999995e+00,7.2848668159816050e+00,8.3761185104393405e+00,2.1714842479507029e-02,9.7828515752049305e-01,6.1894586511911015e-02,9.9803264351300613e-01
2.5575000000000001e+00,7.3427250620376139e+00,6.5408062500000002e+00,7.3427250620376139e+00,8.4391392038568043e+00,2.1171641039638284e-02,9.7882835896036169e-01,6.0367353860339999e-02,9.9808217848630687e-01
2.5649999999999999e+00,7.4012149353142505e+00,6.5792250000000001e+00,7.4012149353142469e+00,8.5027621947490104e+00,2.0635173115676614e-02,9.7936482688432325e-01,5.8857988093768368e-02,9.9813108307441667e-01
2.5724999999999998e+00,7.4603528763579803e+00,6.6177562499999993e+00,7.4603528763579821e+00,8.5670032858274823e+00,2.0105446251693318e-02,9.7989455374830670e-01,5.7366550553556363e-02,9.9817935721544115e-01
2.5800000000000001e+00,7.5201560041393556e+00,6.6564000000000005e+00,7.5201560041393609e+00,8.6318789542872842e+00,1.9582467896963659e-02,9.8041753210303639e-01,5.5893101852452436e-02,9.9822700084828320e-01
2.5874999999999999e+00,7.5806421527834669e+00,6.6951562499999993e+00,7.5806421527834722e+00,8.6974063884598074e+00,1.9066245405862194e-02,9.8093375459413790e-01,5.4437701872130033e-02,9.9827401391264370e-01
2.5949999999999998e+00,7.6418299108097409e+00,6.7340249999999990e+00,7.6418299108097472e+00,8.7636035269701793e+00,1.8556786037759173e-02,9.8144321396224088e-01,5.3000409760753625e-02,9.9832039634902181e-01
2.6025000000000000e+00,7.7037386630894442e+00,6.7730062499999999e+00,7.7037386630894318e+00,8.8304891006073163e+00,1.8054096956918529e-02,9.8194590304308138e-01,5.1581283930574977e-02,9.9836614809871482e-01
2.6099999999999999e+00,7.7663886357496530e+00,6.8120999999999992e+00,7.7663886357496423e+00,8.8980826771354060e+00,1.7558185232397234e-02,9.8244181476760273e-01,5.0180382055559629e-02,9.9841126910381828e-01
2.6174999999999997e+00,7.8298009442752949e+00,6.8513062499999986e+00,7.8298009442752914e+00,8.9664047092976951e+00,1.7069057837945722e-02,9.8293094216205423e-01,4.8797761069042454e-02,9.9845575930722563e-01
2.6250000000000000e+00,7.8939976450861060e+00,6.8906250000000000e+00,7.8939976450861131e+00,9.0354765862904571e+00,1.6586721651909879e-02,9.8341327834809023e-01,4.7433477161414092e-02,9.9849961865262926e-01
2.6324999999999998e+00,7.9590017908938968e+00,6.9300562499999989e+00,7.9590017908939004e+00,9.1053206890098082e+00,1.6111183457134432e-02,9.8388881654286564e-01,4.6087585777837628e-02,9.9854284708451968e-01
2.6399999999999997e+00,8.0248374901771893e+00,6.9695999999999980e+00,8.0248374901771840e+00,9.1759604494102547e+00,1.5642449940867383e-02,9.8435755005913250e-01,4.4760141615994717e-02,9.9858544454818565e-01
2.6475000000000000e+00,8.0915299711458974e+00,7.0092562500000000e+00,8.0915299711458850e+00,9.2474204143465784e+00,1.5180527694666046e-02,9.8481947230533384e-01,4.3451198623862985e-02,9.9862741098971497e-01
2.6549999999999998e+00,8.1591056506085078e+00,7.0490249999999985e+00,8.1591056506085025e+00,9.3197263143101807e+00,1.4725423214304459e-02,9.8527457678569541e-01,4.2160809997523724e-02,9.9866874635599379e-01
2.6625000000000001e+00,8.2275922081994324e+00,7.0889062500000009e+00,8.2275922081994359e+00,9.3929051375184898e+00,1.4277142899681820e-02,9.8572285710031815e-01,4.0889028178999427e-02,9.9870945059470706e-01
2.6699999999999999e+00,8.2970186664743579e+00,7.1288999999999998e+00,8.2970186664743615e+00,9.4669852098637541e+00,1.3835693054732714e-02,9.8616430694526735e-01,3.9635904854123147e-02,9.9874952365433844e-01
2.6774999999999998e+00,8.3674154774388345e+00,7.1690062499999989e+00,8.3674154774388434e+00,9.5419962812864156e+00,1.3401079887338293e-02,9.8659892011266181e-01,3.8401490950437496e-02,9.9878896548417051e-01
2.6850000000000001e+00,8.4388146161396733e+00,7.2092250000000000e+00,8.4388146161396804e+00,9.6179696192021993e+00,1.2973309509239030e-02,9.8702669049076108e-01,3.7185836635125029e-02,9.9882777603428508e-01
2.6924999999999999e+00,8.5112496820216599e+00,7.2495562499999995e+00,8.5112496820216528e+00,9.6949381096828731e+00,1.2552387935948869e-02,9.8744761206405107e-01,3.5988991312969745e-02,9.9886595525556177e-01
2.6999999999999997e+00,8.5847560088353152e+00,7.2899999999999983e+00,8.5847560088352992e+00,9.7729363671807263e+00,1.2138321086670475e-02,9.8786167891332943e-01,3.4811003624348733e-02,9.9890350309968057e-01
2.7075000000000000e+00,8.6593707839752625e+00,7.3305562499999999e+00,8.6593707839752518e+00,9.8520008536683186e+00,1.1731114784212064e-02,9.8826888521578782e-01,3.3651921443255718e-02,9.9894041951911972e-01
2.7149999999999999e+00,8.7351331782365964e+00,7.3712249999999990e+00,8.7351331782365840e+00,9.9321700081870432e+00,1.1330774754905607e-02,9.8866922524509426e-01,3.2511791875355592e-02,9.9897670446715714e-01
2.7224999999999997e+00,8.8120844870989412e+00,7.4120062499999984e+00,8.8120844870989430e+00,1.0013484387908203e+01,1.0937306628526138e-02,9.8906269337147379e-01,3.1390661256069527e-02,9.9901235789786968e-01
2.7300000000000000e+00,8.8902682847884993e+00,7.4528999999999996e+00,8.8902682847885046e+00,1.0095986821958906e+01,1.0550715938212683e-02,9.8944928406178745e-01,3.0288575148692258e-02,9.9904737976613323e-01
2.7374999999999998e+00,8.9697305925293023e+00,7.4939062499999993e+00,8.9697305925293023e+00,1.0179722579422805e+01,1.0171008120390500e-02,9.8982899187960949e-01,2.9205578342540429e-02,9.9908177002762355e-01
2.7450000000000001e+00,9.0505200625803237e+00,7.5350250000000010e+00,9.0505200625803219e+00,1.0264739553108132e+01,9.7981885146944704e-03,9.9020181148530551e-01,2.8141714851131917e-02,9.9911552863881514e-01
2.7524999999999999e+00,9.1326881798680741e+00,7.5762562500000001e+00,9.1326881798680617e+00,1.0351088460896417e+01,9.4322623638942032e-03,9.9056773763610562e-01,2.7097027910397635e-02,9.9914865555698229e-01
2.7599999999999998e+00,9.2162894832717548e+00,7.6175999999999986e+00,9.2162894832717548e+00,1.0438823066723529e+01,9.0732348138201410e-03,9.9092676518617984e-01,2.6071559976923925e-02,9.9918115074019909e-01
2.7675000000000001e+00,9.3013818089034768e+00,7.6590562500000008e+00,9.3013818089034785e+00,1.0528000423534600e+01,8.7211109132912662e-03,9.9127888908670880e-01,2.5065352726227310e-02,9.9921301414733865e-01
2.7749999999999999e+00,9.3880265580584901e+00,7.7006249999999996e+00,9.3880265580584847e+00,1.0618681140888384e+01,8.3758956140441727e-03,9.9162410438595583e-01,2.4078447051060999e-02,9.9924424573807369e-01
2.7824999999999998e+00,9.4762889928979916e+00,7.7423062499999986e+00,9.4762889928979988e+00,1.0710929680270461e+01,8.0375937706632945e-03,9.9196240622933674e-01,2.3110883059752507e-02,9.9927484547287704e-01
2.7900000000000000e+00,9.5662385633792795e+00,7.7841000000000005e+00,9.5662385633792724e+00,1.0804814681625583e+01,7.7062101405127080e-03,9.9229378985948724e-01,2.2162700074573962e-02,9.9930481331302046e-01
2.7974999999999999e+00,9.6579492694791647e+00,7.8260062499999989e+00,9.6579492694791682e+00,1.0900409325159227e+01,7.3817493836692951e-03,9.9261825061633069e-01,2.1233936630144095e-02,9.9933414922057628e-01
2.8049999999999997e+00,9.7515000633814086e+00,7.8680249999999985e+00,9.7515000633813713e+00,1.0997791733068169e+01,7.0642160628570762e-03,9.9293578393714277e-01,2.0324630471861879e-02,9.9936285315841611e-01
2.8125000000000000e+00,9.8469752970351987e+00,7.9101562500000000e+00,9.8469752970352111e+00,1.1097045416612566e+01,6.7536146433831278e-03,9.9324638535661691e-01,1.9434818554372700e-02,9.9939092509021177e-01
2.8199999999999998e+00,9.9444652213659133e+00,7.9523999999999990e+00,9.9444652213659168e+00,1.1198259774800849e+01,6.4499494930748301e-03,9.9355005050692524e-01,1.8564537040066647e-02,9.9941836498043446e-01
2.8274999999999997e+00,1.0044066544456577e+01,7.9947562499999982e+00,1.0044066544456584e+01,1.1301530652008402e+01,6.1532248822183354e-03,9.9384677511778163e-01,1.7713821297608547e-02,9.9944517279435563e-01
2.8350000000000000e+00,1.0145883057258192e+01,8.0372249999999994e+00,1.0145883057258185e+01,1.1406960963079115e+01,5.8634449834985766e-03,9.9413655501650144e-01,1.6882705900500727e-02,9.9947134849804631e-01
2.8424999999999998e+00,1.0250026336870571e+01,8.0798062499999990e+00,1.0250026336870569e+01,1.1514661395953695e+01,5.5806138719406394e-03,9.9441938612805936e-01,1.6071224625678077e-02,9.9949689205837866e-01
2.8500000000000001e+00,1.0356616539223097e+01,8.1225000000000005e+00,1.0356616539223097e+01,1.1624751203637736e+01,5.3047355248523349e-03,9.9469526447514767e-01,1.5279410452135010e-02,9.9952180344302355e-01
2.8574999999999999e+00,1.0465783295141902e+01,8.1653062500000004e+00,1.0465783295141911e+01,1.1737359099506300e+01,5.0358138217684052e-03,9.9496418617823157e-01,1.4507295559585522e-02,9.9954608262045241e-01
2.8649999999999998e+00,1.0577666726412886e+01,8.2082249999999988e+00,1.0577666726412861e+01,1.1852624272536858e+01,4.7738525443958516e-03,9.9522614745560412e-01,1.3754911327155101e-02,9.9956972955993728e-01
2.8725000000000001e+00,1.0692418601646553e+01,8.2512562500000008e+00,1.0692418601646580e+01,1.1970697542271683e+01,4.5188553765608055e-03,9.9548114462343928e-01,1.3022288332105589e-02,9.9959274423155009e-01
2.8799999999999999e+00,1.0810203655673739e+01,8.2943999999999996e+00,1.0810203655673732e+01,1.2091742677231956e+01,4.2708259041567683e-03,9.9572917409584316e-01,1.2309456348592651e-02,9.9961512660616236e-01
2.8874999999999997e+00,1.0931201101034631e+01,8.3376562499999984e+00,1.0931201101034638e+01,1.2215937905342717e+01,4.0297676150940921e-03,9.9597023238490590e-01,1.1616444346455453e-02,9.9963687665544687e-01
2.8950000000000000e+00,1.1055606366119418e+01,8.3810249999999993e+00,1.1055606366119431e+01,1.2343477650903072e+01,3.7956838992509808e-03,9.9620431610074900e-01,1.0943280490039474e-02,9.9965799435187608e-01
2.9024999999999999e+00,1.1183633101994690e+01,8.4245062499999985e+00,1.1183633101994705e+01,1.2474574540136810e+01,3.5685780484258590e-03,9.9643142195157419e-01,1.0289992137051991e-02,9.9967847966872270e-01
2.9099999999999997e+00,1.1315515509334491e+01,8.4680999999999980e+00,1.1315515509334482e+01,1.2609461726724501e+01,3.3484532562909970e-03,9.9665154674370893e-01,9.6566058374500194e-03,9.9969833258006036e-01
2.9175000000000000e+00,1.1451511048732783e+01,8.5118062499999994e+00,1.1451511048732776e+01,1.2748395600571641e+01,3.1353126183476438e-03,9.9686468738165235e-01,9.0431473323614280e-03,9.9971755306076249e-01
2.9249999999999998e+00,1.1591903612763069e+01,8.5556249999999991e+00,1.1591903612763065e+01,1.2891658958171838e+01,2.9291591318825346e-03,9.9707084086811748e-01,8.4496415530389089e-03,9.9973614108650333e-01
2.9325000000000001e+00,1.1737007257498785e+01,8.5995562500000009e+00,1.1737007257498757e+01,1.3039564732244486e+01,2.7299956959256494e-03,9.9727000430407431e-01,7.8761126198465155e-03,9.9975409663375714e-01
2.9399999999999999e+00,1.1887170616213091e+01,8.6435999999999993e+00,1.1887170616213108e+01,1.3192460403352296e+01,2.5378251112095494e-03,9.9746217488879052e-01,7.3225838412796819e-03,9.9977141967979921e-01
2.9474999999999998e+00,1.2042782150574029e+01,8.6877562499999996e+00,1.2042782150574105e+01,1.3350733248770855e+01,2.3526500801299018e-03,9.9764734991987025e-01,6.7890777130176962e-03,9.9978811020270497e-01
2.9550000000000001e+00,1.2204276437534679e+01,8.7320250000000001e+00,1.2204276437534670e+01,1.3514816626785446e+01,2.1744732067075206e-03,9.9782552679329239e-01,6.2756159170095985e-03,9.9980416818135043e-01
2.9624999999999999e+00,1.2372141747089858e+01,8.7764062499999991e+00,1.2372141747089856e+01,1.3685197551537421e+01,2.0032969965517720e-03,9.9799670300344823e-01,5.7822193205930763e-03,9.9981959359541217e-01
2.9699999999999998e+00,1.2546929242563259e+01,8.8208999999999982e+00,1.2546929242563323e+01,1.3862425890034309e+01,1.8391238568252807e-03,9.9816087614317484e-01,5.3089079756462425e-03,9.9983438642536759e-01
2.9775000000000000e+00,1.2729264238961935e+01,8.8655062500000010e+00,1.2729264238962031e+01,1.4047125616792037e+01,1.6819560962101081e-03,9.9831804390378998e-01,4.8557011177728007e-03,9.9984854665249445e-01
2.9849999999999999e+00,1.2919860097733466e+01,8.9102249999999987e+00,1.2919860097733448e+01,1.4240008704375185e+01,1.5317959248753179e-03,9.9846820407512460e-01,4.4226171655203875e-03,9.9986207425887119e-01
2.9924999999999997e+00,1.3119535535206222e+01,8.9550562499999984e+00,1.3119535535206218e+01,1.4441892427012313e+01,1.3886454544458351e-03,9.9861135454555416e-01,4.0096737196318620e-03,9.9987496922737673e-01
3.0000000000000000e+00,1.3329236403208277e+01,9.0000000000000000e+00,1.3329236403208327e+01,1.4653721135672296e+01,1.2525066979727822e-03,9.9874749330202728e-01,3.6168875623300923e-03,9.9988723154169112e-01
