comparator,galaxy,delta_galaxy_loss,mean_contribution,variance_share,mean_without,reverses_direction
scalar_core,CamB,4.902744876744691e-11,3.742553341026482e-13,0.0011813674383105062,-5.213410569006412,False
scalar_core,D631-7,-1.9138169937704674e-08,-1.4609290028782194e-10,0.0011813674295479148,-5.213410568858818,False
scalar_core,DDO064,-0.0654238581898327,-0.0004994187648078832,0.0011516779667874641,-5.21290730855842,False
scalar_core,DDO154,0.38924286272852804,0.002971319562813191,0.0013658176668317468,-5.216404744873178,False
scalar_core,DDO161,0.24184788413668734,0.0018461670544785292,0.0012943983790248107,-5.215270937345547,False
scalar_core,DDO168,9.647589038763726e-08,7.364571785315822e-10,0.0011813674823476406,-5.213410569748158,False
scalar_core,DDO170,-29.79165621193741,-0.22741722299188863,0.026748785441533914,-4.984243982760363,False
scalar_core,ESO079-G014,3.2502778957166356e-07,2.4811281646691874e-09,0.0011813675867248926,-5.213410571506249,False
scalar_core,ESO116-G012,-0.00853138283131294,-6.51250597810148e-05,0.0011774744579481143,-5.213344942984256,False
scalar_core,ESO563-G021,-21.1693911453451,-0.16159840568965725,0.01129295874483066,-5.050569098657227,False
scalar_core,F568-3,-2.950962381120803e-07,-2.2526430390235138e-09,0.0011813673035207723,-5.213410566736064,False
scalar_core,F568-V1,-1.5085251409126044,-0.011515459090935912,0.000592878819166079,-5.201806529460553,False
scalar_core,F571-8,8.628428727064374e-08,6.586586814552958e-10,0.0011813674776932424,-5.213410569669761,False
scalar_core,F574-1,-2.1322458094290937,-0.01627668556816102,0.0004082581797016008,-5.1970086781642735,False
scalar_core,F583-1,1.0664899185997001e-08,8.141144416791604e-11,0.001181367443158663,-5.213410569088072,False
scalar_core,F583-4,-3.401143889655395,-0.025962930455384694,0.00013866110058806725,-5.187247923700994,False
scalar_core,IC2574,0.5627903796512441,0.004296109768330108,0.0014523673427037052,-5.217739725772583,False
scalar_core,IC4202,-9.929337620844315,-0.07579647038812454,0.0009982293294177194,-5.137031048845694,False
scalar_core,KK98-251,-4.8546056063969445e-11,-3.7058058064098813e-13,0.0011813674382659452,-5.213410569005662,False
scalar_core,NGC0024,-81.64143102980594,-0.6232170307618774,0.2580800396667773,-4.585399561084451,False
scalar_core,NGC0055,-5.760366905693814e-10,-4.397226645567797e-12,0.001181367438025046,-5.213410569001604,False
scalar_core,NGC0100,0.014476240100567805,0.000110505649622655,0.0011879878341416702,-5.213521924699116,False
scalar_core,NGC0247,0.04297108170831809,0.0003280235244909778,0.0012010733777328031,-5.213741115788406,False
scalar_core,NGC0289,-0.041428115098655516,-0.00031624515342485127,0.0011625234047850281,-5.213091891197584,False
scalar_core,NGC0300,-0.3249151184211261,-0.002480268079550581,0.0010376415956258212,-5.210911221941257,False
scalar_core,NGC0801,-14.195402905356463,-0.10836185423936232,0.003592381021268477,-5.104215162041754,False
scalar_core,NGC0891,2.1615429446342205e-09,1.650032782163527e-11,0.0011813674392752696,-5.213410569022662,False
scalar_core,NGC1003,3.417078083951509,0.026084565526347397,0.0032572664528759255,-5.239695785036432,False
scalar_core,NGC1090,0.8209860684841269,0.006267069225069671,0.0015860518805290956,-5.219725846455913,False
scalar_core,NGC2403,-5.933408147029695e-07,-4.529319196205874e-09,0.0011813671673156234,-5.213410564441875,False
scalar_core,NGC2683,-2.1819810442202336,-0.01665634384900942,0.0003950149308056472,-5.19662609943511,False
scalar_core,NGC2841,-0.3684237790265996,-0.0028123952597450355,0.0010191030779534752,-5.2105765399366,False
scalar_core,NGC2903,-13.542577049064027,-0.10337845075621395,0.0030912944574618003,-5.1092368993978505,False
scalar_core,NGC2915,-8.63222826552601e-09,-6.589487225592374e-11,0.0011813674343458679,-5.213410568939633,False
scalar_core,NGC2955,3.0717000569779884e-06,2.3448092037999912e-08,0.0011813688411016331,-5.213410592634497,False
scalar_core,NGC2976,-3.119275948648692e-10,-2.3811266783577802e-12,0.001181367438145662,-5.213410569003635,False
scalar_core,NGC2998,-4.825283408393943e-07,-3.683422449155682e-09,0.0011813672179225093,-5.213410565294279,False
scalar_core,NGC3109,0.19390991535705693,0.0014802283615042513,0.0012715836323167445,-5.214902183739551,False
scalar_core,NGC3198,-0.8662227896498962,-0.006612387707251116,0.0008188900035064098,-5.2067473167779585,False
scalar_core,NGC3521,5.17559328727657e-11,3.9508345704401296e-13,0.0011813674383117521,-5.213410569006433,False
scalar_core,NGC3726,0.15444351022786496,0.0011789580933424806,0.0012529529415358641,-5.2145985960077885,False
scalar_core,NGC3741,2.6757216402461825,0.02042535603241361,0.002719335400321545,-5.2339930431617745,False
scalar_core,NGC3769,-2.2699242794798877,-0.017327666255571663,0.00037213224598716565,-5.195949613010035,False
scalar_core,NGC3877,-0.42081077864861394,-0.003212296020218427,0.0009970033341422195,-5.21017356301643,False
scalar_core,NGC3893,-0.5547630320538797,-0.004234832305754807,0.0009415965092717598,-5.209143161067159,False
scalar_core,NGC3917,-3.1626794633056265,-0.024142591322943715,0.00017848128947008237,-5.189082265442146,False
scalar_core,NGC3953,-0.8075091543201349,-0.006164192017710954,0.0008413665787007028,-5.207198960126649,False
scalar_core,NGC3972,-7.247393723570772,-0.05532361621046391,0.00018981147610566568,-5.157661386517029,False
scalar_core,NGC3992,0.2759391607508423,0.0021064058072583383,0.0013107466032957497,-5.215533177934887,False
scalar_core,NGC4010,-0.16426401759664344,-0.0012539237984476599,0.0011075407076919,-5.212146999639907,False
scalar_core,NGC4013,0.08898893651413486,0.0006793048588865256,0.0012223572670127549,-5.214095099286913,False
scalar_core,NGC4088,0.14620171913827118,0.0011160436575440547,0.0012490796386140587,-5.214535197614791,False
scalar_core,NGC4100,-0.11011587849078658,-0.0008405792251205082,0.0011316138513947015,-5.2125635237868755,False
scalar_core,NGC4157,0.012256839989790297,9.356366404420074e-05,0.001186971638784657,-5.213504852390572,False
scalar_core,NGC4183,-6.372376204400361,-0.04864409316336153,6.34254332272364e-05,-5.164392290510648,False
scalar_core,NGC4217,8.03568322993442e-12,6.134109335827802e-14,0.0011813674382917855,-5.213410569006097,False
scalar_core,NGC4559,-0.01750684257168389,-0.00013364001963117473,0.0011733857748113285,-5.213275900986252,False
scalar_core,NGC5005,-0.055778038085471826,-0.0004257865502707773,0.0011560315118396087,-5.212981507174608,False
scalar_core,NGC5033,-6.423260921292275,-0.04903252611673493,6.892424104729464e-05,-5.164000869611479,False
scalar_core,NGC5055,-1.2746313047416606,-0.009730009959860005,0.0006709644961375648,-5.2036057128157145,False
scalar_core,NGC5371,-16.66074321374211,-0.12718124590642832,0.005823982672316893,-5.0852510058234035,False
scalar_core,NGC5585,6.019181261751605e-08,4.594794856298935e-10,0.0011813674657770836,-5.213410569469049,False
scalar_core,NGC5907,-1.2945712946077492e-08,-9.882223622959918e-11,0.001181367432375945,-5.213410568906452,False
scalar_core,NGC5985,-8.76774131798458,-0.06692932303805023,0.0005701433360896053,-5.145966405021539,False
scalar_core,NGC6015,-4.082124860360636e-09,-3.1161258476035393e-11,0.0011813674364238524,-5.213410568974634,False
scalar_core,NGC6195,-8.964750001831533,-0.0684332061208514,0.0006343601027790244,-5.144450953607332,False
scalar_core,NGC6503,-9.250849670530593,-0.07061717305748545,0.0007337172923761901,-5.142250186925031,False
scalar_core,NGC6674,0.16530575980354567,0.0012618760290346999,0.0012580669110697597,-5.214682151773755,False
scalar_core,NGC6946,8.317916434671252e-05,6.349554530283399e-07,0.0011814054256427734,-5.213411208845761,False
scalar_core,NGC7331,-0.1588670190992474,-0.0012127253366354762,0.001109928488973596,-5.212188515012964,False
scalar_core,NGC7793,0.0,0.0,0.0011813674382881159,-5.213410569006035,False
scalar_core,NGC7814,-11.787614656225394,-0.08998179126889613,0.0019307478258861934,-5.1227366101119935,False
scalar_core,UGC00128,0.42703246948967344,0.003259789843432622,0.0013844372463990102,-5.216695434155955,False
scalar_core,UGC00191,-23.902235559435667,-0.1824598134308066,0.015481344556832484,-5.029547218548838,False
scalar_core,UGC00731,-3.8299173417829913,-0.029236010242618255,7.968915191218405e-05,-5.183949666376935,False
scalar_core,UGC01281,-23.852210637192243,-0.18207794379536063,0.0153987523875942,-5.029932025643018,False
scalar_core,UGC02259,-15.863340147665355,-0.12109419960049889,0.005043479073065539,-5.091384875562455,False
scalar_core,UGC02487,-6.431335616337293,-0.04909416501020834,6.981783760508905e-05,-5.163938756572671,False
scalar_core,UGC02885,-0.2154788542953865,-0.0016448767503464618,0.001085009816218876,-5.211753039357609,False
scalar_core,UGC02916,0.0007838895435329785,5.983889645289912e-06,0.0011817254595169642,-5.2134165989256,False
scalar_core,UGC02953,-0.0351301125536736,-0.0002681687981196458,0.001165378355305275,-5.213140337371007,False
scalar_core,UGC03205,-42.20157091397252,-0.32214939628986655,0.06051409422161007,-4.888783100437015,False
scalar_core,UGC03546,-0.9088500888010951,-0.006937786937412939,0.0008027622150328885,-5.206419414476796,False
scalar_core,UGC03580,-9.156245043433842,-0.06989500033155605,0.0007000632440154765,-5.142977914825774,False
scalar_core,UGC04278,-0.5111208962330469,-0.003901686230786618,0.0009594743001736358,-5.209478869804243,False
scalar_core,UGC04325,-4.499423412679645,-0.03434674360824157,2.0061426282614906e-05,-5.17879961967773,False
scalar_core,UGC04483,2.7359523535608332e-09,2.0885132469930023e-11,0.0011813674395375962,-5.213410569027081,False
scalar_core,UGC04499,-2.3976952254913373,-0.01830301698848349,0.0003401029445110454,-5.194966759579178,False
scalar_core,UGC05005,0.0748439750799218,0.0005713280540452046,0.0012157951297623914,-5.213986291891265,False
scalar_core,UGC05253,-75.938984576999,-0.5796869051679313,0.22102357699199995,-4.6292645337983505,False
scalar_core,UGC05716,0.1131339968188132,0.0008636182963268184,0.0012335994596673788,-5.214280830520026,False
scalar_core,UGC05721,-1.5477854767987838,-0.011815156311441097,0.0005802450435229689,-5.201504526876813,False
scalar_core,UGC05750,-1.6810952629953135e-10,-1.2832788267139797e-12,0.0011813674382113422,-5.213410569004742,False
scalar_core,UGC05764,0.49766000724716053,0.00379893135303176,0.0014195745939048635,-5.217238722907936,False
scalar_core,UGC05829,-2.526047673468253,-0.01928280666769659,0.0003093788168413079,-5.193979433056279,False
scalar_core,UGC05918,-1.025804544863205,-0.007830569044757289,0.0007593369359889288,-5.20551976481478,False
scalar_core,UGC05986,-0.13242985460767534,-0.0010109149206692775,0.0011216621665629816,-5.212391877816745,False
scalar_core,UGC06399,-0.8511285726268771,-0.006497164676541047,0.000824639266274631,-5.206863426139675,False
scalar_core,UGC06446,-2.0233630790253083,-0.015445519687216094,0.0004380131963584215,-5.197846237628917,False
scalar_core,UGC06614,0.01684990323961988,0.0001286252155696174,0.0011890751430082517,-5.21354018364634,False
scalar_core,UGC06667,-1.2532913051315027,-0.00956710919947712,0.0006783292724114401,-5.203769866658869,False
scalar_core,UGC06786,1.1020083584220934,0.00841227754520682,0.0017382433107311617,-5.221887556378512,False
scalar_core,UGC06787,4.498161501942377e-06,3.4337110701850203e-08,0.0011813694925520448,-5.213410603607278,False
scalar_core,UGC06818,0.0,0.0,0.0011813674382881159,-5.213410569006035,False
scalar_core,UGC06917,-1.7018684111324354,-0.012991361917041491,0.0005319768053024321,-5.2003192735357855,False
scalar_core,UGC06930,-2.216620560353037,-0.016920767636282728,0.0003859202916844238,-5.196359641618704,False
scalar_core,UGC06983,-0.7768850309583081,-0.005930420083651207,0.0008532107648007214,-5.207434530306356,False
scalar_core,UGC07089,0.07869811286239514,0.0006007489531480545,0.00121758139264989,-5.214015939104977,False
scalar_core,UGC07125,-0.4863479299805302,-0.0037125796181719864,0.0009696972309519646,-5.209669431083108,False
scalar_core,UGC07151,-3.983838259786604,-0.03041097908234049,6.247797011900808e-05,-5.182765659315369,False
scalar_core,UGC07323,-0.04431914844825066,-0.0003383141102919898,0.0011612140416058703,-5.2130696524795095,False
scalar_core,UGC07399,-7.501380398841937,-0.057262445792686543,0.00023915308511688742,-5.155707642861097,False
scalar_core,UGC07524,-0.8083224310645005,-0.006170400237133592,0.0008410531642322804,-5.2071927041516926,False
scalar_core,UGC07577,-0.6201449302341104,-0.0047339307651458815,0.0009151277424446149,-5.20864022338885,False
scalar_core,UGC07603,-0.04364684182508505,-0.00033318199866477137,0.0011615184667351853,-5.213074824068919,False
scalar_core,UGC08286,-37.444204081571876,-0.2858336189432968,0.04596326304778978,-4.92537822991702,False
scalar_core,UGC08490,-0.10691393522037318,-0.0008161369100791846,0.0011330454740510639,-5.212588154119724,False
scalar_core,UGC08550,0.57143469513831,0.0043620969094527486,0.0014567478504855908,-5.217806220507099,False
scalar_core,UGC08699,-5.984418294247007e-09,-4.5682582398832113e-11,0.0011813674355550948,-5.213410568960001,False
scalar_core,UGC08837,-3.30641070078741e-12,-2.5239776341888625e-14,0.0011813674382866056,-5.21341056900601,False
scalar_core,UGC09037,-0.01414017314609528,-0.00010794025302362809,0.001174918594803822,-5.213301798443373,False
scalar_core,UGC09133,-39.525072323005475,-0.30171810933591964,0.05208196919502821,-4.909371551136762,False
scalar_core,UGC11455,-35.33596652693337,-0.2697402024956746,0.04015387504741252,-4.941595441875778,False
scalar_core,UGC11557,-1.7764989479474025e-10,-1.3561060671354217e-12,0.001181367438206985,-5.213410569004668,False
scalar_core,UGC11820,-57.782837542861515,-0.441090362922607,0.12215769200454991,-4.768927203291716,False
scalar_core,UGC11914,-1.995718664115394,-0.01523449361920148,0.0004457343265367715,-5.198058886974378,False
scalar_core,UGC12506,-0.8181954921062533,-0.0062457671153149106,0.0008372530149987297,-5.207116757528294,False
scalar_core,UGC12632,-3.2466222824679094,-0.02478337620204511,0.00016389153257896058,-5.188436551448589,False
scalar_core,UGC12732,-3.2908143327295956,-0.025120720097172484,0.0001564606180042423,-5.188096612600423,False
scalar_core,UGCA442,-6.055839758985055,-0.04622778441973324,3.4352389095223e-05,-5.166827186244611,False
scalar_core,UGCA444,-1.2847649741363718,-0.009807366214781465,0.0006674812812639693,-5.203527761512678,False
compact_plummer,CamB,-3.552713678800501e-15,-2.7119951746568708e-17,0.0010388780879261135,-5.055189896267118,False
compact_plummer,D631-7,0.0,0.0,0.001038878087926115,-5.055189896267118,False
compact_plummer,DDO064,0.06022606550753806,0.00045974095807280966,0.0010639720177652195,-5.055653173694099,False
compact_plummer,DDO154,0.20097304534991345,0.0015341453843504844,0.0011237836516347862,-5.056735842769809,False
compact_plummer,DDO161,-0.29826039917403335,-0.0022767969402597964,0.0009190180421439436,-5.05289558550424,False
compact_plummer,DDO168,9.773857101436079e-08,7.460959619416854e-10,0.001038878128407097,-5.055189897018953,False
compact_plummer,DDO170,-31.77638628824656,-0.24256783426142411,0.029560432516344163,-4.810756155588297,False
compact_plummer,ESO079-G014,3.918968261018563e-09,2.99157882520501e-11,0.001038878089549258,-5.055189896297264,False
compact_plummer,ESO116-G012,-0.17388552160364834,-0.0013273703939209796,0.0009681070240612819,-5.053852315331705,False
compact_plummer,ESO563-G021,-21.169388986163764,-0.16159838920735697,0.01077061564185229,-4.892348442527396,False
compact_plummer,F568-3,0.0,0.0,0.001038878087926115,-5.055189896267118,False
compact_plummer,F568-V1,-1.6323777391373424,-0.012460898772040782,0.0004727847389097822,-5.042633144427599,False
compact_plummer,F571-8,8.376465743253902e-09,6.394248658972445e-11,0.001038878091395447,-5.055189896331552,False
compact_plummer,F574-1,-2.4226526773217536,-0.018493531887952316,0.00027775894243276845,-5.036554106441566,False
compact_plummer,F583-1,1.0653869342291955e-08,8.132724688772485e-11,0.0010388780923386934,-5.05518989634907,False
compact_plummer,F583-4,-3.7927204872437823,-0.028952064788120475,6.183342780830335e-05,-5.026015123288319,False
compact_plummer,IC2574,0.2673222485098681,0.002040627851220367,0.0011525465358066234,-5.057246221255656,False
compact_plummer,IC4202,-9.929336863266016,-0.07579646460508409,0.0009963052377467984,-4.978810381934302,False
compact_plummer,KK98-251,0.0,0.0,0.001038878087926115,-5.055189896267118,False
compact_plummer,NGC0024,-80.97175653335114,-0.6181050117049706,0.23815518591144452,-4.432330230625955,False
compact_plummer,NGC0055,0.0,0.0,0.001038878087926115,-5.055189896267118,False
compact_plummer,NGC0100,-0.02371602065953171,-0.00018103832564528023,0.0010290786968410112,-5.055007465338967,False
compact_plummer,NGC0247,-0.38364811932588494,-0.0029286115979075184,0.0008860561147905486,-5.052238756887688,False
compact_plummer,NGC0289,0.04333780832534029,0.0003308229643155747,0.0010569051047628769,-5.055523264023466,False
compact_plummer,NGC0300,-2.0764102555494084,-0.015850459966026017,0.0003568588208551722,-5.039217509685969,False
compact_plummer,NGC0801,-18.231085089510717,-0.13916858846954747,0.007208517735452252,-4.914950780193958,False
compact_plummer,NGC0891,0.0,0.0,0.001038878087926115,-5.055189896267118,False
compact_plummer,NGC1003,3.417080059492534,0.026084580606813235,0.0029361607944870366,-5.081475127493983,False
compact_plummer,NGC1090,0.5780955970319007,0.004412943488793135,0.0012921072119716072,-5.059636785475055,False
compact_plummer,NGC2403,-1.118299315415868,-0.008536635995540977,0.000627330408745152,-5.046587593840842,False
compact_plummer,NGC2683,-2.4420395280084795,-0.018641523114568546,0.00027362258484664854,-5.036404976820898,False
compact_plummer,NGC2841,-0.605513668262688,-0.004622241742463267,0.0008032241721429612,-5.050532098818943,False
compact_plummer,NGC2903,-16.03307321355595,-0.12238987185920573,0.005009918232667084,-4.931858563855149,False
compact_plummer,NGC2915,0.0,0.0,0.001038878087926115,-5.055189896267118,False
compact_plummer,NGC2955,-1.758593271006248e-13,-1.3424376114551512e-15,0.0010388780879260423,-5.055189896267116,False
compact_plummer,NGC2976,3.8838426918985647e-10,2.9647654136630263e-12,0.0010388780880869746,-5.055189896270105,False
compact_plummer,NGC2998,2.149990407929181e-09,1.6412140518543366e-11,0.0010388780888165897,-5.055189896283657,False
compact_plummer,NGC3109,-0.09896662373705678,-0.0007554704102065403,0.0009982927940766684,-5.0544286145460635,False
compact_plummer,NGC3198,-3.317404201094064,-0.025323696191557738,0.00011918804962849744,-5.029671402412548,False
compact_plummer,NGC3521,0.0,0.0,0.001038878087926115,-5.055189896267118,False
compact_plummer,NGC3726,0.15444418189208475,0.0011789632205502652,0.0011038298445744065,-5.056377928435519,False
compact_plummer,NGC3741,1.7992223787410069,0.013734521975122189,0.001917706483980985,-5.069030068411279,False
compact_plummer,NGC3769,-2.26992427792883,-0.017327666243731527,0.0003114300465262807,-5.03772894028305,False
compact_plummer,NGC3877,-0.420810282460387,-0.003212292232522038,0.000871898533697567,-5.051952894094345,False
compact_plummer,NGC3893,-0.5849599371270413,-0.004465343031504132,0.0008107269562171567,-5.050690204443064,False
compact_plummer,NGC3917,-3.2327673751208037,-0.024677613550540486,0.00013135725094425718,-5.030322454920034,False
compact_plummer,NGC3953,-0.7923901228979782,-0.006048779564106704,0.0007366083463037702,-5.049094587629441,False
compact_plummer,NGC3972,-8.199778399517326,-0.06259372824059027,0.0004182801953941187,-4.992114677809292,False
compact_plummer,NGC3992,-0.0933862926075546,-0.0007128724626530885,0.001000559723691475,-5.054471540170137,False
compact_plummer,NGC4010,1.3411068148735446,0.010237456602088127,0.0016685783629048832,-5.065506102535376,False
compact_plummer,NGC4013,0.041300053103347056,0.0003152675809415806,0.0010560539955115382,-5.055507588983297,False
compact_plummer,NGC4088,0.005328284217818391,4.0673925326857945e-05,0.0010410861079673582,-5.055230883068793,False
compact_plummer,NGC4100,0.13629757463089975,0.0010404395009992347,0.0010960961580295694,-5.056238339148894,False
compact_plummer,NGC4157,0.012256839986476031,9.3563664018901e-05,0.0010439607798861587,-5.055284179651629,False
compact_plummer,NGC4183,-7.678176039652314,-0.058612030837040564,0.00029243076821120883,-4.996127003654408,False
compact_plummer,NGC4217,0.0,0.0,0.001038878087926115,-5.055189896267118,False
compact_plummer,NGC4559,0.02598702485846993,0.00019837423556083917,0.0010496691707517823,-5.055389796458337,False
compact_plummer,NGC5005,-0.010778140433677641,-8.227588117311177e-05,0.001034418835078499,-5.055106987494551,False
compact_plummer,NGC5033,-7.36826922170264,-0.05624632993666137,0.0002282957100966042,-4.99851090225402,False
compact_plummer,NGC5055,-1.5904052940706492,-0.012140498428020223,0.00048458478164547375,-5.042956009389652,False
compact_plummer,NGC5371,-15.634746927534934,-0.11934921318728957,0.004654177382226525,-4.9349226122091565,False
compact_plummer,NGC5585,0.0,0.0,0.001038878087926115,-5.055189896267118,False
compact_plummer,NGC5907,-0.5548964931439531,-0.004235851092701932,0.0008217639142142683,-5.050921461704472,False
compact_plummer,NGC5985,-7.1496406904976695,-0.054577409851127245,0.00018782073502775505,-5.000192660186366,False
compact_plummer,NGC6015,8.623127355604922,0.06582539966110627,0.007679924399141114,-5.121521645156386,False
compact_plummer,NGC6195,-6.620854620453521,-0.05054087496529405,0.00010624090566169317,-5.004260245340552,False
compact_plummer,NGC6503,-10.195466407170963,-0.07782798784099972,0.0011071713263890858,-4.976763231596571,False
compact_plummer,NGC6674,0.1101951984684586,0.0008411847211332717,0.0010850195762259866,-5.056037551639951,False
compact_plummer,NGC6946,8.317923724456694e-05,6.34956009500511e-07,0.0010389125390651204,-5.055190536107403,False
compact_plummer,NGC7331,-0.7666237918645908,-0.005852090014233518,0.0007456219024945955,-5.049292790175851,False
compact_plummer,NGC7793,3.049042801893229,0.023275135892314728,0.002685490156773176,-5.078644071666297,False
compact_plummer,NGC7814,-12.66302610111287,-0.09666432138254098,0.002413584124038609,-4.9577820031816335,False
compact_plummer,UGC00128,-0.4181665889591937,-0.003192111366100715,0.0008729019282277042,-5.051973230198201,False
compact_plummer,UGC00191,-28.596643088227665,-0.21829498540631806,0.022952748002440154,-4.835215718665366,False
compact_plummer,UGC00731,-4.758284456179644,-0.03632278210824156,2.754538361846288e-06,-5.018587708142658,False
compact_plummer,UGC01281,-12.765884602864933,-0.0974495007852285,0.0024789551683328352,-4.956990783937387,False
compact_plummer,UGC02259,-19.614693948390176,-0.1497304881556502,0.008797064850293372,-4.904307635125655,False
compact_plummer,UGC02487,-6.51356797020966,-0.04972189290236382,9.250605429852153e-05,-5.005085527265504,False
compact_plummer,UGC02885,-0.8038851087737449,-0.006136527547891182,0.0007326048612570413,-5.049006164661165,False
compact_plummer,UGC02916,-0.009908873327974521,-7.564025441201924e-05,0.0010347781224226474,-5.055113674164595,False
compact_plummer,UGC02953,-0.03513011278268152,-0.00026816879986779786,0.0010243789796248505,-5.054919664630328,False
compact_plummer,UGC03205,26.464884044485686,0.20202201560676097,0.04091249227079971,-5.258765927378546,False
compact_plummer,UGC03546,-0.9657030326603855,-0.007371778875270118,0.0006774044734636746,-5.0477614114005,False
compact_plummer,UGC03580,-10.766729522275426,-0.08218877497920173,0.0013648995139821886,-4.972368899941922,False
compact_plummer,UGC04278,0.08329759204289555,0.0006358594812434775,0.0010736643857186012,-5.0558306469751395,False
compact_plummer,UGC04325,-4.146735275980113,-0.03165446775557338,3.123558339802088e-05,-5.023291932605733,False
compact_plummer,UGC04483,0.0,0.0,0.001038878087926115,-5.055189896267118,False
compact_plummer,UGC04499,-2.926133887134125,-0.022336899901787215,0.00018039814289958815,-5.032681174058394,False
compact_plummer,UGC05005,-0.07822759122918477,-0.000597157184955609,0.0010067307067128353,-5.054588145565355,False
compact_plummer,UGC05253,-77.06616794811204,-0.5882913583825347,0.2142931446730814,-4.462373219743179,False
compact_plummer,UGC05716,-0.19464321405327079,-0.0014858260614753495,0.000959825471871582,-5.0536926407744005,False
compact_plummer,UGC05721,-1.9030150090143438,-0.014526832129880487,0.0004001908536418913,-5.0405513192747,False
compact_plummer,UGC05750,8.125807804404417e-10,6.202906720919402e-12,0.0010388780882626667,-5.055189896273369,False
compact_plummer,UGC05764,0.5753722034446703,0.004392154224768476,0.0012908495708551595,-5.059615836293615,False
compact_plummer,UGC05829,-2.984656463915832,-0.02278363712912849,0.00017043903931606688,-5.032231000390842,False
compact_plummer,UGC05918,-1.220997590811147,-0.009320592296268297,0.0005947125489708377,-5.045797607107032,False
compact_plummer,UGC05986,-0.17098865581249348,-0.0013052569145991868,0.0009692655951707269,-5.053874598914714,False
compact_plummer,UGC06399,-1.0232604234182714,-0.007811148270368484,0.0006582913561197694,-5.047318662240824,False
compact_plummer,UGC06446,-2.6061554967556266,-0.01989431676912692,0.0002398501730550856,-5.035142546292074,False
compact_plummer,UGC06614,-0.0339938623564211,-0.00025949513249176414,0.0010248463451495683,-5.054928405018222,False
compact_plummer,UGC06667,1.0785813839336351,0.008233445678882711,0.0015336239657946149,-5.06348667614353,False
compact_plummer,UGC06786,-2.595575286773034,-0.01981355180742774,0.00024196035132687774,-5.03522393252271,False
compact_plummer,UGC06787,0.0,0.0,0.001038878087926115,-5.055189896267118,False
compact_plummer,UGC06818,0.0,0.0,0.001038878087926115,-5.055189896267118,False
compact_plummer,UGC06917,-1.8888355887465047,-0.01441859228050767,0.00040384413050893,-5.040660391738299,False
compact_plummer,UGC06930,-2.6535087940038955,-0.020255792320640422,0.00023051900427790054,-5.034778290159395,False
compact_plummer,UGC06983,-0.9895271123263606,-0.00755364207882718,0.0006694600212687757,-5.047578149249222,False
compact_plummer,UGC07089,-0.1482804720940032,-0.0011319120007175817,0.0009783714975691036,-5.05404927725101,False
compact_plummer,UGC07125,-0.580517350515084,-0.0044314301566036945,0.000812353229760988,-5.050724378186232,False
compact_plummer,UGC07151,-4.04489921472225,-0.03087709324215458,3.897725245091145e-05,-5.0240752869231,False
compact_plummer,UGC07323,0.014263880959704059,0.00010888458747865693,0.001044794245609152,-5.055299618428346,False
compact_plummer,UGC07399,-9.040516395271254,-0.06901157553642179,0.0006684105242390902,-4.985647462457338,False
compact_plummer,UGC07524,-1.138706931151235,-0.008692419321765153,0.0006207794488730835,-5.046430612181339,False
compact_plummer,UGC07577,-0.3202140299689482,-0.00244438190815991,0.0009104858700486196,-5.052726711421203,False
compact_plummer,UGC07603,-0.05404281966669133,-0.0004125406081426819,0.0010166154078678894,-5.054774182269681,False
compact_plummer,UGC08286,-43.48735889032447,-0.3319645716818662,0.06109518950593947,-4.72067175095693,False
compact_plummer,UGC08490,-0.2645140544887479,-0.0020191912556392967,0.0009322109891214918,-5.053155172771051,False
compact_plummer,UGC08550,-0.06254110787894618,-0.00047741303724386396,0.0010131365191454595,-5.054708810821895,False
compact_plummer,UGC08699,-0.2613669435044059,-0.0019951675076672207,0.0009334461277647339,-5.053179381317084,False
compact_plummer,UGC08837,0.0,0.0,0.001038878087926115,-5.055189896267118,False
compact_plummer,UGC09037,-0.024658067149016,-0.0001882295202214962,0.0010286904048664115,-5.05500021882751,False
compact_plummer,UGC09133,-38.59327399146933,-0.29460514497304835,0.04653940805354082,-4.7583185578712,False
compact_plummer,UGC11455,-40.777744776859166,-0.31128049447984096,0.05279202656948358,-4.741514936445124,False
compact_plummer,UGC11557,0.0,0.0,0.001038878087926115,-5.055189896267118,False
compact_plummer,UGC11820,-62.590782652845974,-0.47779223399119064,0.13683622256934394,-4.573722337399071,False
compact_plummer,UGC11914,-1.9957186641523634,-0.01523449361948369,0.00037671511517675844,-5.039838214235176,False
compact_plummer,UGC12506,0.6746253660232433,0.005149811954375903,0.00133707938225692,-5.060379322159605,False
compact_plummer,UGC12632,-4.031534381205374,-0.030775071612254762,4.005681635170881e-05,-5.024178093334768,False
compact_plummer,UGC12732,-4.168171968449505,-0.03181810662938553,2.9715033085687502e-05,-5.023127034971352,False
compact_plummer,UGCA442,-22.58985654833078,-0.17244165304069298,0.012748232929405065,-4.881421768972266,False
compact_plummer,UGCA444,-1.7015969103113113,-0.012989289391689399,0.0004536423298928103,-5.042100689264723,False
nfw,CamB,-5.132969666637948,-0.03918297455448815,0.00042347665379639565,10.653700966227229,False
nfw,D631-7,1.0786919379146143,0.008234289602401636,0.0001542344553076423,10.605918953884517,False
nfw,DDO064,0.2571579119511851,0.001963037495810573,0.00018220292232542235,10.612238446391927,False
nfw,DDO154,-18.492281584623857,-0.1411624548444569,0.0014536601769938337,10.75646490405789,False
nfw,DDO161,-19.847374758391002,-0.1515066775449695,0.0015925607467056273,10.766888697702251,False
nfw,DDO168,10.377505612936012,0.07921760009874819,4.1822088023565135e-08,10.534389617922814,False
nfw,DDO170,23.062331628514567,0.17604833304209594,0.00027086117585675543,10.436814033187593,False
nfw,ESO079-G014,-32.51082191866447,-0.2481742131195761,0.003196905436369638,10.864299829704356,False
nfw,ESO116-G012,-8.962217989917615,-0.06841387778563066,0.0006557963728470721,10.683156722560149,False
nfw,ESO563-G021,20.925936121748034,0.15973997039502316,0.00018636516155987924,10.453247844778105,False
nfw,F568-3,3.009533108789349,0.022973535181598084,9.76702863821437e-05,10.591066329493172,False
nfw,F568-V1,-0.25972887757039864,-0.001982663187560295,0.00020099361077611816,10.616214498619016,False
nfw,F571-8,-17.669236987667013,-0.13487967166158024,0.001372389203664685,10.750133791773607,False
nfw,F574-1,-1.8253755283708821,-0.013934164338709023,0.00026353635521937565,10.628257934394405,False
nfw,F583-1,-5.030615786765777,-0.03840164722721967,0.00041796121419114426,10.65291362868975,False
nfw,F583-4,0.9808558473444774,0.007487449216370057,0.00015744303763679906,10.606671539196595,False
nfw,IC2574,-7.558038658320028,-0.05769495159022922,0.0005647295149952337,10.672355343086322,False
nfw,IC4202,17.980100866137327,0.13725267836746052,9.568774892643467e-05,10.47590811597511,False
nfw,KK98-251,8.39216563903054,0.06406233312237054,7.909486778499252e-06,10.549661463875932,False
nfw,NGC0024,-248.14272315768235,-1.894219260745667,0.11545593210248505,12.523006762312185,False
nfw,NGC0055,-4.709766319362549,-0.03595241465162251,0.0004009062151985852,10.650445555863572,False
nfw,NGC0100,0.8359114271294255,0.006381003260529965,0.00016225727892052433,10.607786496275171,False
nfw,NGC0247,0.8467981233012872,0.006464107811460208,0.00016189316567776792,10.607702752458465,False
nfw,NGC0289,-3.552795808975173,-0.027120578694466973,0.0003423567393545126,10.641545782706745,False
nfw,NGC0300,13.829501089816981,0.10556871060928993,1.8748223035859998e-05,10.50783580656219,False
nfw,NGC0801,14.58605726806077,0.11134394861115092,2.8341875744802734e-05,10.502016143652622,False
nfw,NGC0891,-2.7999570127814537,-0.021373717654820257,0.00030673951807349653,10.635754715043717,False
nfw,NGC1003,12.38857024995159,0.09456923854924877,5.9397637492240495e-06,10.51891988994577,False
nfw,NGC1090,0.022398162441486624,0.0001709783392479895,0.00019062300048532996,10.614044290618924,False
nfw,NGC2403,134.00475381094952,1.0229370519919811,0.026304990318244487,9.583410785630402,False
nfw,NGC2683,2.960508882928938,0.022599304449839222,9.894727414539231e-05,10.591443438922868,False
nfw,NGC2841,29.71236542959605,0.22681194984424466,0.0006346934763973818,10.385659927025428,False
nfw,NGC2903,11.181721761366221,0.08535665466691772,7.25711565958911e-07,10.528203339857965,False
nfw,NGC2915,5.795088129247387,0.04423731396372051,3.873587969736174e-05,10.569638983181957,False
nfw,NGC2955,-25.02471548117847,-0.19102836245174404,0.002181607686843237,10.806714395569847,False
nfw,NGC2976,-1.002153517783269,-0.007650026853307397,0.0002295966147597906,10.621925457389883,False
nfw,NGC2998,4.744090986585989,0.036214435012106784,5.782644885437371e-05,10.577723576587045,False
nfw,NGC3109,-3.470632745259906,-0.02649337973480844,0.0003383744782657995,10.640913759139705,False
nfw,NGC3198,56.19943850898901,0.4290033473968627,0.003598279511791852,10.181913211030098,False
nfw,NGC3521,-16.547598665259144,-0.1263175470630469,0.0012653974192018834,10.74150580467816,False
nfw,NGC3726,2.270706786448845,0.017333639591212556,0.00011779467464328505,10.59674960889579,False
nfw,NGC3741,10.6988265834365,0.08167043193462976,4.733759012935255e-08,10.531917918149732,False
nfw,NGC3769,11.018771714913212,0.0841127611825436,4.0684153196532576e-07,10.529456801753758,False
nfw,NGC3877,0.5763390656169203,0.0043995348520375595,0.00017105999338098862,10.609783206748345,False
nfw,NGC3893,-0.891110311094484,-0.006802368786980794,0.00022519753859426755,10.621071278876894,False
nfw,NGC3917,1.6495573291019299,0.012592040680167404,0.00013617131986077148,10.601527681644614,False
nfw,NGC3953,2.5813184270076337,0.019704720816852164,0.00010910463473351853,10.5943602885838,False
nfw,NGC3972,0.9656656533267849,0.007371493536845686,0.0001579441698843926,10.606788386842883,False
nfw,NGC3992,0.08014998532375672,0.0006118319490363109,0.00018853398955738553,10.613600045827523,False
nfw,NGC4010,16.558096840093974,0.1263976858022441,6.263320602343355e-05,10.486846608483138,False
nfw,NGC4013,0.34342404983992936,0.002621557632365873,0.0001791566172876098,10.611574860715859,False
nfw,NGC4088,0.8403537593683812,0.006414914193651765,0.00016210865258476035,10.607752324488718,False
nfw,NGC4100,-2.884727312213768,-0.022020819177204335,0.0003106523312472231,10.636406794270119,False
nfw,NGC4157,0.029058362787227163,0.00022181956326127605,0.00019038149919617208,10.613993058308573,False
nfw,NGC4183,0.31244710981072527,0.0023850924413032462,0.00018024754681472699,10.611813144869929,False
nfw,NGC4217,-5.5010730269593004,-0.041992923869918326,0.000443611075203488,10.656532530537392,False
nfw,NGC4559,-1.734099087516815,-0.013237397614632175,0.0002596579396345801,10.627555807926296,False
nfw,NGC5005,0.31999334809399893,0.002442697313694648,0.0001799814822926389,10.611755096883137,False
nfw,NGC5033,-9.02642370424754,-0.06890399774234764,0.000660123053821463,10.683650612670379,False
nfw,NGC5055,425.165898979307,3.245541213582496,0.2966411371154269,7.343709668950728,False
nfw,NGC5371,35.474559648689464,0.2707981652571715,0.0010733584767759895,10.341335356109326,False
nfw,NGC5585,-61.68269733144563,-0.4708602849728674,0.008998493170995865,11.088698871341133,False
nfw,NGC5907,-7.923209085367067,-0.06048251210203868,0.0005877576678547479,10.675164346371298,False
nfw,NGC5985,41.00499252104582,0.31301521008431926,0.0016021401187525188,10.298793564783507,False
nfw,NGC6015,71.26898948667863,0.5440380876845697,0.006364931578553798,10.065993588124792,False
nfw,NGC6195,36.39423288381386,0.27781857163216683,0.0011539746377725048,10.334260946608367,False
nfw,NGC6503,8.105276251491054,0.06187233779764163,1.017118370411147e-05,10.551868305318544,False
nfw,NGC6674,-1.271468440757115,-0.009705865959977978,0.00024044251600216233,10.62399711064353,False
nfw,NGC6946,-0.4632497914913153,-0.003536257950315384,0.0002086453090455531,10.617780044110715,False
nfw,NGC7331,7.087939422080794,0.054106407802143465,2.0480775803609814e-05,10.559693973237083,False
nfw,NGC7793,12.832078284402867,0.09795479606414402,9.11883232870424e-06,10.515508289680762,False
nfw,NGC7814,4.437333440567296,0.033872774355475546,6.411712357357666e-05,10.580083250017957,False
nfw,UGC00128,2.5031313504140416,0.019107872903923982,0.00011126073314179238,10.59496172763452,False
nfw,UGC00191,235.27524128320113,1.7959942082687108,0.08715111269907186,8.80440703584385,False
nfw,UGC00731,-0.7416834106330492,-0.005661705424679765,0.00021934501494135674,10.619921841181036,False
nfw,UGC01281,3.3498305906928993,0.025571225883151902,8.903478232894809e-05,10.588448656555453,False
nfw,UGC02259,5.228845086839971,0.03991484799114482,4.854763834104837e-05,10.573994698892783,False
nfw,UGC02487,13.993577646237295,0.10682120340639156,2.066109142421212e-05,10.506573679205111,False
nfw,UGC02885,2.593952687258597,0.019801165551592344,0.00010875821039510525,10.594263101966485,False
nfw,UGC02916,0.004128526228905416,3.151546739622455e-05,0.00019128625002061037,10.614184826282099,False
nfw,UGC02953,34.84092541426081,0.265961262704281,0.001019513994678735,10.34620946560493,False
nfw,UGC03205,92.64293040397271,0.7071979420150589,0.011633050138373758,9.901578657991761,False
nfw,UGC03546,0.09179638266878198,0.0007007357455632213,0.00018811410823701434,10.61351045815564,False
nfw,UGC03580,147.5467078907427,1.126310747257578,0.03239150184762403,9.479241908093531,False
nfw,UGC04278,2.3446990169008837,0.01789846577786934,0.0001156943708794204,10.596180437892315,False
nfw,UGC04325,2.326512072044438,0.017759634137743802,0.00011620886452604573,10.596320337468134,False
nfw,UGC04483,0.8342777486762123,0.006368532432642842,0.00016231195374322816,10.607799063032504,False
nfw,UGC04499,-3.5590991914600902,-0.027168696118015957,0.00034266321247452235,10.64159427026432,False
nfw,UGC05005,-0.6602858368608019,-0.005040349899700778,0.00021618937846384388,10.619295705998173,False
nfw,UGC05253,-129.91240227384063,-0.9916977272812262,0.03403458846278994,11.613542755513402,False
nfw,UGC05716,-5.836972999068111,-0.04455704579441306,0.0004623920711388272,10.65911637647669,False
nfw,UGC05721,3.385633812644891,0.025844532920953366,8.81494620029561e-05,10.58817324715582,False
nfw,UGC05750,-1.2058617063577248,-0.009205051193570419,0.00023777732915308171,10.623492443455843,False
nfw,UGC05764,-6.87030370998857,-0.052445066488462366,0.0005226094346705731,10.667065074253003,False
nfw,UGC05829,0.4673533472077235,0.003567582803112393,0.00017482526502566383,10.610621558428415,False
nfw,UGC05918,0.84053119752168,0.006416268683371603,0.00016210271748177732,10.607750959579846,False
nfw,UGC05986,-9.086590460691587,-0.06936328595947777,0.000664190470114325,10.684113433873796,False
nfw,UGC06399,-2.8263636788480886,-0.021575295258382355,0.00030795573325284397,10.63595784324423,False
nfw,UGC06446,-0.007316068738968846,-5.584785296922784e-05,0.0001917023142657698,10.614272861628004,False
nfw,UGC06614,-2.0779093230264962,-0.015861903229209894,0.0002744165470277544,10.630200502045602,False
nfw,UGC06667,-5.688553290918005,-0.043424070923038204,0.0004540455470036986,10.657974686413997,False
nfw,UGC06786,15.040397459431233,0.1148121943468033,3.5052497644908865e-05,10.498521219103619,False
nfw,UGC06787,439.52818094169106,3.3551769537533667,0.3175475027127823,7.23323057693239,False
nfw,UGC06818,3.1327278144428394,0.023913952782006406,9.449790690877203e-05,10.59011867791122,False
nfw,UGC06917,2.0352708589681936,0.01553641877074957,0.00012460333304178248,10.598560654491795,False
nfw,UGC06930,0.9888646765058862,0.007548585316838826,0.0001571791428631349,10.60660993281843,False
nfw,UGC06983,-0.1982735862825698,-0.0015135388265845023,0.0001987111972782844,10.61574176560911,False
nfw,UGC07089,0.7035027904183223,0.005370250308536812,0.00016671851733180798,10.608805024249873,False
nfw,UGC07125,-0.020872036857589427,-0.00015932852563045364,0.00019219572151231272,10.61437713830584,False
nfw,UGC07151,2.2361634292168464,0.017069949841349973,0.0001187816729093419,10.597015327028345,False
nfw,UGC07323,-0.28405761175493915,-0.0021683787156865585,0.00020190076676268883,10.616401642728128,False
nfw,UGC07399,3.301874971485864,0.025205152454090565,9.022753041036941e-05,10.588817545933969,False
nfw,UGC07524,-2.8129917462715754,-0.0214732194371876,0.00030733955970604383,10.63585498222441,False
nfw,UGC07577,-0.0648991939529242,-0.0004954136942971314,0.0001938025870357858,10.614715808745036,False
nfw,UGC07603,-1.0560402762483956,-0.008061376154567906,0.00023174672207177627,10.62233997091654,False
nfw,UGC08286,-0.04729729576533692,-0.00036104805927738106,0.00019315936544036526,10.614580409528207,False
nfw,UGC08490,1.4217455950347326,0.01085301980942544,0.0001432448166739925,10.603280079598976,False
nfw,UGC08550,1.7569423641150568,0.013411773771870663,0.00013289914968542046,10.600701642913744,False
nfw,UGC08699,33.66931700733971,0.2570176870789291,0.0009236033647840468,10.355221837965862,False
nfw,UGC08837,-7.73704541991745,-0.05906141541921718,0.000575960429187975,10.673732318175531,False
nfw,UGC09037,-2.2920019146397608,-0.017496197821677564,0.0002838129094808084,10.631847368134935,False
nfw,UGC09133,-84.80999786913434,-0.6474045638865217,0.01568496736045334,11.266601183169508,False
nfw,UGC11455,-19.138511277532757,-0.14609550593536455,0.0015191099864267851,10.761435901695648,False
nfw,UGC11557,31.50470042326266,0.24049389636078367,0.0007588633879181066,10.371872734766454,False
nfw,UGC11820,30.671966041026042,0.23413714535134383,0.0006997941701486974,10.378278383860582,False
nfw,UGC11914,29.200173896251535,0.22290209081108042,0.0006012463797448949,10.38959986189731,False
nfw,UGC12506,1.9067933086532176,0.014555674111856622,0.00012839949596065944,10.599548943340373,False
nfw,UGC12632,0.7573094557933995,0.0057809882121633545,0.00016489831421178777,10.60839112682391,False
nfw,UGC12732,-0.34640671560915726,-0.0026443260733523453,0.00020423492950818475,10.616881251219315,False
nfw,UGCA442,-28.365050270787307,-0.2165271013037199,0.002610743574111548,10.832409278566839,False
nfw,UGCA444,0.09850773526408949,0.0007519674447640419,0.00018787236002511324,10.613458832366444,False
baryon_only,CamB,-6.707348541108608,-0.05120113390159243,0.002036057747272184,-394.77080508795177,False
baryon_only,D631-7,-107.25437115664607,-0.8187356576843212,0.0011116555257972677,-393.99736645244764,False
baryon_only,DDO064,-12.846236644627561,-0.09806287514982871,0.0019716616433925792,-394.7235828717709,False
baryon_only,DDO154,-1608.2429336899422,-12.276663615953757,0.020315050271049847,-382.4513005868069,False
baryon_only,DDO161,-943.1630616154841,-7.199718027599116,0.004173519478363627,-387.56729960276425,False
baryon_only,DDO168,-119.41827691335575,-0.9115899001019523,0.0010186464528338095,-393.9037979466268,False
baryon_only,DDO170,-823.383223930854,-6.285368121609572,0.002557128239893523,-388.48868296956914,False
baryon_only,ESO079-G014,-1670.0900089798358,-12.748778694502564,0.022433317542142433,-381.9755538538077,False
baryon_only,ESO116-G012,-413.7592890932419,-3.158467855673602,6.615173007233463e-06,-391.6396363144738,False
baryon_only,ESO563-G021,-576.4940710731615,-4.400718099795126,0.00046828092713082595,-390.38783029924366,False
baryon_only,F568-3,-36.5692433502784,-0.27915452939143814,0.0017325363696650312,-394.5410982048043,False
baryon_only,F568-V1,-21.807277622817246,-0.16646776811310873,0.001879519231103309,-394.65465178732325,False
baryon_only,F571-8,-657.9305861712169,-5.022370886803182,0.0009723046403442346,-389.7613955677202,False
baryon_only,F574-1,-119.1595688327031,-0.9096150292572756,0.001020582331619316,-393.9057880087857,False
baryon_only,F583-1,-35.61399355607453,-0.27186254622957656,0.0017418665898676355,-394.5484462801444,False
baryon_only,F583-4,-49.481866767371564,-0.3777241737967295,0.0016088732523569522,-394.4417703323652,False
baryon_only,IC2574,-115.0332473289646,-0.8781163918241573,0.0010517074706213264,-393.9375289434298,False
baryon_only,IC4202,-86.80174116561818,-0.6626087111879251,0.0012772013733494045,-394.15469437545556,False
baryon_only,KK98-251,-42.35827171640526,-0.32334558562141424,0.0016765291598330493,-394.4965672173726,False
baryon_only,NGC0024,-268.65950287274427,-2.050835899791941,0.00020821027677801418,-392.75578851616996,False
baryon_only,NGC0055,-95.05731931165906,-0.7256283916920538,0.001208997382406245,-394.0911899281783,False
baryon_only,NGC0100,-53.18647839701476,-0.40600365188560883,0.0015742396616468801,-394.4132733198294,False
baryon_only,NGC0247,-3.717906269230266,-0.028380963887253936,0.0020677912381675233,-394.79380079773546,False
baryon_only,NGC0289,-58.41510416557638,-0.44591682569142277,0.0015259996655758751,-394.3730531216097,False
baryon_only,NGC0300,-291.62221579335494,-2.2261237846820987,0.000137802444917038,-392.57915226293454,False
baryon_only,NGC0801,-260.3893256486038,-1.9877047759435404,0.00023711437093572042,-392.819405264048,False
baryon_only,NGC0891,-590.0173640877811,-4.503949344181535,0.0005393698642956997,-390.28380496836195,False
baryon_only,NGC1003,-804.9809233538881,-6.144892544686169,0.0023437061598391654,-388.63023912785343,False
baryon_only,NGC1090,-567.3206565189267,-4.330692034495624,0.00042291680626639253,-390.45839502658396,False
baryon_only,NGC2403,-1963.5964345394523,-14.989285759843147,0.03391785587318227,-379.7178121187337,False
baryon_only,NGC2683,-41.97757660920801,-0.3204395161008245,0.0016801840100740962,-394.4994956412741,False
baryon_only,NGC2841,-687.9225295932973,-5.251317019796163,0.0012038114914942027,-389.5306883106272,False
baryon_only,NGC2903,-688.148571799083,-5.253042532817427,0.001205650080870486,-389.5289495244289,False
baryon_only,NGC2915,-98.71988423914259,-0.7535869025888747,0.001179338152580676,-394.063016351813,False
baryon_only,NGC2955,-39.566017916730154,-0.30203067112007753,0.0017034285431746093,-394.5180460927547,False
baryon_only,NGC2976,-29.51343477093216,-0.22529339519795544,0.0018020435928209906,-394.5953736554147,False
baryon_only,NGC2998,-513.1199446277537,-3.9169461421965934,0.00020204314179221122,-390.875323579593,False
baryon_only,NGC3109,-202.0447850275244,-1.542326603263545,0.0004943866995342013,-393.26820942267165,False
baryon_only,NGC3198,-968.4645143804942,-7.392858888400719,0.004565350775005275,-387.37267304303344,False
baryon_only,NGC3521,-37.386676182536576,-0.2853944746758517,0.001724572144422811,-394.5348102599408,False
baryon_only,NGC3726,-38.826970485637005,-0.29638908767661837,0.0017105840412836263,-394.5237310729939,False
baryon_only,NGC3741,-185.81318919312045,-1.4184212915505379,0.0005825793726621322,-393.39306785216706,False
baryon_only,NGC3769,-37.51844173761338,-0.28640031860773574,0.0017232900734167284,-394.5337966787479,False
baryon_only,NGC3877,-119.94408645603802,-0.9156037134048703,0.0010147175520131126,-393.89975325783695,False
baryon_only,NGC3893,-34.76740139453671,-0.26540001064531843,0.0017501564600034426,-394.5549585275408,False
baryon_only,NGC3917,-206.12669725677637,-1.5734862386013464,0.0004733464424323175,-393.23681009783127,False
baryon_only,NGC3953,-39.62352855282957,-0.30246968360938603,0.0017028723509501134,-394.5176037032462,False
baryon_only,NGC3972,-120.21992625208367,-0.9177093607029287,0.0010126594856817136,-393.897631413252,False
baryon_only,NGC3992,-91.04371459770394,-0.6949901877687323,0.0012419222910617748,-394.1220638105933,False
baryon_only,NGC4010,-96.9782779817071,-0.7402921983336419,0.0011933956437120432,-394.0764133230241,False
baryon_only,NGC4013,-208.24407354100458,-1.5896494163435464,0.00046261261597661243,-393.2205225879526,False
baryon_only,NGC4088,-50.48204068004552,-0.3853590891606528,0.0015994857129361397,-394.43407668688303,False
baryon_only,NGC4100,-50.539652556198405,-0.385798874474797,0.0015989458098814937,-394.43363351860495,False
baryon_only,NGC4157,-43.6412638182717,-0.3331394184600893,0.0016642411430510767,-394.4866980473582,False
baryon_only,NGC4183,-64.171705441574,-0.48986034688224434,0.0014737566891011515,-394.32877157333286,False
baryon_only,NGC4217,-148.57884022488423,-1.1341896200372843,0.0008122196773371097,-393.67948592115346,False
baryon_only,NGC4559,-51.460028348219936,-0.39282464387954147,0.0015903329720068898,-394.42655370482015,False
baryon_only,NGC5005,-6.761793279220872,-0.051616742589472304,0.0020354820813847313,-394.770386282274,False
baryon_only,NGC5033,-675.3783477408165,-5.155559906418446,0.0011039785051154209,-389.6271820171848,False
baryon_only,NGC5055,-6392.787189466068,-48.799902209664644,0.49440704824618104,-345.6471140039136,False
baryon_only,NGC5371,-31.060430093599564,-0.23710251979846994,0.0017866870421609862,-394.58347369139415,False
baryon_only,NGC5585,-789.7682722982236,-6.028765437391019,0.0021742969415761873,-388.74725952058935,False
baryon_only,NGC5907,-354.70386046656586,-2.7076630569966857,1.890151651762381e-05,-392.0939088423713,False
baryon_only,NGC5985,-117.28696491856385,-0.8953203428898004,0.0010346495762394749,-393.92019265427905,False
baryon_only,NGC6015,-94.97274397235614,-0.7249827784149324,0.0012096866193525083,-394.0918405077114,False
baryon_only,NGC6195,-22.233728383945696,-0.16972311743469998,0.0018751891885025827,-394.65137139685305,False
baryon_only,NGC6503,-672.9936162638076,-5.137355849342042,0.001085488371849557,-389.6455261054695,False
baryon_only,NGC6674,-893.4142257112736,-6.819955921460104,0.003454343112177401,-387.94998295587357,False
baryon_only,NGC6946,-16.954085832504347,-0.12942050253820112,0.001929148746238408,-394.69198403186414,False
baryon_only,NGC7331,-484.1562684067884,-3.6958493771510565,0.00011708288089866944,-391.098121088985,False
baryon_only,NGC7793,9.428554290247707,0.0719736968721199,0.0022102557283549874,-394.8949274174238,False
baryon_only,NGC7814,-440.4482783221996,-3.362200597879386,3.248058628257456e-05,-391.434336397328,False
baryon_only,UGC00128,-284.77604374255844,-2.173862929332507,0.00015727923008010953,-392.6318151248637,False
baryon_only,UGC00191,-1978.9678542493439,-15.106624841598045,0.0345845042806861,-379.59957042865767,False
baryon_only,UGC00731,-71.50471580249706,-0.5458375252099013,0.001408525101933937,-394.2723638013257,False
baryon_only,UGC01281,-23.92038174800573,-0.18259833395424221,0.0018581123890911266,-394.6383971402064,False
baryon_only,UGC02259,-238.76863644287258,-1.822661346892157,0.00032155077290846486,-392.9857182579382,False
baryon_only,UGC02487,-1178.1028261097008,-8.993151344348862,0.00848810569717677,-385.76007064511646,False
baryon_only,UGC02885,-147.8672575239567,-1.1287576910225703,0.0008169790223080923,-393.6849596342376,False
baryon_only,UGC02916,0.027207221302448514,0.0002076887122324314,0.0021078925905465688,-394.82260936304726,False
baryon_only,UGC02953,-1374.155979824892,-10.48974030400681,0.013248623651493662,-384.2519694626919,False
baryon_only,UGC03205,-598.2759912633591,-4.566992299720298,0.0005852533283193299,-390.2202770670114,False
baryon_only,UGC03546,-677.0678070515136,-5.1684565423779665,0.0011171723108224796,-389.6141861763333,False
baryon_only,UGC03580,-1657.8783859706696,-12.655560198249386,0.02200674689701454,-382.0694894154167,False
baryon_only,UGC04278,-20.328668807081705,-0.15518067791665424,0.0018945712175632483,-394.66602570129044,False
baryon_only,UGC04325,-221.02400083450857,-1.6872061132405234,0.00040043988302183105,-393.12221545492565,False
baryon_only,UGC04483,-49.04311146695321,-0.37437489669429935,0.0016130000365114773,-394.44514537313756,False
baryon_only,UGC04499,-158.39160841516784,-1.2090962474440292,0.0007480058646778719,-393.6040030889206,False
baryon_only,UGC05005,-30.360406478409526,-0.23175882807946202,0.0017936278230916744,-394.5888584884341,False
baryon_only,UGC05253,-1046.5153525758105,-7.988666813555805,0.005884834734309424,-386.77228197999256,False
baryon_only,UGC05716,-525.694030417636,-4.012931529905618,0.0002460978635613174,-390.7785998427477,False
baryon_only,UGC05721,-90.86890648207604,-0.6936557746723362,0.0012433663510330584,-394.12340848840586,False
baryon_only,UGC05750,-11.654962219000042,-0.08896917724427514,0.0019840770320530814,-394.73274652119875,False
baryon_only,UGC05764,-75.39796685732898,-0.5755569989109083,0.001374492316722798,-394.2424157162885,False
baryon_only,UGC05829,-24.366130407329667,-0.18600099547579899,0.0018536123831439538,-394.63496830436543,False
baryon_only,UGC05918,-37.40171097263952,-0.2855092440659505,0.0017244258327154306,-394.53469460770924,False
baryon_only,UGC05986,-194.7638250458572,-1.4867467560752459,0.0005330523202656717,-393.32421680714606,False
baryon_only,UGC06399,-94.61700242390081,-0.7222671940755787,0.0012125878444638942,-394.094576981161,False
baryon_only,UGC06446,-30.756997368177263,-0.23478623945173482,0.0017896939457780843,-394.58580778928206,False
baryon_only,UGC06614,-43.02314757084569,-0.32842097382324953,0.0016701555862242276,-394.49145278772306,False
baryon_only,UGC06667,-300.1006875415547,-2.290844943065303,0.00011546571345017953,-392.5139332494868,False
baryon_only,UGC06786,-2555.412467444023,-19.506965400336053,0.06426818358467912,-375.1653810963909,False
baryon_only,UGC06787,-2679.5632606732643,-20.454681379185224,0.07185540186171221,-374.2103749946275,False
baryon_only,UGC06818,-42.83675912543751,-0.3269981612628818,0.0016719411020949427,-394.49288654499543,False
baryon_only,UGC06917,-118.29136061994096,-0.9029874856484043,0.001027092452779748,-393.9124665334992,False
baryon_only,UGC06930,-37.15699563214529,-0.28364118803164345,0.001726808062250282,-394.5365770334053,False
baryon_only,UGC06983,-25.048282338506603,-0.1912082621260046,0.001846736357419037,-394.6297209818179,False
baryon_only,UGC07089,-26.925248747243547,-0.20553624997895836,0.0018278826627407879,-394.6152827786738,False
baryon_only,UGC07125,-38.4170401298382,-0.29325984831937557,0.0017145594760586678,-394.52688438342307,False
baryon_only,UGC07151,-87.4938752724678,-0.667892177652426,0.0012714113923715316,-394.14937026694133,False
baryon_only,UGC07323,-48.533161528166005,-0.3704821490699695,0.0016178030953935775,-394.44906806497437,False
baryon_only,UGC07399,-132.1590181517184,-1.0088474668070109,0.0009255829910396215,-393.8057922447933,False
baryon_only,UGC07524,-103.27405629767419,-0.788351574791406,0.0011429724890018877,-394.02798425905513,False
baryon_only,UGC07577,-0.7801845159032821,-0.005955606991628107,0.002099214761190372,-394.8163986573764,False
baryon_only,UGC07603,-186.6364921526045,-1.4247060469664465,0.0005779318798899483,-393.38673475247873,False
baryon_only,UGC08286,-631.3524910521197,-4.819484664519998,0.0007877911290925429,-389.9658424532517,False
baryon_only,UGC08490,-111.2853600842492,-0.8495065655286199,0.0010803832197370466,-393.96635884531224,False
baryon_only,UGC08550,-141.5969541652562,-1.080892779887452,0.0008595183151050772,-393.7331927369968,False
baryon_only,UGC08699,-120.46869742950764,-0.9196083773244859,0.0010108051725793781,-393.8957177888102,False
baryon_only,UGC08837,-38.84551123469821,-0.29653062011220005,0.0017104043453228948,-394.5235884518472,False
baryon_only,UGC09037,-38.90063502622147,-0.2969514124139044,0.0017098701441957617,-394.5231644226817,False
baryon_only,UGC09133,-1739.738904583662,-13.280449653310397,0.024944535960509308,-381.4397931183937,False
baryon_only,UGC11455,-450.6805802794812,-3.4403097731258105,4.75838321422624e-05,-391.35562638227196,False
baryon_only,UGC11557,-1.1581010103204683,-0.008840465727637163,0.0020951590725761023,-394.8134916074194,False
baryon_only,UGC11820,-465.7134963592032,-3.555064857703841,7.498738627293319e-05,-391.2399885662741,False
baryon_only,UGC11914,-51.94837826071108,-0.39655250580695484,0.0015857724590208012,-394.4227971670317,False
baryon_only,UGC12506,-8.911537159170862,-0.06802700121504475,0.0020128170379424136,-394.7538497908898,False
baryon_only,UGC12632,-126.87511936946797,-0.9685123615989921,0.0009636377567259463,-393.8464376200413,False
baryon_only,UGC12732,-60.837830480755805,-0.464410919700426,0.0015039017678934287,-394.3544167653391,False
baryon_only,UGCA442,-1774.0054605691455,-13.542026416558363,0.026228916899150058,-381.1762042261976,False
baryon_only,UGCA444,-15.084688251004863,-0.11515029199240354,0.0019484380403803922,-394.70636401326027,False
