,squared_standardized__scalar_core,squared_standardized__compact_plummer,squared_standardized__nfw,squared_standardized__baryon_only,absolute_standardized__scalar_core,absolute_standardized__compact_plummer,absolute_standardized__nfw,absolute_standardized__baryon_only,absolute_kms__scalar_core,absolute_kms__compact_plummer,absolute_kms__nfw,absolute_kms__baryon_only,correlated_quadratic__scalar_core__rho0.25,correlated_quadratic__compact_plummer__rho0.25,correlated_quadratic__nfw__rho0.25,correlated_quadratic__baryon_only__rho0.25,correlated_quadratic__scalar_core__rho0.5,correlated_quadratic__compact_plummer__rho0.5,correlated_quadratic__nfw__rho0.5,correlated_quadratic__baryon_only__rho0.5,correlated_quadratic__scalar_core__rho0.75,correlated_quadratic__compact_plummer__rho0.75,correlated_quadratic__nfw__rho0.75,correlated_quadratic__baryon_only__rho0.75
CamB,4.902744876744691e-11,-3.552713678800501e-15,-5.132969666637948,-6.707348541108608,5.859313034761726e-12,-6.661338147750939e-16,-0.5564994163628811,-0.7317325765517175,8.78896955214259e-12,-9.992007221626409e-16,-0.8347491245443217,-1.0975988648275763,4.1019632135430584e-11,-1.7763568394002505e-15,-4.365839934616336,-5.6163037434088,3.717559593496844e-11,0.0,-4.070640281023577,-5.097627970377188,3.955946681344358e-11,5.329070518200751e-15,-4.6011096750458265,-5.442645019702933
D631-7,-1.9138169937704674e-08,0.0,1.0786919379146143,-107.25437115664607,-8.006574084284956e-09,0.0,0.49783990075801865,-9.205198627027864,-3.036280925780566e-08,0.0,2.18361627621524,-34.6376346899287,-1.0815671025454776e-08,0.0,0.6030227657475514,-61.542472889912396,-7.4023729368377644e-09,0.0,0.40339425773816673,-43.43569614349918,-5.3050643877838866e-09,0.0,0.26709940221754525,-34.23353192706205
DDO064,-0.0654238581898327,0.06022606550753806,0.2571579119511851,-12.846236644627561,-0.05089459690137891,0.0508715260673257,0.3489320686319169,-2.8954957405112016,-0.3232557450523003,0.327760636694684,1.9799846297548267,-17.75144289416553,-0.04382184369917386,0.04036246344637767,0.13826780935242602,-9.167615056666602,-0.03317529013330864,0.030589477246811686,0.0539446590917734,-7.780897232872293,-0.02728160976807456,0.025233892986317646,-0.07625914774069187,-8.397164043191458
DDO154,0.38924286272852804,0.20097304534991345,-18.492281584623857,-1608.2429336899422,0.10933863202998632,0.05315138028598495,-2.9603129264532595,-36.839273894357184,0.08359314420852353,0.03937263843301036,-3.108118799820147,-28.589495589001796,0.3060126410388704,0.1624409328852816,-12.831973712069413,-1165.1256219765507,0.29928557960893176,0.16451905364197117,-10.379659267532313,-1013.289715757297,0.4068911008786156,0.23406729246080094,-10.117356974378456,-1145.300970865559
DDO161,0.24184788413668734,-0.29826039917403335,-19.847374758391002,-943.1630616154841,0.0555648274531111,-0.06525212058369036,-2.228293855817185,-26.49265915332365,0.06422921394986617,-0.07435987042475632,-2.0744315746315354,-30.838309159131907,0.1338851404125534,-0.16886661338625997,-14.150836235599227,-511.1944510739204,0.13011069620519455,-0.1674947005122216,-16.60913056255305,-486.9080649558587,0.1959331974889018,-0.25698465596338016,-29.020875860700837,-719.3764829526067
DDO168,9.647589038763726e-08,9.773857101436079e-08,10.377505612936012,-119.41827691335575,1.384974290807861e-08,1.4031008799264555e-08,2.1827481887492217,-7.980690324555367,3.599856006619717e-08,3.646971049597881e-08,5.670317458532551,-20.55555582005241,7.706954185948689e-08,7.807823365624245e-08,8.250934459700046,-95.54212808817503,6.40393356121649e-08,6.487748827055384e-08,6.7906619986687655,-79.63095100262991,5.4414416084114237e-08,5.512660017359394e-08,5.601695867507094,-68.28727182007033
DDO170,-29.79165621193741,-31.77638628824656,23.062331628514567,-823.383223930854,-2.306073996139672,-2.445824355265365,3.283837916759881,-24.234432841567166,-2.5307995794168043,-2.6889696071934246,3.4900534483740167,-27.38429305582443,-26.20886228657934,-27.853951046210987,20.80622769251307,-672.4084098238147,-25.799947433865142,-27.266362564532052,21.26579372659658,-583.1767259850649,-32.29511487343904,-33.79763369365778,28.32651915008885,-558.5878966120479
ESO079-G014,3.2502778957166356e-07,3.918968261018563e-09,-32.51082191866447,-1670.0900089798358,4.592602764752485e-08,5.537432734570302e-10,-2.8549334200208425,-37.46477778398876,9.847457272874985e-08,1.1873358607417117e-09,-6.068834289450109,-80.33099445828566,2.1880703648946564e-07,2.638236296093055e-09,-24.575940223011784,-1116.0140116027476,1.6728804652643703e-07,2.0170674019936996e-09,-22.785043583112042,-840.9415171263461,1.4146908000611802e-07,1.7057857348845573e-09,-28.675447064537316,-682.1876339193618
ESO116-G012,-0.00853138283131294,-0.17388552160364834,-8.962217989917615,-413.7592890932419,0.0024130458994239823,-0.07683920342992667,-2.038758271583254,-18.523291935322455,-0.008096055470067122,-0.22269295636280154,-5.14518929645223,-49.71362728829525,-0.01489888350397428,-0.11558134178520785,-6.198176532981677,-295.8586231575288,-0.02499110505262947,-0.08617249741306976,-4.983679209291156,-251.92261301119788,-0.0531535458612602,-0.0677055765084491,-4.791055710364682,-273.6068399522814
ESO563-G021,-21.1693911453451,-21.169388986163764,20.925936121748034,-576.4940710731615,-1.807734600661376,-1.8077344387633538,3.3840998069460135,-19.39663418609388,-16.74511609576146,-16.74511457240705,31.047306673219367,-182.2771120799647,-10.714349197464692,-10.71434814701053,10.737008178484276,-277.50559571255195,-8.566592797770419,-8.566592005712447,8.74940941750651,-205.76417968954362,-10.023250965452467,-10.02325012371646,10.529879292699427,-212.11278833555477
F568-3,-2.950962381120803e-07,0.0,3.009533108789349,-36.5692433502784,-1.1087145461441406e-07,0.0,1.285084025014377,-4.829160613019902,-1.2251537583524152e-06,0.0,15.079720597246123,-53.29688049801671,-1.464750827295802e-07,0.0,2.3961153211358246,-20.232924962774362,-7.152068359772557e-08,0.0,2.6242156873537517,-13.233747741603436,1.6549952519540057e-08,0.0,4.2038619807921345,-8.035268111221217
F568-V1,-1.5085251409126044,-1.6323777391373424,-0.25972887757039864,-21.807277622817246,-0.5781171715747104,-0.6279427977198878,-0.29426599193333886,-3.963070008580303,-8.446431086240699,-9.207983820330048,-4.680334500549515,-60.058329124557645,-1.223345366875402,-1.299707289141071,-0.0008814672335621943,-14.731174805296586,-1.2440019345570508,-1.291963661430068,0.2577455762948836,-11.337865689100074,-1.7787845302068388,-1.7948105961222898,0.8263724851640396,-9.765055555586375
F571-8,8.628428727064374e-08,8.376465743253902e-09,-17.669236987667013,-657.9305861712169,2.9278930983404432e-08,2.8423950600616385e-09,-2.3672289217263507,-24.052706880768408,1.2516391271570151e-07,1.2150896881261511e-08,-10.749016410760163,-102.90935708460331,5.118713097829186e-08,4.9692374659571215e-09,-14.660107795681121,-439.0923389358687,2.8886756986423734e-08,2.804318555149621e-09,-15.316005552615513,-330.0271764344877,3.007869509019656e-10,2.9192648298703716e-11,-22.623023736143622,-265.72075450579723
F574-1,-2.1322458094290937,-2.4226526773217536,-1.8253755283708821,-119.1595688327031,-0.6875134810617903,-0.7668050065027573,-0.596907229155241,-9.77193381464208,-3.250731546817647,-3.6188397306227675,-2.8380840201105104,-45.86251308233958,-1.4473267978401156,-1.6330383073454997,-1.2581548085109375,-79.86061324136544,-1.1242394857111657,-1.2516835142056215,-1.0054727907787289,-60.526810960369154,-0.9923781181635224,-1.065918292236089,-0.9528342751722444,-49.93669123872348
F583-1,1.0664899185997001e-08,1.0653869342291955e-08,-5.030615786765777,-35.61399355607453,3.179034646638712e-09,3.175747087524883e-09,-0.6406211515103585,-4.444827268175891,2.6724536142941343e-08,2.6696898101086217e-08,-4.134545188660993,-38.05089920050243,6.215394865449753e-09,6.208966674137173e-09,-4.755424698133711,-19.829982339654748,5.320857532353784e-09,5.315353490686903e-09,-6.15710553842357,-15.91730230859315,6.639480076842119e-09,6.632610904944158e-09,-11.338179568070142,-18.006933416297333
F583-4,-3.401143889655395,-3.7927204872437823,0.9808558473444774,-49.481866767371564,-1.048367045170642,-1.1454795813496517,0.6847408482404577,-6.137562080973236,-5.136998521336146,-5.612849948613293,3.355230156378243,-30.074054196768856,-2.4588229903290744,-2.714457116295786,0.7429985428074999,-32.998375575056436,-2.1312078385850213,-2.3148080244217364,0.6908908739723973,-24.76447827650543,-2.3939837008797342,-2.5213628688171417,0.8734534196581716,-19.849254449715783
IC2574,0.5627903796512441,0.2673222485098681,-7.558038658320028,-115.0332473289646,0.16894270412779114,0.07655968841171297,-1.2766688600315865,-7.182337629591866,0.6466748354795768,0.29212719523539477,-4.865097385859228,-27.719338428709204,0.49851009411305713,0.23568534952368259,-6.451466792943007,-93.39008000270744,0.6533112366363598,0.3082489061019702,-8.317480907608127,-117.58977634059414,1.2207552873334238,0.5753349774916199,-15.39885337721045,-214.72924025985463
IC4202,-9.929337620844315,-9.929336863266016,17.980100866137327,-86.80174116561818,-0.8173159577900988,-0.817315898178728,2.012585619149403,-5.0323480262321025,-7.048602817792537,-7.0486022767550365,13.26721675628688,-45.324763215033826,-6.855120213307735,-6.85511971429673,13.569029791377968,-56.63093585698917,-7.8886815895298525,-7.888681032673361,16.451880425765026,-62.7821341490456,-13.60100069684902,-13.60099975737242,29.35679334125557,-105.41493226496563
KK98-251,-4.8546056063969445e-11,0.0,8.39216563903054,-42.35827171640526,-7.637150171528143e-12,0.0,1.4881837091950476,-4.260175355481726,-1.5274300343056286e-11,0.0,2.976367418390095,-8.520350710963452,-3.396394276933279e-11,0.0,6.670812637538684,-27.216028644795987,-2.787103881018993e-11,0.0,6.617162795431498,-18.877792734385697,-2.8050450850969355e-11,0.0,9.167458197811165,-11.420085189401451
NGC0024,-81.64143102980594,-80.97175653335114,-248.14272315768235,-268.65950287274427,-3.458910020399493,-3.466357381452479,-8.029238878364508,-9.805536378345758,-11.580466418830767,-11.850185732725107,-25.74042367846053,-42.867554477643885,-61.62995681926424,-60.61243012003065,-188.61304144903306,-169.01805343031384,-72.20552756297764,-70.62582578385846,-221.95788099017378,-172.44367283117995,-125.23687944245331,-122.02687529764454,-386.16259033293886,-268.0714861014528
NGC0055,-5.760366905693814e-10,0.0,-4.709766319362549,-95.05731931165906,-5.937799335553606e-10,0.0,-1.694961505505552,-8.63994040923745,-2.107566391129634e-09,0.0,-7.561529226527995,-38.06427139805147,-4.6287984556414585e-10,0.0,-3.009488001566359,-60.19540495103355,-5.417352677561382e-10,0.0,-2.8791317902243527,-57.0192636942944,-9.308859238998934e-10,0.0,-4.123163368323519,-80.76468365633288
NGC0100,0.014476240100567805,-0.02371602065953171,0.8359114271294255,-53.18647839701476,0.009794290850401111,-0.008489918084695503,0.4539798894857496,-6.02754181501594,0.06633662217301992,-0.06941404018214159,3.5439068032584715,-44.632670463754664,0.003945706978145669,-0.01818111138306,0.570820476664621,-31.139796522205184,-0.0017594127774210877,-0.020551542326432526,0.5843666685762915,-26.821940779733872,-0.011196798799481433,-0.03438295990470719,0.8968692907319431,-33.75612755589383
NGC0247,0.04297108170831809,-0.38364811932588494,0.8467981233012872,-3.717906269230266,0.021291132118677964,-0.17430310872783514,0.6041944160231453,-1.160633742048277,0.18210977274616846,-1.4913680311612556,5.164560014869231,-9.93344048203266,0.021427841226817068,-0.1875960747956914,0.4242963118409279,-1.7826488985466868,0.016770218532679904,-0.1425649332054707,0.33440110237819703,-1.313447864779886,0.018977922352947985,-0.1536074863169834,0.3826558586038937,-1.3379768508901622
NGC0289,-0.041428115098655516,0.04333780832534029,-3.552795808975173,-58.41510416557638,-0.034906048820741366,0.018008274396372186,-1.0488295598342625,-6.711486654988235,-0.3880358165723883,-0.12445226200548132,-8.221092047385326,-60.93393459161064,-0.05776012802169039,0.030587735065984,-2.3074161183118442,-30.213599485277207,-0.08772132398545662,0.03422617001277484,-2.419847765901315,-24.88902519841953,-0.17646687824210217,0.05741035125967464,-3.8532231418975704,-30.422011842579433
NGC0300,-0.3249151184211261,-2.0764102555494084,13.829501089816981,-291.62221579335494,-0.06476770523786486,-0.232615747723968,2.395563007141761,-10.289334372262246,-0.5212821285668442,-1.1227734346236082,7.3126215591636115,-37.05464044259825,-0.12380028513190311,-1.6247166785068377,11.829223119713822,-252.00358373327623,-0.0309904913163912,-1.865159853314065,14.438778846216325,-309.59235693764913,0.09272895374867929,-3.158404542181948,25.57250185907824,-550.7716952130332
NGC0801,-14.195402905356463,-18.231085089510717,14.58605726806077,-260.3893256486038,-1.1528760682943135,-1.4513543053318732,1.7342352569375314,-10.970317248263648,-5.309138053992844,-6.5624193394126555,7.670925387795137,-46.374988224003324,-11.788762629136489,-15.032739846637213,12.047896916815045,-207.45885955261673,-12.32931301020064,-15.59257956542299,12.521710794773085,-206.39310834478383,-18.23402890019637,-22.837322885406593,18.38326009300679,-287.0319995085982
NGC0891,2.1615429446342205e-09,0.0,-2.7999570127814537,-590.0173640877811,8.072466028963277e-10,0.0,-0.749257560187826,-22.403693920283967,3.095152265597534e-09,0.0,-2.874372136503219,-85.9475640710862,1.174360164668542e-09,0.0,-1.7205289705568259,-356.87629176305296,7.369218568697988e-10,0.0,-1.3731452279441712,-277.42632143218657,3.704087037093018e-10,0.0,-1.445746210467192,-277.12697925102685
NGC1003,3.417078083951509,3.417080059492534,12.38857024995159,-804.9809233538881,0.4465588962656518,0.44655917137274254,1.9860212222120386,-24.235294445588575,0.9662484094398796,0.9662490050629573,4.065259174076806,-52.655974853799606,1.4166717353477098,1.4166725544523988,5.520572170268984,-322.88152479738466,1.0785301441590214,1.0785307678327163,4.6150177566257655,-234.18016286014384,1.2361601245190021,1.2361608394810562,6.004095874327144,-248.23525630466642
NGC1090,0.8209860684841269,0.5780955970319007,0.022398162441486624,-567.3206565189267,0.5125905973863454,0.33137316149784074,0.029230866714847824,-22.7681056398606,1.1430770321715502,0.7389621501401848,0.06518483277411065,-50.772875576889135,0.4004969654464524,0.27200582490934944,-0.02149446320938564,-283.8804722486467,0.2536698852368202,0.1586145851307652,-0.05792103471309562,-189.5471734846755,0.16026420754078202,0.06783501802827141,-0.1415214093252084,-142.82081208105654
NGC2403,-5.933408147029695e-07,-1.118299315415868,134.00475381094952,-1963.5964345394523,-1.6413271364257297e-08,-0.030962746770932803,6.0740800485096385,-22.72040274562663,-3.2485025286336603e-08,-0.06178735499924982,14.968779294329117,-45.039109057897505,-4.4972337320814404e-07,-0.8459721867428698,93.3253397282048,-1571.967726338936,-6.105729823957518e-07,-1.1480032362746329,123.9853223386082,-2161.7964295620914,-1.171049575532379e-06,-2.2013460034572745,235.4468024786694,-4170.0801252531555
NGC2683,-2.1819810442202336,-2.4420395280084795,2.960508882928938,-41.97757660920801,-0.5442969032491695,-0.600555806296624,1.5533878533266847,-4.951737048123228,-5.809696465535637,-6.403832799979521,16.558840699032647,-52.36004232819467,-1.4563403031047506,-1.630380792275938,1.9730153372656247,-28.20208230721167,-1.0947846377654549,-1.2263172546123813,1.478775625918718,-21.477108582018236,-0.8818982952609054,-0.9895297886629313,1.1806543958617726,-17.962999309477354
NGC2841,-0.3684237790265996,-0.605513668262688,29.71236542959605,-687.9225295932973,-0.022650873596077693,-0.04008112249847937,2.3576262062794475,-19.99182836215732,-0.12448148569390582,-0.2092133997358677,12.322972843161727,-96.68116823762486,-0.16819249708351336,-0.23501141276014437,11.748504250918348,-222.65645927402807,-0.16418714336563767,-0.19642435234291256,10.022397379502147,-144.5555306791234,-0.2544826203199726,-0.26193219059776496,13.670300116463652,-130.23499316373434
NGC2903,-13.542577049064027,-16.03307321355595,11.181721761366221,-688.148571799083,-1.5750053205211678,-1.816023483641904,2.749625899722799,-22.39134566510026,-5.6994236225446775,-6.521224237248837,9.916624176620997,-76.58097445851767,-5.875113934756964,-6.923139657191696,4.547452299448701,-309.3165916762811,-4.2445501031372945,-4.964350250456455,2.9356121807832034,-235.89432349348562,-4.33626311627627,-5.001101196066467,2.3388913903029076,-264.4426796952112
NGC2915,-8.63222826552601e-09,0.0,5.795088129247387,-98.71988423914259,-1.8232472568750306e-09,0.0,2.0430813375866737,-7.810698906091239,-1.1314230014732494e-08,0.0,12.277221112388588,-48.51079949031497,-4.069177439447458e-09,0.0,3.05337380544238,-45.52349675504901,-2.9149975766529224e-09,0.0,2.5771705509260827,-31.38395274808446,-2.8090556547510914e-09,0.0,3.2568662160482305,-27.808786395074026
NGC2955,3.0717000569779884e-06,-1.758593271006248e-13,-25.02471548117847,-39.566017916730154,6.45698938095407e-07,-3.637090628672013e-14,-2.5250897322993504,-4.401589466129217,8.507275243219149e-06,-4.765920991189887e-13,-30.51726913310456,-59.033468623031276,1.6417219756981183e-06,-9.414691248821327e-14,-18.456677811676954,-19.882142439591213,1.2356439129668217e-06,-7.283063041541027e-14,-20.230211969234926,-13.386939601362323,1.2443487755753324e-06,-7.682743330406083e-14,-33.00561919018934,-10.337605144700156
NGC2976,-3.119275948648692e-10,3.8838426918985647e-10,-1.002153517783269,-29.51343477093216,-2.705294738225561e-10,3.368366511639446e-10,-0.31978192440122727,-4.8080480912613295,-1.1707399622899276e-09,1.4576902894007186e-09,-1.5099248856129392,-20.636686003572176,-1.4146422921967883e-10,1.761411572154259e-10,-1.0937997672437072,-13.924978463803763,-9.45795664009097e-11,1.177669628482647e-10,-1.5368118266652817,-9.990495739660307,-7.773282018064265e-11,9.679668178108614e-11,-2.9752036093513516,-9.657544363067137
NGC2998,-4.825283408393943e-07,2.149990407929181e-09,4.744090986585989,-513.1199446277537,-7.459946023876303e-08,3.3238567453963697e-10,0.5525489879924587,-19.48188881592466,-1.9499284083697907e-07,8.688140577343498e-10,1.7966126859996532,-50.29899359092644,-3.199356530814157e-07,1.4255547853281314e-09,4.133348388866608,-346.6643878960395,-2.3732688170241545e-07,1.0575060827022753e-09,4.555942888363878,-266.8749281383352,-1.8356184838808076e-07,8.180158772574941e-10,7.1389901428045155,-230.00387182980162
NGC3109,0.19390991535705693,-0.09896662373705678,-3.470632745259906,-202.0447850275244,0.0831264360309449,-0.03800925564122235,-0.9924046130928929,-13.021608815189335,0.26017664758173986,-0.11918126834842586,-3.0970525438965284,-40.76198484329889,0.09435977135571394,-0.05304480097737507,-1.7778987908488837,-101.46953162344393,0.05944626580672341,-0.04011185279671259,-1.2420424181911645,-68.24253989520494,0.03679914038659893,-0.04076835692407499,-1.0592790683001678,-52.5233222504489
NGC3198,-0.8662227896498962,-3.317404201094064,56.19943850898901,-968.4645143804942,-0.03451250954052259,-0.21203915894944675,5.540522989068759,-24.714908510607685,-0.09024564329296286,-0.47105712779583264,12.948235637995595,-52.96679693494926,-0.6657499358777699,-1.3799143058635224,27.284450464190137,-330.9792059654958,-0.8518607687200266,-1.1568840701167176,26.63223543194664,-208.3767649856947,-1.577923707357229,-1.531207521366099,41.01209349446023,-169.81749228920455
NGC3521,5.17559328727657e-11,0.0,-16.547598665259144,-37.386676182536576,1.0763717078137662e-11,0.0,-2.0453564306699796,-3.6113038128415473,8.016805676093321e-11,0.0,-16.08333992394074,-31.768778552508895,2.429634271550185e-11,0.0,-12.837748149504176,-28.019157122562454,2.3031354601243947e-11,0.0,-16.48890720300386,-35.47981234759779,3.4565683648679624e-11,0.0,-30.605487244934228,-65.34626183555623
NGC3726,0.15444351022786496,0.15444418189208475,2.270706786448845,-38.826970485637005,0.04540073654556694,0.04540093676613203,0.9411590618599842,-4.708930467657189,0.5371129022452408,0.5371152689537452,11.601606061831186,-55.736503624069144,0.10487986933315008,0.104880325330579,1.494980169441234,-26.3637916547271,0.08153619577172266,0.08153655010171756,1.0929985947939316,-20.491560737498965,0.07213206166984265,0.07213237473045386,0.8066311983463601,-18.118169381487913
NGC3741,2.6757216402461825,1.7992223787410069,10.6988265834365,-185.81318919312045,0.43622091954879627,0.2867017558769098,2.6205468327253625,-10.63816777344643,1.0921758183257053,0.7167103215773665,6.71007424544451,-26.67510629994298,1.2940417959480657,0.8689483985450321,5.376897203342598,-94.12869599803354,0.8042691650653424,0.5384152112627243,3.621243351060863,-64.38193253398674,0.47174480127392826,0.31182303597062555,2.7983842481686914,-51.95275360490993
NGC3769,-2.2699242794798877,-2.26992427792883,11.018771714913212,-37.51844173761338,-0.325838759033456,-0.3258387588213985,3.1251942878935997,-3.64010643304718,-3.3797765808977904,-3.379776578700632,32.374449578636224,-37.71920063482804,-1.5106791599875518,-1.5106791589520796,7.3197942143376205,-25.0470102591015,-1.1291038304921015,-1.1291038297133538,5.450765267346432,-18.83733134536501,-0.8939097695971316,-0.8939097689689888,4.266819269700864,-15.194841838785322
NGC3877,-0.42081077864861394,-0.420810282460387,0.5763390656169203,-119.94408645603802,-0.11191167626739366,-0.11191154320711583,0.1378756149942768,-9.218789864643155,-0.6602899355404094,-0.6602891751027469,1.1432041823137622,-52.693104341375395,-0.28291193050620267,-0.28291160958556416,0.4487063960149702,-81.04150791342543,-0.21574106499033996,-0.21574083910713227,0.4332503254167641,-62.39930634916924,-0.18112993305792346,-0.18112978788880763,0.5787295285066985,-53.80306607317575
NGC3893,-0.5547630320538797,-0.5849599371270413,-0.891110311094484,-34.76740139453671,-0.4909261746444669,-0.5086728930138303,-0.6521898823029285,-5.539537812658206,-6.229208099447362,-6.451428595336523,-8.63574197874729,-69.42353545417296,-0.434501379406891,-0.4589171831814382,-0.726622259713045,-27.99717945074542,-0.346569405778721,-0.3673463751175403,-0.6284085678233005,-23.636413434147943,-0.2571635782265628,-0.27607932215705655,-0.597495961723362,-21.04517580833847
NGC3917,-3.1626794633056265,-3.2327673751208037,1.6495573291019299,-206.12669725677637,-0.9022513790685924,-0.9187376214965393,1.0345874255356378,-12.789425547308795,-4.7261521027793485,-4.806401531827763,5.759720214292241,-62.46408304851559,-1.8478349346813583,-1.8864568024915132,0.966876473452363,-125.421503289912,-1.350309792186352,-1.3753453851355342,0.7107947309684188,-98.48379910339409,-1.1698352353188888,-1.1844786579307374,0.6251833304797789,-100.42310731135478
NGC3953,-0.8075091543201349,-0.7923901228979782,2.5813184270076337,-39.62352855282957,-0.22988240244839786,-0.22466105392598268,1.3678484544153693,-4.736338122145381,-1.7804061778972478,-1.7230950444532738,10.74073239087376,-35.33726878303395,-0.6506729899361043,-0.6408158256320404,2.072508952251455,-32.67072171758895,-0.5500036024134136,-0.5455194002161301,1.7395144779517926,-28.845432890199618,-0.4914273726971943,-0.49717546010093105,1.522959026724457,-28.889937657279503
NGC3972,-7.247393723570772,-8.199778399517326,0.9656656533267849,-120.21992625208367,-1.7815408502706125,-1.9426578728149295,0.7640759005239539,-9.899120464444035,-9.453914910525121,-10.328795247453442,4.191192966987288,-53.62418716275654,-6.048890261749624,-6.824939502203035,0.7479810972419441,-97.35337978345905,-5.459034022946362,-6.12931088948449,0.5823985386691469,-83.09021445586936,-5.754780374924047,-6.389909830654605,0.39397835277576615,-76.266350026997
NGC3992,0.2759391607508423,-0.0933862926075546,0.08014998532375672,-91.04371459770394,0.241891372795925,-0.06434939290113584,0.05798860690587665,-8.812135500865434,1.7709227722599223,-0.46943653303439703,0.3683993883938682,-63.930805926183695,0.2216736871250977,-0.07509994981134327,0.06611968585501626,-73.51172101867482,0.18626533681162116,-0.06323481771828537,0.0584325675391984,-62.38768308308178,0.16360896808606323,-0.05587662543838573,0.058655190445074,-56.37551124483438
NGC4010,-0.16426401759664344,1.3411068148735446,16.558096840093974,-96.9782779817071,-0.016431415898509123,0.13893728299855054,2.2880117614067963,-6.462299841214655,-0.07435757673478664,0.6320635500858601,10.455998621547517,-30.535590218588712,-0.12288141352532378,0.9896362212494978,12.205776779580058,-63.72452001632357,-0.11221916283534128,0.8855746829378219,10.90490091396116,-46.401892055020895,-0.1379147767275022,1.052493787151942,12.92528472143161,-33.78191854668442
NGC4013,0.08898893651413486,0.041300053103347056,0.34342404983992936,-208.24407354100458,0.047940655356459555,0.021797399784888948,0.18084288024120612,-13.259607029241394,0.2371645893679678,0.107777536329241,0.617047343821973,-76.01913815395604,0.03680646696946244,0.01704929426409174,-0.10522349732058434,-85.31604156977284,0.027927884326621077,0.012901460327125025,-0.3455426561277064,-63.85982130413705,0.03184777046097831,0.01465113731351897,-0.8562678331846234,-71.29911048381456
NGC4088,0.14620171913827118,0.005328284217818391,0.8403537593683812,-50.48204068004552,0.028624438319223556,0.0023645316768911065,0.2969646249653234,-6.2577437863707,0.29848374500110686,0.017265550458044145,2.5692205280274343,-44.58416535496434,0.10235569662564847,0.0057585457271662754,0.7247221542549995,-33.81106500075832,0.08409859826943822,0.007628443668306062,0.7902710877053678,-25.592855571660696,0.08487526053603522,0.014045637429680458,1.224367602998178,-21.037220827949245
NGC4100,-0.11011587849078658,0.13629757463089975,-2.884727312213768,-50.539652556198405,-0.07070319044679033,0.0447782993639798,-1.2686577427480283,-6.563517404352643,-0.47744961405855985,0.3292336518693899,-9.582628960120815,-48.34800248998392,-0.073910724337162,0.0656442568571779,-1.464681811053823,-26.244351702383153,-0.07441086301379962,0.04042346396042262,-1.0062120806318005,-18.79560170063404,-0.11236650253565594,0.02280400659550108,-0.8216135253146666,-17.020277548327403
NGC4157,0.012256839989790297,0.012256839986476031,0.029058362787227163,-43.6412638182717,0.017896063806161405,0.017896063801171473,0.09289039132160049,-6.218230555607623,0.21111885158018145,0.2111188515219593,0.8000638729085593,-72.7039763348236,0.007018813206649849,0.007018813204762456,-0.004342703764205896,-25.403832517757163,0.004934035742132414,0.004934035740820325,-0.03236636813461413,-18.43503723267267,0.003843565565049993,0.0038435655640616725,-0.09257368817971087,-15.686231264154337
NGC4183,-6.372376204400361,-7.678176039652314,0.31244710981072527,-64.171705441574,-1.8457092294866055,-2.0742819585743955,0.24764219787693423,-6.976596308543033,-12.397443863948249,-13.838950378539746,1.7104431979249939,-44.81466011324587,-3.3209016786723016,-4.025917982109402,0.15417818697100497,-36.16891723362915,-2.39355255441103,-2.9330519377839295,0.10005830073485981,-29.55669750620897,-2.1993051452246375,-2.760278840187685,0.068907621748072,-34.416716668183184
NGC4217,8.03568322993442e-12,0.0,-5.5010730269593004,-148.57884022488423,8.32606206202513e-12,0.0,-1.861197489921753,-11.455529348137343,6.846797018233986e-11,0.0,-15.040343696521255,-94.2250349949973,3.6955993820697586e-12,0.0,-3.1265589396433096,-88.46439420100019,1.3322676295501878e-12,0.0,-2.1649153516835096,-66.91215564219299,-1.8705037518884637e-12,0.0,-1.6106827949869924,-62.979534420516586
NGC4559,-0.01750684257168389,0.02598702485846993,-1.734099087516815,-51.460028348219936,-0.012543875807310352,0.018720251406323662,-0.7443575396992517,-6.508315180951092,-0.07494407505900215,0.11203191820603887,-4.477053805137079,-38.855852483011304,-0.007001802687314984,0.010809126619544696,-0.8340569420697441,-20.67702831665496,-0.004374958752873692,0.007273599982411422,-0.6968072226223626,-13.039413919618083,-0.003179239980203058,0.006419845467635882,-0.8897251811699493,-9.736892788904928
NGC5005,-0.055778038085471826,-0.010778140433677641,0.31999334809399893,-6.761793279220872,-0.043987135361540614,-0.008072831554137905,0.3083653784430933,-2.1326019954218998,-0.9678104193564954,-0.1775453418543412,6.7747329846402025,-46.96829296742915,-0.03828223287602228,-0.007968538003192083,0.25644823410201845,-3.872403776343754,-0.03577025857126942,-0.008111417459761183,0.28254661313903956,-2.7226133069451848,-0.04822180403494669,-0.01208595387103173,0.45511166226301514,-2.1218502288145045
NGC5033,-6.423260921292275,-7.36826922170264,-9.02642370424754,-675.3783477408165,-1.3074212173363728,-1.4207535281012098,-1.6026930030542963,-24.30628947877269,-5.451895052314081,-5.884738229786097,-4.404753256135632,-84.49208584092713,-3.7632990061111906,-4.123983394043438,-4.149494576661552,-346.4402584776702,-3.244424064694198,-3.335787306951784,-2.2813733504914113,-242.62828512812948,-4.088323684915807,-3.8213868297901925,-0.6198781864819054,-208.22446766788306
NGC5055,-1.2746313047416606,-1.5904052940706492,425.165898979307,-6392.787189466068,-0.026807146926411136,-0.03175544945886988,13.605565982165196,-39.96099070452207,-0.05816151732303487,-0.06571735306404164,23.19538225223107,-60.96443530673477,-1.0080011187946525,-1.3012488391154875,380.79138768484233,-6074.399889241316,-1.2156414121087096,-1.6007483073966569,491.43144826116344,-8061.8928209847845,-2.150520466875264,-2.868851924110004,907.3049281649689,-15129.326366612233
NGC5371,-16.66074321374211,-15.634746927534934,35.474559648689464,-31.060430093599564,-1.042041169367113,-0.9808818448834269,2.9081805213794647,-1.8577531003349113,-4.588731963849669,-4.322433550333423,12.927343472682779,-8.136072728589205,-9.597023469330928,-9.015267874498093,20.839149539784046,-17.765173526549212,-6.82515471460124,-6.424264994418046,15.382566314594923,-12.458520330873704,-5.497591979084639,-5.203844185558594,13.667731711410154,-9.636320705954972
NGC5585,6.019181261751605e-08,0.0,-61.68269733144563,-789.7682722982236,8.52843938893566e-08,0.0,-6.804607620789258,-25.377086476908556,1.8087488910668862e-07,0.0,-12.625589811324451,-44.58302184555767,4.057721067485254e-08,0.0,-40.78210058467484,-505.7342705447309,4.102654627136104e-08,0.0,-40.442402948385926,-484.95635955731285,6.221382287119326e-08,0.0,-60.15405796814554,-696.2676728548421
NGC5907,-1.2945712946077492e-08,-0.5548964931439531,-7.923209085367067,-354.70386046656586,-4.2887633999733055e-09,-0.17459306399629165,-1.6878976676131208,-17.029417473723626,-1.6207983899452216e-08,-0.6717316955481252,-6.610787396779422,-64.48551418705392,-7.551594238819348e-09,-0.3213747607559776,-4.572371555193255,-213.43229187206532,-5.501776478844533e-09,-0.23096980307239023,-3.2634129976121846,-164.44472455808437,-4.729814206960725e-09,-0.19153247284769848,-2.65513209580223,-161.20852715461572
NGC5985,-8.76774131798458,-7.1496406904976695,41.00499252104582,-117.28696491856385,-0.5853447362984447,-0.4746695354582645,4.020392330072213,-6.036410896169447,-2.529033103181056,-2.043595629396574,17.21355903838612,-26.59129675954145,-4.260564074705737,-3.5569244061999825,20.925053846307065,-49.05147732612231,-3.604686981080974,-3.0944129163761396,18.73197970130283,-33.328037527197395,-4.676502024909546,-4.151577021003334,25.958867522462242,-30.065912816225627
NGC6015,-4.082124860360636e-09,8.623127355604922,71.26898948667863,-94.97274397235614,-2.0637420167841153e-10,0.44414941285352355,5.280326204661615,-4.297791396456269,-1.0546012285672646e-09,2.2535142962376344,25.42633461984806,-24.29061675315232,-2.3678694560658187e-09,5.076958542173941,44.23045767459904,-44.12234793074096,-2.6293278665434627e-09,5.68927443367113,51.10722801960681,-41.431128686391276,-4.4679353550236556e-09,9.72755168483674,89.15292018867785,-61.645920335879524
NGC6195,-8.964750001831533,-6.620854620453521,36.39423288381386,-22.233728383945696,-0.6379075795147766,-0.45849264524204764,4.106974336972611,-1.6242984910932716,-3.7946354798235964,-2.688673371169971,24.379296653261342,-9.96688091418154,-6.166871366116176,-4.737607649138454,27.112204919497493,-13.576641374977896,-6.357242731011333,-5.061312217974567,29.961587916452412,-12.330797160658662,-9.821421143859737,-8.077525180216014,49.216456370111,-16.62742941950914
NGC6503,-9.250849670530593,-10.195466407170963,8.105276251491054,-672.9936162638076,-1.2192297905611866,-1.3257108570685803,2.023623980791821,-21.656089599379982,-3.514913290800184,-3.791623799440505,5.720419658463882,-56.326206767225116,-4.477984521501307,-4.919577808190741,3.8920211002066263,-344.70018620769366,-3.7707961425496546,-4.126475186772158,3.244901437141897,-309.8160410075218,-4.863246249006303,-5.2957762594407205,4.1324117714037545,-431.2373199204812
NGC6674,0.16530575980354567,0.1101951984684586,-1.271468440757115,-893.4142257112736,-0.012408033633701132,-0.009237981107467874,-0.1606614528185574,-27.050860563745392,-0.18585470029772932,-0.12655129378937127,-0.08070569606500537,-87.28393887597576,0.15374270664082412,0.10073206739692142,-1.3119778830441367,-669.0992653017491,0.18061533013830866,0.11645195317461488,-1.6804817960921916,-612.0591212176622,0.3012321844891046,0.19132852884430918,-3.015981558015568,-754.2105103533704
NGC6946,8.317916434671252e-05,8.317923724456694e-05,-0.4632497914913153,-16.954085832504347,-0.00033627887689400535,-0.00033627893697011957,-0.47093878566776487,-3.8166258787382503,0.0035529813050392245,0.003552984344814554,-5.636468876129889,-47.456445064828294,-0.0002977646334405004,-0.00029776472351304706,-0.12552684855401117,-5.303464934129082,-0.0005409554545998257,-0.0005409556329247361,-0.07471960973076852,-3.962432129837456,-0.001158377264150301,-0.001158377655840176,-0.05735489802890334,-4.687487012629372
NGC7331,-0.1588670190992474,-0.7666237918645908,7.087939422080794,-484.1562684067884,-0.023196351604014342,-0.1256477879617689,1.743293837089484,-18.612092123047823,-0.28322597324661525,-0.7778449049387991,9.252450551811428,-88.57808081059652,-0.0807930673162982,-0.29993355281604384,2.589405354898952,-204.91319923617016,-0.07751305936910358,-0.2091564948895952,1.597047851945504,-160.49363486329491,-0.11659076212550468,-0.20645841556485656,1.181482745136434,-191.73624541454473
NGC7793,0.0,3.049042801893229,12.832078284402867,9.428554290247707,0.0,0.17962996023227612,0.9580853961674007,-0.4011512314806499,0.0,1.121426445529964,5.872352034495176,-7.647154783112091,0.0,2.5293556852656955,12.126867837171746,17.406912706791545,0.0,3.3751149686461908,16.831419062476144,27.429143692858567,0.0,6.398878887596865,32.52313005961943,55.96435643247368
NGC7814,-11.787614656225394,-12.66302610111287,4.437333440567296,-440.4482783221996,-1.734238476936183,-1.8416956184057178,1.2519272073513532,-18.811659582999113,-8.358607751206662,-8.873082074110776,6.027648011027104,-90.03363509658894,-7.370226175569014,-7.8694850783788475,2.739484973320429,-251.96163468065038,-6.047383243714615,-6.395497783705281,2.2030516915190654,-176.76081017160612,-6.701583081664255,-6.96620959248119,2.3532987093102773,-136.86446758235286
UGC00128,0.42703246948967344,-0.4181665889591937,2.5031313504140416,-284.77604374255844,0.07604307833794555,-0.07328550624570347,0.5519351785975536,-13.575158716666204,0.2231320682647207,-0.21949999238338785,1.8886481964359718,-39.8134182072016,0.25543396322376655,-0.24587769845356888,1.2777373511818357,-169.22553477968975,0.22617961345441895,-0.2129776709343414,0.8867204687543104,-148.60037373100727,0.2953878955276048,-0.2701164651226726,0.7435553794901777,-191.96281902348713
UGC00191,-23.902235559435667,-28.596643088227665,235.27524128320113,-1978.9678542493439,-0.7023128490422064,-0.8407024662545126,10.087054696669565,-30.05211096136798,-0.5839355741257664,-0.6893783937484698,8.991642592838822,-23.025334450892572,-19.103129667600598,-22.784667523674443,188.3838749669371,-1621.9294165747383,-15.888176756420535,-18.832811358215878,157.2593657064079,-1416.199735771054,-13.538471020011968,-15.745351391723489,135.4952360642476,-1379.9789156977465
UGC00731,-3.8299173417829913,-4.758284456179644,-0.7416834106330492,-71.50471580249706,-1.4633277076887428,-1.6818020474426403,-0.4491191645192532,-7.862712202350185,-4.636284799876108,-5.31588455832248,-1.4549051727068159,-24.603039221676855,-2.565616895855181,-3.179124556462674,-0.5127223742954654,-48.14236879182446,-1.9427206738911662,-2.394745795861372,-0.41194193153174796,-36.81561397910798,-1.5985957439124059,-1.9407623451235785,-0.3953139071697558,-31.153700907861495
UGC01281,-23.852210637192243,-12.765884602864933,3.3498305906928993,-23.92038174800573,-3.246814664134135,-2.0606018447946903,1.281032306633854,-3.2532980575959902,-12.98725865653654,-8.242407379178761,5.124129226535416,-13.013192230383961,-11.982355645629548,-6.478901124786438,1.4798151551051975,-12.016094752987483,-8.063237533130936,-4.447212514329587,0.7264099164151283,-8.085268340637807,-6.216179130948488,-3.6232858558091094,-0.040492983412411254,-6.231662892432199
UGC02259,-15.863340147665355,-19.614693948390176,5.228845086839971,-238.76863644287258,-2.1390820312798775,-2.5251269512014876,1.2750835759437043,-13.00658634409752,-5.684979428668477,-6.681974330941216,3.444534024727915,-33.85625442951667,-12.717364716774606,-15.677211100639115,4.266308163698362,-191.69092930594022,-10.642291595049375,-13.040102487077544,3.6939769601259433,-160.86914134102045,-9.236361075652274,-11.114899025753482,3.5229749410781723,-140.78506465648385
UGC02487,-6.431335616337293,-6.51356797020966,13.993577646237295,-1178.1028261097008,-0.623361108071171,-0.6303932900696355,1.953981185993499,-24.490583737445625,-3.678525950912274,-3.7108601887647414,11.654548615741303,-110.54635305435622,-4.415699512681135,-4.475042437524044,9.457058129216879,-962.0386104335622,-4.127900483560534,-4.186734742632758,8.664959954365614,-1077.79882102272,-5.568179198162898,-5.65334603979273,11.384629035466928,-1762.2416939849222
UGC02885,-0.2154788542953865,-0.8038851087737449,2.593952687258597,-147.8672575239567,-0.04101232975357483,-0.21018414129387253,1.354956342189483,-10.66360949995721,-0.4101232975357483,-2.1018414129387253,13.549563421894831,-106.6360949995721,-0.18606270496876554,-0.5258981071875695,1.5549033158185792,-84.52737808145909,-0.21834859699809872,-0.46127793807490014,1.1901348134121388,-59.21368795189871,-0.37127900581383666,-0.569789020927465,1.1501863772534908,-45.65173679733137
UGC02916,0.0007838895435329785,-0.009908873327974521,0.004128526228905416,0.027207221302448514,-0.0008780141758851377,-0.0053905646102028575,-0.008471677441382462,-0.0212955367307927,-0.002084005748792497,-0.06165532044049846,-0.07098754354980955,-0.23570922192371319,-0.0034965627461825965,-0.012193443503365875,-0.000429062201517727,0.10585769796230798,-0.0066073687605417986,-0.017984648974868733,-0.0024237224542941194,0.17966096781117497,-0.01438261578502753,-0.03570742685244044,-0.00637326989603193,0.37721429636610393
UGC02953,-0.0351301125536736,-0.03513011278268152,34.84092541426081,-1374.155979824892,0.00439912232210065,0.004399122302439295,3.2838433662058875,-28.87143247648299,-0.00856674012244132,-0.008566740189601815,14.076404999145826,-91.21432931595241,-0.17420463341172976,-0.1742046334127494,16.046450676596308,-471.82165187661883,-0.27722751053511274,-0.27722751049860506,20.2686614470922,-537.6841876620234,-0.5662817230946757,-0.5662817229934021,37.713712072388425,-949.0467883533177
UGC03205,-42.20157091397252,26.464884044485686,92.64293040397271,-598.2759912633591,-1.4145240723648276,1.053379846427064,3.106506012725154,-15.292288006067988,-3.5966372453214865,2.421797737992097,9.45814668322185,-33.69395558437527,-27.093921709852452,15.650096982591265,80.62460271407704,-261.4435405092872,-32.68410815329386,18.119759543871552,109.23709375532832,-245.9131886252421,-58.69479260663272,31.74790508192376,208.66144337483505,-369.16330706964857
UGC03546,-0.9088500888010951,-0.9657030326603855,0.09179638266878198,-677.0678070515136,-0.17840154319089963,-0.18479944389237715,0.14803016505200392,-20.004202325222163,-1.4258520290879775,-1.4800766998592396,7.095143823726938,-69.57280733001578,-0.5719197705139569,-0.5910712613138829,-0.11460645951270498,-497.6734690610232,-0.5836452209620053,-0.588092842442268,-0.2734818191566637,-572.9029434453942,-0.9074893984208137,-0.8933829011206411,-0.6431898666279015,-981.3358509628654
UGC03580,-9.156245043433842,-10.766729522275426,147.5467078907427,-1657.8783859706696,-0.2203831568380752,-0.29977460408083334,6.803488661862379,-31.722553540472582,-0.4254234303947036,-0.5490732153673991,12.02437040867805,-49.051298821616484,-7.212674288451865,-7.5359292815368235,89.60130924045072,-466.463543560084,-9.456560768279672,-9.443972990987874,105.18533623871073,-224.04777777626919,-17.770420979322125,-17.328012297645017,185.8664041493215,-49.165362757045386
UGC04278,-0.5111208962330469,0.08329759204289555,2.3446990169008837,-20.328668807081705,-0.12428484979544693,0.023340637610242614,0.709462301131592,-2.9916333627564744,-0.9536591722495158,0.19849504013919267,3.773785417143489,-27.100870521133686,-0.40177593579872006,0.061403827246841125,2.0224585606642043,-13.223467285274868,-0.46280460744207463,0.06727592646508462,2.481784443394486,-12.894488699161933,-0.7857499186281443,0.10972203852499351,4.4116654891871505,-18.848265169573498
UGC04325,-4.499423412679645,-4.146735275980113,2.326512072044438,-221.02400083450857,-0.7839630783928977,-0.7343122501891102,0.5551002045050257,-12.643774153926294,-2.3910873890983377,-2.239652363076786,1.6930556237403285,-38.56351116947519,-3.6457800918746006,-3.3440255596488058,1.8320438507537182,-176.7673429910212,-3.1152190127803037,-2.8310835311485283,1.4780935308250456,-147.21968969820819,-2.868364989801184,-2.540803050404655,1.141940996927905,-125.96605827023981
UGC04483,2.7359523535608332e-09,0.0,0.8342777486762123,-49.04311146695321,8.708164189741296e-10,0.0,0.4461486606806484,-5.472052448343669,1.3928573749932838e-09,0.0,0.8733868706715368,-8.769718729173709,2.3128721160503574e-09,0.0,0.5345311461038047,-41.03172334266592,2.1342438927263174e-09,0.0,0.2239575336912285,-37.18849306739385,2.3612534150174724e-09,0.0,-0.37756948328108386,-39.57828335392337
UGC04499,-2.3976952254913373,-2.926133887134125,-3.5590991914600902,-158.39160841516784,-1.260443847036096,-1.4267647395777037,-1.6249719448394688,-12.338642704956499,-3.36110492684616,-3.8043420077177497,-4.3320960798435735,-32.88258197281495,-2.0146394318301164,-2.4366560584625256,-2.90533434329399,-126.71395042711595,-1.8396716122535088,-2.190128296644148,-2.517870269621522,-105.59606484756607,-1.9903610309474948,-2.287605463217381,-2.4069816173580962,-90.5137571335495
UGC05005,0.0748439750799218,-0.07822759122918477,-0.6602858368608019,-30.360406478409526,0.06805952878102249,-0.046662901045232776,-0.19355797428786736,-4.869666531524423,0.6805952878102248,-0.4666290104523278,-1.9355797428786738,-48.69666531524424,0.04052598225602266,-0.06010072004283756,-0.6780727824492376,-20.21000157633138,0.016339484996129194,-0.056999028867199764,-0.8653779236499828,-15.112097068336082,-0.02066041607322755,-0.07421559629793173,-1.5486783472713173,-11.980707781278984
UGC05253,-75.938984576999,-77.06616794811204,-129.91240227384063,-1046.5153525758105,-5.632728196305935,-5.693377063603581,-5.805743716918054,-24.523436389739185,-26.399207305523827,-26.587074768804772,-32.2444597841148,-83.57094164462252,-29.14249031415323,-29.55154217038163,-97.96494846415719,-587.295803004483,-30.193206260883827,-30.60168542549099,-132.83774996480508,-729.4328294261126,-49.80512879193165,-50.46157515787476,-254.6331473571862,-1340.2919305282678
UGC05716,0.1131339968188132,-0.19464321405327079,-5.836972999068111,-525.694030417636,-0.01496931642579428,-0.02102791039841854,-1.0691068236119707,-20.355260526047974,0.022865604821030654,-0.05632584577625264,-0.08938778310794741,-22.129502564435764,-0.04540373240152906,-0.10597112713200074,-4.091918171849901,-380.9029620048123,-0.2152923947222547,-0.04379182199373144,-3.36984288759417,-331.33763409319147,-0.6072089447884599,0.05061419845766224,-3.4180445309715184,-374.65509748955066
UGC05721,-1.5477854767987838,-1.9030150090143438,3.385633812644891,-90.86890648207604,-0.3231874654336892,-0.39807394994604883,0.9365742991980838,-7.713496750800085,-1.4769667170319598,-1.8191979512534435,4.280144547335243,-35.250680151156395,-0.867874949882403,-1.039581848843604,2.031939028877689,-45.113248291942924,-0.7038929152322839,-0.8104870250109788,1.80678884932545,-29.64722559583514,-0.8098663208732471,-0.8720883017675294,2.3724580046598174,-21.27180434959104
UGC05750,-1.6810952629953135e-10,8.125807804404417e-10,-1.2058617063577248,-11.654962219000042,-1.448664660452792e-10,7.002289674022203e-10,-0.5646021937705846,-3.143605217360316,-1.4362672856593761e-09,6.942362786495811e-09,-6.2921260019326155,-35.76448297752753,-1.0164366570641903e-10,4.913101592229907e-10,-1.487545574044071,-7.757401237515738,-6.058870072322975e-11,2.92867036177924e-10,-2.1411158352414352,-5.79919056541037,-1.0925316207277547e-11,5.2816251372433953e-11,-4.173988639493263,-4.594087581784857
UGC05764,0.49766000724716053,0.5753722034446703,-6.87030370998857,-75.39796685732898,0.4424752662701532,0.4557451086020306,-1.9625520494250965,-7.933056007735126,1.199733566140715,1.2266173436216479,-5.337755412734246,-21.51141383908987,0.3789959626665964,0.44599937365559805,-5.451173956625041,-60.276133276142474,0.2839432303369438,0.3478354962127681,-4.467529944911175,-50.15971071391755,0.16138544115538633,0.23686590061035184,-3.6361584754989424,-42.81300828455488
UGC05829,-2.526047673468253,-2.984656463915832,0.4673533472077235,-24.366130407329667,-1.0443158337403826,-1.1826588959862565,0.4512518926919214,-4.392659195431354,-5.284238118726336,-5.984254013690458,2.283334577021122,-22.226855528882652,-1.8341908303160612,-2.1333982580746156,0.4017513982352047,-16.230892448542264,-1.6008816947428848,-1.815489616752053,0.43658729882148717,-12.153377601890421,-1.821277928608321,-1.96944990907226,0.6739268394053907,-9.675201918673276
UGC05918,-1.025804544863205,-1.220997590811147,0.84053119752168,-37.40171097263952,-0.4125852508494267,-0.4845260945871283,0.5276955074748149,-5.215026372611327,-1.621460035838247,-1.9041875517274143,2.073843344376023,-20.495053644362518,-0.8431732658231197,-0.9933736428886826,0.7144198576794052,-29.881240086495104,-0.7401937714068589,-0.8554373194735094,0.6653413808362727,-24.834152252718408,-0.7310073609168315,-0.8042701462905697,0.7502707535542097,-21.11443610968788
UGC05986,-0.13242985460767534,-0.17098865581249348,-9.086590460691587,-194.7638250458572,-0.24436826058662878,-0.28649781008938446,-2.8490837248291694,-13.369476078302768,-1.2584530311307465,-1.460834418538634,-14.888618677934266,-64.0668846315853,-0.0845521199588593,-0.11205257494573159,-6.0952147833397134,-137.66672007873058,-0.05781241529975808,-0.08112963781540258,-4.627642801822766,-114.98629513128658,-0.032805913033279135,-0.05792020610697139,-3.8370703558213695,-120.156048278402
UGC06399,-0.8511285726268771,-1.0232604234182714,-2.8263636788480886,-94.61700242390081,-0.6020062172603942,-0.6903374649738225,-1.3822574954172886,-9.409302646335025,-2.949830464575932,-3.3826535783717304,-6.7730617275447145,-46.10558296704163,-0.7343093817194175,-0.8725278887918915,-2.2736325356219633,-75.69816630915794,-0.700935357462708,-0.8169724907553666,-1.9155964339241243,-63.08941254102709,-0.8296868361876757,-0.931345920892918,-1.6956894828356477,-54.09620090675443
UGC06446,-2.0233630790253083,-2.6061554967556266,-0.007316068738968846,-30.756997368177263,-1.2149469525711207,-1.4002995020737927,0.014487284007772255,-5.186204366472525,-7.787689920620924,-9.011010807287523,-0.0017814289740556433,-33.992778310481526,-1.2490113417410762,-1.608347794743269,-0.011200053250195963,-19.15560455127402,-1.0042333544360134,-1.2926059715563631,-0.017667256834236457,-15.621171663133639,-1.0723150769906105,-1.379148859434298,-0.03626839654733406,-17.121474688353157
UGC06614,0.01684990323961988,-0.0339938623564211,-2.0779093230264962,-43.02314757084569,0.01997348155063741,-0.012386873787999839,-0.5801167942346743,-5.83329977301953,0.33056945478321603,-0.19838770611163645,-9.290467030723127,-95.47862856341948,0.0018093541888456466,-0.03224703826093922,-1.9384896605904038,-28.568621956663254,-0.01277885631471709,-0.038561973730692145,-2.283692413301912,-21.256251831646658,-0.044149177747016655,-0.06535364706852365,-3.8185343335033908,-16.59648633927544
UGC06667,-1.2532913051315027,1.0785813839336351,-5.688553290918005,-300.1006875415547,-0.42472267278117226,0.5530761416662138,-1.4579591067030042,-16.129312848386437,-1.3695753153832513,1.7818989065841535,-4.669495542069249,-51.36405153763383,-1.0235310932782373,0.8833244841227157,-4.5585393221372765,-240.44821235932642,-0.8877726596869229,0.7702026983952759,-3.8116105841191836,-200.9862808429097,-0.8505110619017993,0.7478567856636975,-3.300080598114466,-173.84965069141955
UGC06786,1.1020083584220934,-2.595575286773034,15.040397459431233,-2555.412467444023,0.09997525133537172,-0.2532501001822991,2.4597738570014975,-39.20843224159391,0.07531326710347405,-0.8883852368703029,9.927360131176194,-88.27192710512738,0.18451667051855303,-1.3978145622661113,10.29151458758901,-1593.8088633367763,-0.10867333643543908,-1.477836097369785,12.508567273887728,-1846.6909670285881,-0.5477309661965393,-2.425198698142953,22.506816312779065,-3227.077081505825
UGC06787,4.498161501942377e-06,0.0,439.52818094169106,-2679.5632606732643,9.778428555762275e-08,0.0,11.221765034973902,-32.78230111136122,2.6842256588584707e-07,0.0,31.96992049046872,-89.97021526526449,1.0338280844734982e-06,0.0,156.31892684861504,-714.5694581788644,6.200443749548867e-07,0.0,153.90614382161505,-535.9451455085176,5.117167347634677e-07,0.0,244.75574694220688,-652.4832148572082
UGC06818,0.0,0.0,3.1327278144428394,-42.83675912543751,0.0,0.0,1.0682559336209612,-4.831853775821548,0.0,0.0,6.409535601725768,-28.991122654929292,0.0,0.0,2.513844872443931,-34.388640252734355,0.0,0.0,2.1076417618527064,-28.85592179791923,0.0,0.0,1.8393898854008572,-25.24464562272087
UGC06917,-1.7018684111324354,-1.8888355887465047,2.0352708589681936,-118.29136061994096,-0.46819580792030924,-0.5156756171693127,0.8398024453233907,-9.330235653504483,-2.352197873136575,-2.580433658915387,4.519885766115507,-44.78807487941352,-1.154522740499485,-1.2744542020904235,1.4466810741432021,-80.38601453038582,-0.8958077549914074,-0.9786863659569496,1.2197615578540102,-62.57717207342717,-0.7884438830734306,-0.8377788072994756,1.299211051675069,-55.55212448027242
UGC06930,-2.216620560353037,-2.6535087940038955,0.9888646765058862,-37.15699563214529,-0.7943286609036496,-0.9133506221037999,0.9431983072506936,-5.187914729083365,-5.878032090687007,-6.75879460356812,6.979667473655134,-38.39056899521691,-1.782624603050571,-2.1314218304638985,0.799846624355472,-29.72586260091804,-1.5010674271557125,-1.7905428508212196,0.6811303255474986,-24.77199565943471,-1.326607029425504,-1.5716715661072556,0.6213469211154123,-21.234279544666073
UGC06983,-0.7768850309583081,-0.9895271123263606,-0.1982735862825698,-25.048282338506603,-0.7626555944826999,-0.8793307645516278,-0.34445701972998644,-4.870764801116149,-7.822242315091,-8.979481074821699,-3.304506480650435,-48.584041597033846,-0.4543880209170658,-0.5720457249756303,-0.10699045525499061,-14.483034891201628,-0.33270681915919176,-0.40967433258773506,-0.06606108700942448,-10.375747400718137,-0.28970187131609904,-0.3364625445400896,-0.030434147694013536,-8.529704870268558
UGC07089,0.07869811286239514,-0.1482804720940032,0.7035027904183223,-26.925248747243547,0.056329052736963425,-0.07978570473104474,0.6015857996429919,-4.429760879461415,0.3565279629917104,-0.5242572023821924,3.9795188613990766,-28.604738876012494,0.045257487017985265,-0.10594467570404331,0.51938068607643,-17.95937039774008,0.02313123292807151,-0.09009504824009451,0.465103753253645,-13.483334647671635,-0.0074435312625449335,-0.09760373810102474,0.5534467754740898,-10.819804156617087
UGC07125,-0.4863479299805302,-0.580517350515084,-0.020872036857589427,-38.4170401298382,-0.23626320687185295,-0.2806730175410241,-0.15269262395764596,-5.430820267040608,-0.7741604947994177,-0.9179377699938011,-0.3990859230803376,-17.59025444647018,-0.3478392265955146,-0.40858101932629043,0.15795181945592485,-25.505329698464944,-0.29629032985937753,-0.33878994296906906,0.3762636306334205,-18.969951691707912,-0.32201844767808163,-0.34868198271369844,0.9197303430062806,-14.794251956228418
UGC07151,-3.983838259786604,-4.04489921472225,2.2361634292168464,-87.4938752724678,-0.8302124609733322,-0.8417347771680573,0.6236212480025434,-7.682272133835993,-2.7048955465315268,-2.7424734955427112,2.016171090062007,-25.050043978953013,-2.788753027699376,-2.828685275328504,1.6907822387917457,-58.219005812333485,-2.290856052536991,-2.319642654766884,1.568096608064582,-43.4988878052825,-2.3109839182594962,-2.33122299966272,1.9745011159815198,-34.40223051470376
UGC07323,-0.04431914844825066,0.014263880959704059,-0.28405761175493915,-48.533161528166005,-0.1073411276733984,0.05947264442898257,-0.4021144532935482,-6.802267698602416,-0.41541016409605186,0.23015913394016255,-1.5561829342460314,-26.324775993591352,-0.034772340196384144,0.010835147747951971,-0.22442059539249745,-38.88135482215456,-0.027838652559959473,0.00806936142360785,-0.18230800614132484,-32.49250501783174,-0.020934651213323614,0.0044482082781869825,-0.14415474521490496,-28.085685442234745
UGC07399,-7.501380398841937,-9.040516395271254,3.301874971485864,-132.1590181517184,-1.4613035499527085,-1.6925387261275247,1.6151903447949019,-9.856974605056553,-7.165239651448102,-8.29617287892169,7.92927541690289,-48.232038620180745,-6.0849609065525705,-7.308606155704972,2.713613392220355,-105.65489000883548,-5.210561734592179,-6.217493528900757,2.3815335185697353,-87.92520081979747,-4.825581147417674,-5.655821765434801,2.350371937481189,-75.0544956489439
UGC07524,-0.8083224310645005,-1.138706931151235,-2.8129917462715754,-103.27405629767419,-0.4312987295684848,-0.5738453549395299,-0.9521680714671705,-9.429797611497671,-1.4559311800970574,-1.9333114066705204,-2.8529692873217756,-31.556839589624,-0.3344085832466346,-0.45289200298634613,-1.6466775690747635,-42.249150156024875,-0.22285487805518955,-0.2798190400237812,-1.6810245688793943,-27.580128393709547,-0.19229339536968626,-0.1964390214514371,-2.6447838789108324,-22.62062329621203
UGC07577,-0.6201449302341104,-0.3202140299689482,-0.0648991939529242,-0.7801845159032821,-0.26907201440582956,-0.14450896380799838,-0.03097828034521205,-0.33152750980944734,-0.8529582856664797,-0.45809341527135483,-0.0982011486943222,-1.050942206095948,-0.5021618837985532,-0.2621685891980753,-0.05308347690885362,-0.6291378557548831,-0.42854480251756866,-0.22846943303659084,-0.04617643366823476,-0.532598618182831,-0.39323528620619264,-0.22153393641529273,-0.04456889348640425,-0.4778998571520999
UGC07603,-0.04364684182508505,-0.05404281966669133,-1.0560402762483956,-186.6364921526045,-0.009284334352491652,-0.012167424902415291,-0.3916810026988258,-11.995217636393022,-0.02683172627870088,-0.035163857967980196,-1.1319580977996064,-34.66617896917584,-0.03585612302535024,-0.04275684073291197,-0.365751823617968,-124.13689779019408,-0.0370294349819531,-0.042160071982358716,0.2330986731079676,-92.6715278753322,-0.05395317049661941,-0.05794991702430785,1.4042690364578378,-73.10247317871364
UGC08286,-37.444204081571876,-43.48735889032447,-0.04729729576533692,-631.3524910521197,-5.764696333363506,-6.249964618518939,-0.0678236715865177,-24.862249025896997,-11.553379911293671,-12.526354810710181,-0.1358112828210416,-49.84397339947814,-22.300132079055324,-25.72138966038823,-0.032426601257083715,-360.90034127661056,-16.874914100758676,-19.22503117455571,-0.030258026027606286,-252.80872383918637,-15.899522336168092,-17.604004931851964,-0.040720185746576376,-194.88013744297174
UGC08490,-0.10691393522037318,-0.2645140544887479,1.4217455950347326,-111.2853600842492,-0.031465586527046764,-0.0949896521053643,0.9462963506334864,-9.437758339970044,-0.11610801428480257,-0.3505118162687942,3.491833533837564,-34.82532827448946,-0.07563965379071691,-0.1453241573957944,0.7057875637936711,-49.4003752344317,-0.08478279789902687,-0.12911712955546206,0.5487356758679469,-31.68051790397589,-0.1423982121050601,-0.1740424739694435,0.6143649276934688,-23.173624804894413
UGC08550,0.57143469513831,-0.06254110787894618,1.7569423641150568,-141.5969541652562,0.20015117352092093,-0.019335788481731637,0.7935813402745486,-10.461191161437755,0.4213498832652813,-0.03390919548334873,1.6934162278414437,-21.740315369212112,0.3780045082593422,-0.04347101511934914,0.9290052027598203,-94.3768488584684,0.2790754484452105,-0.03526867613958884,0.3333193420945395,-70.75095576629775,0.2126333201578572,-0.03461193643185645,-0.6055874702651507,-56.52473050690962
UGC08699,-5.984418294247007e-09,-0.2613669435044059,33.66931700733971,-120.46869742950764,-6.573783184471438e-10,-0.027494154462453204,3.8254406460232793,-6.84576159406429,-3.1636816493701364e-09,-0.13252598504237953,20.97130881380171,-32.955634864596945,-1.5336318881509214e-09,-0.07815305681714335,21.299011940422226,-46.63776372381278,-3.667715020583273e-10,-0.03612872486909424,24.870494689824124,-35.76049573105995,9.238974030267855e-10,-0.0027424265753666077,43.67411233324035,-42.21000587241199
UGC08837,-3.30641070078741e-12,0.0,-7.73704541991745,-38.84551123469821,-5.279943149361088e-13,0.0,-2.240212760776976,-5.648024638723645,-1.2363235435408626e-12,0.0,-6.914532398136711,-17.379150307364142,-2.9941604751115847e-12,0.0,-5.988954114971405,-30.877321591348355,-3.0767610681436963e-12,0.0,-4.6563247275385775,-25.399288998773265,-4.132694186864683e-12,0.0,-3.131068819479257,-20.91758744290473
UGC09037,-0.01414017314609528,-0.024658067149016,-2.2920019146397608,-38.90063502622147,-0.021221460648729245,-0.032664661636532574,-1.1996344571723274,-5.466878768810391,-0.23225702547534324,-0.33835172663044666,-16.456437504933717,-63.133794792668915,-0.003613186612347885,-0.010925683390961949,-1.0742229670296453,-23.628437131341087,0.002200408872701065,-0.00541265534924662,-0.6204446576327831,-21.32311757853453,0.012021006536625078,0.00015055903870309084,-0.24999952235388145,-28.526697038591955
UGC09133,-39.525072323005475,-38.59327399146933,-84.80999786913434,-1739.738904583662,-1.9389110632429056,-1.8978382625978854,-3.4232140514974954,-31.67097160407825,-4.11672668506168,-4.028499714624244,-7.154691804144774,-72.3556527808764,-22.114695658174824,-21.60048682537205,-54.362924130257774,-789.9375230563054,-27.05496333276239,-26.429287872073992,-69.80097158966905,-878.9634146400759,-49.27316561312958,-48.13697015243966,-130.31645256086372,-1516.0185135101754
UGC11455,-35.33596652693337,-40.777744776859166,-19.138511277532757,-450.6805802794812,-3.782847002518574,-4.24350401790546,-2.8664230446023238,-19.096268182957775,-23.922675785413077,-26.813223835173247,-18.103286766355573,-120.06230391435973,-17.1359317354177,-19.019224386585208,-5.003369758879318,-171.78168968536897,-15.711000836295396,-16.745135919024364,-0.6668395457086351,-114.63061763229595,-22.62825251777938,-23.120615256497693,4.68395019007983,-103.38434839632531
UGC11557,-1.7764989479474025e-10,0.0,31.50470042326266,-1.1581010103204683,-1.5720461969218984e-11,0.0,4.827619450875637,-0.4313692751060218,-1.053270951937672e-10,0.0,32.34505032086677,-2.8901741432103463,-1.263273929907882e-10,0.0,23.597842418834965,1.6131174085032818,-1.0658496307769383e-10,0.0,21.590445019116018,4.787615179452864,-1.1368328500793723e-10,0.0,26.613307707268312,12.416757238943246
UGC11820,-57.782837542861515,-62.590782652845974,30.671966041026042,-465.7134963592032,-3.366054975231086,-3.5968467426898396,2.7836089994353888,-15.367802176855022,-3.4430177118316507,-3.6570562514330685,2.837600390092611,-14.493405473081413,-46.22323721042954,-50.077904286465845,24.53818638787181,-381.8711547097745,-38.51430963559184,-41.74038384570332,20.44951124831149,-333.72655829549865,-32.999267585394406,-35.80009257141313,17.530782020199798,-325.9100112064784
UGC11914,-1.995718664115394,-1.9957186641523634,29.200173896251535,-51.94837826071108,-0.10843904519544537,-0.1084390451978102,1.4423032898275445,-2.5170101034769696,-0.4109122566101068,-0.41091225661947733,5.040151357696282,-9.95742252172555,-1.6342485371201079,-1.6342485371467177,27.700748080349904,-38.865650890974585,-2.2313635881729397,-2.231363588207998,39.14408988167081,-51.784436310039,-4.286719802340087,-4.28671980240631,76.3625539722584,-98.3576405989397
UGC12506,-0.8181954921062533,0.6746253660232433,1.9067933086532176,-8.911537159170862,-0.24286672835776618,0.2437073112094657,0.9441083063296958,-1.9048655962240602,-3.2537762354433943,3.3037378704438214,12.56591255343879,-27.410956314878643,-0.42562657846373897,0.34257328749108285,1.0020574497791594,-3.7091008895779503,-0.38895208856638375,0.30501223103415853,0.9254610640093148,-2.4987955883732256,-0.5510971051971094,0.4201629164297116,1.3258083910555163,-2.2113586803885417
UGC12632,-3.2466222824679094,-4.031534381205374,0.7573094557933995,-126.87511936946797,-0.993659583733575,-1.1733698467970248,0.488805519307387,-10.212647778071906,-2.8329531595625164,-3.348283457935338,1.4225963195648177,-29.273153172380713,-2.2063621322536293,-2.7284708030327547,0.44874350122051465,-84.58564726301606,-1.7176925151027573,-2.1075249256183235,0.25236342195275835,-63.442586972318196,-1.525164210272291,-1.8328323165196767,-0.00017535194809970012,-50.762113237989325
UGC12732,-3.2908143327295956,-4.168171968449505,-0.34640671560915726,-60.837830480755805,-1.2405180275299925,-1.4758761526650261,-0.17408217950095273,-7.286758907682748,-4.0399580747532475,-4.814422157021543,-0.559439877027234,-23.954122449394223,-2.212050310877305,-2.7044191126632517,-0.37861491475779674,-34.76949138907824,-2.0126541866586654,-2.344742561833226,-0.5179659485040473,-24.345667532459657,-2.6194700721479394,-2.8459154698000564,-0.9821326715575509,-18.743644779057178
UGCA442,-6.055839758985055,-22.58985654833078,-28.365050270787307,-1774.0054605691455,-0.3945582071134577,-1.5361126996455612,-1.3495909964074542,-31.711557326238623,-0.17670197986775438,-1.3761886226801217,-0.04964773312509463,-33.28641201594193,-6.266664388314627,-22.146410382908506,-30.949089457793477,-1690.385353440655,-7.59220795880648,-25.246217226163534,-39.55265661676728,-1860.6227695094435,-12.601860740948027,-39.101865383471065,-69.2896309907875,-2757.023738088117
UGCA444,-1.2847649741363718,-1.7015969103113113,0.09850773526408949,-15.084688251004863,-0.8305975057841238,-0.9981006610355204,0.16236323688585894,-3.521700638456839,-4.444896776869382,-5.313705784076418,0.9165857232471843,-18.3899950004079,-0.5046769003904521,-0.6546524816992587,0.04554402145711427,-5.799520833629728,-0.35423432887744144,-0.44393092297694703,0.039716156998447494,-3.9281489723190073,-0.35402135865163464,-0.41437978233058614,0.05426442383213792,-3.6577015398875
