galaxy,extended,scalar_core,compact_plummer,nfw,baryon_only,profiled_baryons,adaptive_primary
CamB,16.90571832158926,16.90571832154023,16.905718321589262,22.038687988227206,23.613066862697867,22.038693442917573,16.905718321589262
D631-7,1.8479547551244244,1.8479547742625944,1.8479547551244244,0.7692628172098102,109.10232591177049,62.36546264316253,1.8479547551244238
DDO064,0.3800657119607107,0.4454895701505434,0.31983964645317264,0.1229078000095256,13.226302356588272,0.4932605528955738,0.4454895711302016
DDO154,3.2492856310018516,2.8600427682733236,3.048312585651938,21.741567215625707,1611.492219320944,1013.170365611059,3.2544055936624474
DDO161,4.223920453952181,3.982072569815494,4.522180853126215,24.071295212343184,947.3869820694363,130.33286801094667,3.98207256790972
DDO168,13.119604389728886,13.119604293252996,13.119604291990315,2.7420987767928735,132.53788130308465,21.76227239862757,13.11960433509488
DDO170,24.375867096135156,54.16752330807257,56.152253384381716,1.3135354676205908,847.7590910269892,60.91799042981648,24.375868056547763
ESO079-G014,15.66027931252575,15.66027898749796,15.660279308606782,48.17110123119022,1685.7502882923616,33.542180741530125,15.660279308606782
ESO116-G012,1.3841333739317687,1.3926647567630817,1.558018895535417,10.346351363849385,415.14342246717365,50.42279611061084,1.3926647454228627
ESO563-G021,22.618882866532825,43.788274011877924,43.78827185269659,1.6929467447847921,599.1129539396943,85.84125675042982,43.78827185269659
F568-3,3.048020830493618,3.048021125589856,3.048020830493618,0.038487721704269354,39.61726418077202,3.3117539189179706,3.048020831124534
F568-V1,0.8647872372906106,2.373312378203215,2.497164976427953,1.1245161148610092,22.672064860107856,0.9908231338817911,0.4005599083364048
F571-8,4.582737021658372,4.5827369353740846,4.582737013281906,22.251974009325384,662.5133231928752,372.17809673493167,4.582737013281906
F574-1,1.4202071242583487,3.5524529336874426,3.8428598015801025,3.245582652629231,120.57977595696146,1.2765869096758342,0.0034002603875285327
F583-1,3.622104131858324,3.622104121193425,3.6221041212044547,8.6527199186241,39.236097687932855,3.125718586659692,3.6221041253210884
F583-4,1.0955632296983981,4.496707119353793,4.888283716942181,0.11470738235392074,50.57742999706996,3.38733245952818,1.435669435635938
IC2574,2.0428906892863776,1.4801003096351335,1.7755684407765095,9.600929347606405,117.07613801825099,33.156943931651846,1.4801002784008173
IC4202,22.100007722292624,32.02934534313694,32.02934458555864,4.119906856155298,108.9017488879108,8.671732959126462,32.02934458555864
KK98-251,10.75413435181298,10.754134351861525,10.75413435181298,2.361968712782438,53.11240606821824,3.6148822295676717,10.754134351861529
NGC0024,55.63021245121686,137.2716434810228,136.601968984568,303.7729356088992,324.2897153239611,99.53579414241445,5.493751106048767
NGC0055,0.18555767875475027,0.18555767933078696,0.18555767875475027,4.895323998117299,95.2428769904138,10.5694794315582,0.18555767875475027
NGC0100,1.112105862488641,1.0976296223880733,1.1358218831481728,0.2761944353592156,54.2985842595034,15.587598444194185,1.1121058624432625
NGC0247,0.9904027062360568,0.9474316245277387,1.3740508255619417,0.14360458293476955,4.7083089754663225,3.79295055948109,0.9474316245279576
NGC0289,0.6400210753734689,0.6814491904721244,0.5966832670481286,4.192816884348642,59.05512524094985,4.715096015638988,0.6814491572901525
NGC0300,14.047834381479188,14.372749499900314,16.124244637028596,0.21833329166220744,305.6700501748341,111.15117988569209,4.274379227469812
NGC0801,22.326397275879497,36.52180018123596,40.557482365390214,7.740340007818728,282.7157229244833,149.05325793140364,35.655921446974126
NGC0891,2.024183703902788,2.024183701741245,2.024183703902788,4.824140716684242,592.0415477916838,81.48031869815279,2.024183703902788
NGC1003,16.054568624414188,12.637490540462679,12.637488564921654,3.6659983744625975,821.0354919783023,353.11124628546827,12.637488568235455
NGC1090,1.2299596034347124,0.4089735349505855,0.6518640064028117,1.2075614409932258,568.5506161223615,73.05027780005624,0.4089732062388286
NGC2403,152.99930662337604,152.99930721671686,154.1176059387919,18.994552812426505,2116.5957411628283,933.2367942009423,152.9993066235683
NGC2683,3.001826924829444,5.183807969049678,5.4438664528379235,0.041318041900506204,44.97940353403745,22.772389308412034,5.183807916541086
NGC2841,53.20786414017432,53.57628791920092,53.81337780843701,23.49549871057827,741.1303937334717,341.74569097549835,53.692112498949385
NGC2903,11.697688678001457,25.240265727065484,27.73076189155741,0.5159669166352362,699.8462604770845,230.69528933407076,11.697688674281519
NGC2915,5.866557480040799,5.866557488673028,5.866557480040799,0.07146935079341295,104.58644171918338,48.953513841448334,5.866557480040799
NGC2955,5.750789569368516,5.750786497668459,5.750789569368692,30.775505050546986,45.31680748609867,13.421186841925834,5.750789570490722
NGC2976,0.4412693706636886,0.4412693709756162,0.44126937027530433,1.4434228884469575,29.95470414159585,1.4434258557539483,0.4412693706636886
NGC2998,12.505503489247412,12.505503971775752,12.505503487097421,7.761412502661423,525.6254481170012,110.9870771978542,12.505503487097421
NGC3109,1.5652030013275087,1.3712930859704517,1.6641696250645654,5.035835746587415,203.60998802885192,112.07932838109056,1.3712930848659053
NGC3198,59.60787139299053,60.47409418264043,62.925275594084596,3.4084328840015217,1028.0723857734847,564.4220443605864,60.47409435213793
NGC3521,2.131940590586554,2.131940590534798,2.131940590586554,18.6795392558457,39.51861677312313,37.978546095855386,2.131940590578337
NGC3726,2.9203568393118995,2.7659133290840345,2.7659126574198147,0.6496500528630547,41.747327324948905,29.109442719569994,2.7659126574198147
NGC3741,11.437220210315015,8.761498570068833,9.637997831574008,0.7383936268785158,197.25040940343547,158.64526581854827,8.76149966265339
NGC3769,11.08481106850171,13.354735347981597,13.35473534643054,0.06603935358849639,48.60325280611509,25.76069667348469,13.35473534643054
NGC3877,3.3747416145489786,3.7955523931975925,3.7955518970093656,2.7984025489320583,123.318828070587,1.4487364517991395,3.7955518970093656
NGC3893,0.155650125326582,0.7104131573804617,0.7406100624536233,1.046760436421066,34.92305151986329,13.765199380669731,0.1556501302204691
NGC3917,1.7235434701870345,4.886222933492661,4.956310845307838,0.07398614108510464,207.8502407269634,10.102951238178104,1.7235434803045786
NGC3953,2.6765886289903458,3.4840977833104807,3.468978751888324,0.09527020198271194,42.300117181819914,1.4152103385676587,3.4840977798922825
NGC3972,1.037518789706803,8.284912513277575,9.23729718922413,0.07185313638001806,121.25744504179048,13.0018326868934,1.0375188085469014
NGC3992,0.4768864794153501,0.20094731866450782,0.5702727720229047,0.3967364940915934,91.5206010771193,45.45682368704184,0.5490178023209227
NGC4010,22.78697509676103,22.951239114357673,21.445868281887485,6.228878256667056,119.76525307846812,17.772897379323116,22.951239373762206
NGC4013,0.8775832207985182,0.7885942842843834,0.8362831676951712,0.5341591709585889,209.1216567618031,116.17372670557978,0.7885943122411408
NGC4088,1.2432872497043792,1.097085530566108,1.2379589654865608,0.402933490335998,51.7253279297499,28.828343070650817,1.2487996906119385
NGC4100,0.43599615736381764,0.5461120358546042,0.2996985827329179,3.320723469577586,50.97564871356222,14.992128029485201,1.479605567775926
NGC4157,0.12735265176360777,0.11509581177381747,0.11509581177713174,0.09829428897638061,43.76861647003531,23.086941159780324,0.14569995882207015
NGC4183,0.5924047495846523,6.964780953985013,8.270580789236966,0.279957639773927,64.76411019115865,13.284563114471315,1.280336567547843
NGC4217,0.4211093156075699,0.42110931559953424,0.4211093156075699,5.92218234256687,148.9999495404918,18.44827575010979,0.421109320359584
NGC4559,0.503014832722086,0.5205216752937699,0.4770278078636161,2.237113920238901,51.96304318094202,3.1112343196093972,0.5205216739494766
NGC5005,0.36563438107751334,0.42141241916298516,0.376412521511191,0.04564103298351438,7.127427660298386,2.328917689616163,0.42141242263603207
NGC5033,3.1285064557679925,9.551767377060267,10.496775677470632,12.154930160015532,678.5068541965845,112.66832942519218,9.551767490937726
NGC5055,426.6671585197344,427.9417898244761,428.25756381380506,1.5012595404274214,6819.454347985803,4490.429447967465,377.5457962149837
NGC5371,57.08250233696248,73.74324555070459,72.71724926449741,21.607942688273013,88.14293243056204,70.16672981923013,73.74324569177716
NGC5585,0.10119769364247226,0.10119763345065964,0.10119769364247226,61.7838950250881,789.869469991866,140.60439089166147,0.10119769364247226
NGC5907,2.251394909376308,2.251394922322021,2.806291402520261,10.174603994743375,356.95525537594216,162.51481270846028,2.2513949184439928
NGC5985,47.95939491236944,56.72713623035402,55.10903560286711,6.954402391323621,165.2463598309333,36.75385737656676,56.72713618166876
NGC6015,77.65371151250227,77.6537115165844,69.03058415689735,6.384722025823633,172.6264554848584,80.49398922949412,77.6537115165844
NGC6195,38.364986258244734,47.32973626007627,44.985840878698255,1.9707533744308783,60.59871464219043,57.86347724398077,47.32973573789356
NGC6503,9.09279606719617,18.343645737726764,19.288262474367134,0.9875198157051159,682.0864123310038,210.99484549922983,9.092796074296615
NGC6674,1.6027386569537818,1.4374328971502361,1.4925434584853232,2.874207097710897,895.0169643682274,343.7960497363229,1.4374328758678143
NGC6946,0.05110689230984813,0.051023713145501415,0.05102371307260356,0.5143566838011634,17.005192724814197,5.268554216006854,0.05102371307260356
NGC7331,8.569657127527208,8.728524146626455,9.336280919391799,1.481717705446414,492.7259255343156,178.76275031264234,0.36044025836609916
NGC7793,22.877247849919172,22.877247849919172,19.828205048025943,10.045169565516305,13.448693559671465,7.690656884306323,22.877247849919172
NGC7814,5.61718875386541,17.404803410090803,18.28021485497828,1.1798553132981138,446.06546707606503,107.24924594028029,5.61718899718514
UGC00128,7.647324287690326,7.220291818200653,8.06549087664952,5.1441929372762845,292.42336803024875,150.60848047753908,7.220291812550488
UGC00191,280.6566923310439,304.5589278904796,309.2533354192716,45.3814510478428,2259.6245465803877,25.769939708982943,304.5589267117417
UGC00731,0.3400204501301775,4.169937791913169,5.098304906309822,1.0817038607632268,71.84473625262724,1.22962170680292,1.019423934691228
UGC01281,4.1642906222149785,28.01650125940722,16.93017522507991,0.8144600315220792,28.08467237022071,inf,0.5194473195892979
UGC02259,7.160078856770191,23.023419004435546,26.774772805160367,1.9312337699302202,245.92871529964276,14.136734764137259,1.1487063699695343
UGC02487,18.96252574294264,25.39386135927993,25.4760937131523,4.9689480967053425,1197.0653518526435,143.0903863655135,25.393861561549635
UGC02885,2.6564317280784695,2.871910582373856,3.4603168368522144,0.06247904081987257,150.52368925203518,52.39912262805289,0.052510776719586434
UGC02916,0.3125059006639297,0.3117220111203967,0.3224147739919042,0.3083773744350243,0.2852986793614812,0.3203111264299034,0.31172201045791426
UGC02953,43.02807257062449,43.06320268317816,43.06320268340717,8.187147156363675,1417.1840523955166,646.8004592351391,43.06320228644455
UGC03205,138.60009288228488,180.8016637962574,112.1352088377992,45.95716247831217,736.876084145644,404.79245702214956,180.8016637961794
UGC03546,2.6774761407753527,3.5863262295764478,3.643179173435738,2.5856797581065707,679.7452831922889,61.87665711661799,3.5863262300511956
UGC03580,172.8216685329425,181.97791357637635,183.58839805521794,25.274960642199787,1830.7000545036121,647.0947619385481,181.97791730368994
UGC04278,2.730011446015004,3.2411323422480507,2.6467138539721082,0.38531242911412,23.058680253096707,2.039549200028432,3.2411321843494356
UGC04325,5.974509263696687,10.473932676376332,10.1212445396768,3.647997191652249,226.99851009820526,0.2814536514880054,2.0957582203536855
UGC04483,2.3278373012473343,2.327837298511382,2.3278373012473343,1.493559552571122,51.37094876820055,17.172926532068033,2.3278373012473343
UGC04499,0.06253437952702096,2.460229605018358,2.9886682666611457,3.621633570987111,158.45414279469486,3.466637529023883,0.06253436689695023
UGC05005,0.5207809477489774,0.44593697266905563,0.5990085389781622,1.1810667846097793,30.881187426158505,9.65711475260989,0.4459369754795148
UGC05253,10.186148986453706,86.1251335634527,87.25231693456574,140.09855126029433,1056.7015015622642,297.120365364481,86.12513316421925
UGC05716,3.287680949876577,3.1745469530577637,3.4823241639298477,9.124653948944689,528.9817113675126,52.54184641021703,3.174546947671016
UGC05721,4.654503585438858,6.202289062237642,6.557518594453202,1.2688697727939675,95.5234100675149,24.457552659938198,4.654503633194399
UGC05750,0.16298668536561614,0.16298668553372567,0.16298668455303536,1.368848391723341,11.81794890436566,1.2638661244076468,0.16298668536561614
UGC05764,0.7103725619476834,0.2127125547005229,0.13500035850301303,7.5806762719362535,76.10833941927666,0.11919130699698334,0.2127125671201836
UGC05829,0.4973927681763408,3.0234404416445937,3.482049232092173,0.030039420968617336,24.863523175506007,0.9357195913426208,0.4973927845672552
UGC05918,1.0506840317805033,2.0764885766437082,2.2716816225916503,0.21015283425882325,38.452395004420026,0.49193857862830803,0.018691480159871685
UGC05986,0.048794862470686734,0.18122471707836207,0.2197835182831802,9.135385323162273,194.8126199083279,24.413115795070468,0.048794865994505915
UGC06399,0.1470153209176514,0.9981438935445285,1.1702757443359229,2.97337899976574,94.76401774481846,7.367529243743661,0.1470153200900382
UGC06446,0.044326070699390256,2.0676891497246985,2.650481567455017,0.0516421394383591,30.801323438876654,1.6124074073113508,0.3696810047588612
UGC06614,1.010555676707465,0.9937057734678452,1.0445495390638861,3.0884649997339615,44.03370324755315,16.61012188578299,0.9937057705312234
UGC06667,1.6022742612879335,2.855565566419436,0.5236928773542984,7.290827552205939,301.70296180284265,84.97175503904117,2.8555655611018653
UGC06786,17.240280101218655,16.13827174279656,19.83585538799169,2.199882641787421,2572.6527475452417,1066.0748224781796,16.1382717639407
UGC06787,600.0160158625592,600.0160113643977,600.0160158625592,160.48783492086815,3279.5792765358233,683.0655019080207,600.0160158625592
UGC06818,4.046265764644631,4.046265764644631,4.046265764644631,0.9135379502017915,46.88302489008214,19.738247024655408,4.046265764644627
UGC06917,2.5961200539881646,4.2979884651206,4.484955642734669,0.560849195019971,120.88748067392912,9.792523966686772,3.8146318612467347
UGC06930,0.9923690375032375,3.2089895978562746,3.645877831507133,0.003504360997351316,38.14936466964853,3.5314605939635726,0.09777385874889835
UGC06983,0.017506966540742915,0.794391997499051,1.0070340788671035,0.2157805528233127,25.065789305047346,3.6712115993336853,0.04853553155124088
UGC07089,0.7608737583773534,0.6821756455149582,0.9091542304713566,0.057370967959031106,27.6861225056209,6.715714920518349,0.6821756377211937
UGC07125,0.9891099026566863,1.4754578326372165,1.5696272531717703,1.0099819395142757,39.406150032494885,1.0648727177654131,1.4754578297609229
UGC07151,3.798339920983775,7.782178180770379,7.843239135706025,1.5621764917669285,91.29221519345158,4.900682744391898,6.730254220971289
UGC07323,0.030688384174912684,0.07500753262316334,0.016424503215208625,0.31474599592985186,48.56384991234092,3.3652646307852323,0.389975077951918
UGC07399,3.3394362366730883,10.840816635515026,12.379952631944343,0.037561265187224156,135.4984543883915,21.328962884751455,3.0730655241170277
UGC07524,0.6413629801656036,1.449685411230104,1.7800699113168386,3.454354726437179,103.9154192778398,0.2558746248498847,1.4496853395388294
UGC07577,1.0965725412866463,1.7167174715207567,1.4167865712555945,1.1614717352395705,1.8767570571899284,1.6884413543652002,1.7167175024022414
UGC07603,3.846399960531183,3.890046802356268,3.9004427801978743,4.9024402367795785,190.48289211313568,43.5732568300038,3.8900468021764323
UGC08286,0.09269901520252788,37.5369030967744,43.580057905527,0.1399963109678648,631.4451900673223,240.92775579159166,0.09269897100062392
UGC08490,1.493981428459853,1.6008953636802261,1.7584954829486008,0.07223583342512026,112.77934151270905,42.957406432608444,1.6008955901875837
UGC08550,2.4020797037142354,1.8306450085759254,2.4646208115931816,0.6451373395991787,143.99903386897043,34.95498854474268,1.8306440199684362
UGC08699,35.393076807589466,35.393076813573884,35.65444375109387,1.7237598002497585,155.8617742370971,64.40889233557535,34.98136320502621
UGC08837,0.4500131839647816,0.45001318396808804,0.4500131839647816,8.187058603882232,39.29552441866299,17.002933717589556,0.45001318396808804
UGC09037,0.14651302583699394,0.16065319898308922,0.17117109298600994,2.4385149404767548,39.04714805205847,7.96769378865226,0.4379504723090747
UGC09133,60.153200962604544,99.67827328561002,98.74647495407388,144.96319883173888,1799.8921055462665,937.0691976727679,99.67826555802075
UGC11455,5.7235730181572535,41.05953954509062,46.50131779501642,24.86208429569001,456.40415329763846,107.3952024107661,41.05953957106246
UGC11557,31.74861686301701,31.74861686319466,31.74861686301701,0.24391643975435193,32.90671787333748,2.6674955514824403,31.748616863101585
UGC11820,47.63404400772801,105.41688155058952,110.22482666057398,16.962077966701965,513.3475403669312,83.47127266433779,47.63404318954535
UGC11914,58.405425910767846,60.40114457488324,60.40114457492021,29.20525201451631,110.35380417147893,69.94127583528392,60.40114451483875
UGC12506,2.159601873281306,2.977797365387559,1.4849765072580625,0.25280856462808815,11.071139032452168,4.9633942792351835,2.9777980383255174
UGC12632,1.2312421827490696,4.477864465216979,5.262776563954444,0.47393272695567007,128.10636155221704,0.2590292273305347,0.9347384441253005
UGC12732,0.4674929375006466,3.758307270230242,4.635664905950152,0.8138996531098038,61.30532341825645,1.1790799438058115,0.46749293357745136
UGCA442,23.639965615243426,29.69580537422848,46.229822163574205,52.00501588603073,1797.645426184389,969.1563713860545,29.695804912301128
UGCA444,0.14696088617455152,1.4317258603109233,1.8485577964858628,0.04845315091046203,15.231649137179415,9.55045821556299,0.14696088556021908
