galaxy,ml_disk,ml_bulge,n,Q,D_Mpc,inclination_deg,refs,baryon_invalid_rows,baryon_chi2_valid,baryon_chi2_per_valid_row,core_length_kpc,core_amplitude_kms,core_excess_amplitude_kms,core_admissible_min_amplitude_kms,core_chi2,core_reduced_chi2,core_dof,core_success,core_optimality,core_bound_hit,core_bound_distance_log,core_restart_chi2_spread,core_near_best_starts,nfw_length_kpc,nfw_amplitude_kms,nfw_excess_amplitude_kms,nfw_admissible_min_amplitude_kms,nfw_chi2,nfw_reduced_chi2,nfw_dof,nfw_success,nfw_optimality,nfw_bound_hit,nfw_bound_distance_log,nfw_restart_chi2_spread,nfw_near_best_starts
CamB,0.5,0.7,9,2,3.36,65.0,Bm03,0,45.040389922287986,5.004487769143109,979.2325337197599,9999.999998719877,9999.999998719877,0.0,31.520426356945304,4.502918050992187,7,True,3.0296659603000574e-06,True,1.2801315563137905e-10,13.519963659009168,7,4999.999999999995,458.219603078186,458.219603078186,0.0,42.06251418955232,6.008930598507474,7,True,4.377381567149435e-07,True,1.7763568394002505e-15,2.977875903856088,8
D512-2,0.5,0.7,4,2,15.2,56.0,Tr09,0,94.50018506559519,23.625046266398797,1.0248058535681177,38.43182063830989,38.43182063830989,0.0,0.1844213799677884,0.0922106899838942,2,True,1.7864325502956374e-07,False,3.936526188924904,2.8033131371785203e-15,9,8.421254186285594,95.25693222917093,95.25693222917093,0.0,0.6267173551921775,0.31335867759608876,2,True,1.2810696995740598e-06,False,4.6537625813087775,3.427258477017858e-13,9
D564-8,0.5,0.7,6,2,8.79,63.0,Tr09,0,236.10085808714896,39.350143014524825,1.179611078089186,26.987981734884894,26.987981734884894,0.0,0.18464602110228845,0.04616150527557211,4,True,7.610515109602793e-07,False,4.077207794737729,2.942091015256665e-15,9,4999.999999999995,1334.196537099835,1334.196537099835,0.0,3.622392725302692,0.905598181325673,4,True,2.3772271065473225e-08,True,1.7763568394002505e-15,9.769962616701378e-15,9
D631-7,0.5,0.7,16,1,7.72,59.0,"Tr09,dB01",0,1693.1432428557766,105.82145267848604,3.373624120404601,70.6038328400763,70.6038328400763,0.0,10.39437896141756,0.7424556401012543,14,True,5.7574033952955635e-06,False,4.9532559394311155,3.2507330161024584e-13,9,4999.999999961102,2033.0335843801313,2033.0335843801313,0.0,84.01357410172491,6.000969578694637,14,True,4.625293256846606e-06,True,7.780442956573097e-12,1.5973000699887052e-11,9
DDO064,0.5,0.7,14,1,6.8,60.0,"dB02,Sw02",0,180.84554440949236,12.917538886392311,1.0124294854634015,48.76889515296312,48.76889515296312,0.0,3.619885652796446,0.30165713773303715,12,True,1.309022885974571e-06,False,3.924375879014684,4.360956040727615e-13,9,4999.999999999995,2605.60798580847,2605.60798580847,0.0,6.595885035689624,0.5496570863074687,12,True,3.9875431737065834e-09,True,1.7763568394002505e-15,1.4210854715202004e-14,9
DDO154,0.5,0.7,12,2,4.04,64.0,"Be91,CB89",0,70395.93204834744,5866.32767069562,1.7487175612283423,50.955731596406025,50.955731596406025,0.0,23.873867741350892,2.387386774135089,10,True,4.276036641804258e-05,False,4.470905702562926,2.7711166694643907e-13,9,17.34116772223445,143.19621595058578,143.19621595058578,0.0,117.71208076222037,11.771208076222036,10,True,0.00014937132242470722,False,4.24612454272486,3.7545078157563694e-11,9
DDO161,0.5,0.7,31,1,7.5,70.0,Co00,0,11524.338461435424,371.7528535946911,4.740974375506535,68.67093179272184,68.67093179272184,0.0,9.386558797996736,0.32367444131023226,29,True,5.1602647621250215e-06,False,4.9810143802974345,7.815970093361102e-14,9,71.60738029197067,224.05864620042854,224.05864620042854,0.0,33.31907556392578,1.1489336401353716,29,True,2.3422850578132667e-05,False,3.7984325409935193,4.952482868247898e-12,9
DDO168,0.5,0.7,10,2,4.25,63.0,"Sa96,Br92",0,1608.646173343166,160.86461733431662,1.7811926421962094,61.22134657169607,61.22134657169607,0.0,26.031118340609112,3.253889792576139,8,True,3.842404837367108e-05,False,4.489306169072207,1.8069101770379348e-11,9,4999.999999999995,2466.9199827492353,2466.9199827492353,0.0,85.20372508212293,10.650465635265366,8,True,1.5283775219505077e-05,True,1.7763568394002505e-15,1.9895196601282805e-13,9
DDO170,0.5,0.7,8,2,15.4,66.0,"Be91,La90",0,4794.596828880253,599.3246036100317,3.3615798457981296,63.380701170513404,63.380701170513404,0.0,40.61069310985667,6.768448851642778,6,True,0.00020187247265179758,False,5.061180954812889,1.9028334463655483e-11,9,13.326296217545101,127.02934687540474,127.02934687540474,0.0,12.969326322828968,2.1615543871381613,6,True,3.9878308807164724e-07,False,4.365922234452853,2.469136006766348e-13,9
ESO079-G014,0.5,0.7,15,1,28.7,79.0,Ge04,0,5927.188462785567,395.1458975190378,5.382141078072142,171.86541493140678,171.86541493140678,0.0,13.778292906588144,1.0598686851221648,13,True,1.7735340785889954e-05,False,4.0636286727822375,4.1744385725905886e-13,9,68.21782693981504,509.14639783149306,509.14639783149306,0.0,49.495396652012644,3.8073382040009727,13,True,2.774020255786619e-05,False,2.977604778250485,3.3004710076056654e-11,9
ESO116-G012,0.5,0.7,15,1,13.0,74.0,Ge04,0,4944.638747275469,329.6425831516979,2.596824032260196,115.89099510065476,115.89099510065476,0.0,20.148373255957416,1.5498748658428783,13,True,5.263171976332627e-05,False,4.457690320070366,2.447819724693545e-12,9,24.046410777607413,295.50817963824096,295.50817963824096,0.0,30.39847775482421,2.3383444426787854,13,True,1.3756861329283411e-05,False,3.5216438548422673,1.9770851622524788e-11,9
ESO444-G084,0.5,0.7,7,2,4.83,32.0,Co00,0,1994.7216843880326,284.9602406268618,1.1696821240392303,69.83945810103683,69.83945810103683,0.0,20.020179174702136,4.004035834940427,5,True,3.272405699869743e-05,False,4.068755028468349,2.5650592760939617e-12,9,12.714368837372833,194.3741869826471,194.3741869826471,0.0,3.349026599496533,0.6698053198993066,5,True,3.19940919230058e-05,False,3.940555271777364,2.2937207688755734e-12,9
ESO563-G021,0.5,0.7,30,1,60.8,83.0,SG06,0,7372.027061257691,245.73423537525636,6.92983480741138,345.79956052375303,345.79956052375303,0.0,342.68073899052445,12.238597821090158,28,True,0.0009540023887249104,False,3.364481069624987,6.218670023372397e-11,9,39.060585927919576,649.2706960318699,649.2706960318699,0.0,577.7054771752354,20.63233847054412,28,True,0.00026636673464697295,False,2.734490645111393,1.2028067430946976e-10,9
F565-V2,0.5,0.7,7,2,51.8,60.0,"dB97,dB96",0,302.9964339919946,43.285204855999226,3.2010655330873394,88.251282549712,88.251282549712,0.0,0.2864280737521649,0.05728561475043298,5,True,3.539998824742927e-07,False,4.73015214312717,8.43769498715119e-15,9,4999.99999094332,2675.61353956306,2675.61353956306,0.0,1.869770947093391,0.3739541894186782,5,True,8.726393764043259e-06,True,1.8113368582817202e-09,2.0761170560490427e-12,9
F568-3,0.5,0.7,18,1,82.4,40.0,"KN08,dB96",0,531.5581999834988,29.531011110194374,3.9624989006008295,113.8976744299567,113.8976744299567,0.0,14.792389038559744,0.924524314909984,16,True,1.6389791602755434e-05,False,4.475039919378929,1.886490963443066e-12,9,4999.9999999998445,2636.323885881321,2636.323885881321,0.0,51.03379404284257,3.189612127677661,16,True,2.0954524211271017e-07,True,3.197442310920451e-14,1.1368683772161603e-11,9
F568-V1,0.5,0.7,15,1,80.6,40.0,"dB01,dB96",0,683.7108622397138,45.58072414931426,2.475290908311955,130.54142266517934,130.54142266517934,0.0,6.267627104478176,0.48212516188293664,13,True,4.849257748460824e-05,False,4.338649780520092,5.9818816566803434e-12,9,8.012883159992054,244.5567174950006,244.5567174950006,0.0,2.8239208057120577,0.21722467736246598,13,True,5.260904507054973e-06,False,3.710893116568239,4.063416270128073e-13,9
F571-8,0.5,0.7,13,1,53.3,85.0,"dB01,dB96",0,2150.8652042646213,165.451169558817,5.355201497901671,163.59157213241105,163.59157213241105,0.0,105.44605666256051,9.586005151141864,11,True,8.659511287346941e-05,False,4.112967464217546,7.65965069149388e-12,9,4999.999999949333,3742.9132355135134,3742.9132355135134,0.0,210.33837167183555,19.12167015198505,11,True,2.9599244876740487e-06,True,1.0134115768778429e-11,4.260414243617561e-11,9
F571-V1,0.5,0.7,7,2,80.1,30.0,"dB97,dB96",0,279.02710961673114,39.86101565953302,3.9922574287055035,89.043934545616,89.043934545616,0.0,0.5056916744014487,0.10113833488028974,5,True,1.347870919501874e-06,False,4.721210477467478,5.362377208939506e-14,9,26.16322829669347,206.3106764972691,206.3106764972691,0.0,1.5938606361574617,0.31877212723149234,5,True,2.1258876751716454e-06,False,3.8809572009488464,4.927169783286445e-13,9
F574-1,0.5,0.7,14,1,96.8,65.0,"dB01,dB96",0,1580.480826541699,112.89148761012135,2.8385463315591126,106.10652717283988,106.10652717283988,0.0,10.776002737144832,0.8980002280954027,12,True,9.027210074351617e-05,False,4.545896809183057,4.837019673686882e-12,9,15.908197493666485,221.93467131138607,221.93467131138607,0.0,19.724679151939906,1.643723262661659,12,True,7.449341079784382e-06,False,3.807957306782944,9.190870287056896e-12,9
F583-1,0.5,0.7,25,1,35.4,63.0,"KN08,dB96",0,1264.951525439907,50.59806101759628,3.2449125987553513,93.437864590408,93.437864590408,0.0,7.955736648624922,0.3459015934184749,23,True,5.893246385336181e-05,False,4.673043706427869,4.3085535139653075e-12,9,29.881476837828018,226.15324690975396,226.15324690975396,0.0,35.95753615282282,1.563371137079253,23,True,8.605500779944456e-05,False,3.7891275188272786,6.623679382755654e-11,9
F583-4,0.5,0.7,12,1,53.3,55.0,"KN08,dB96",0,458.72334893944765,38.22694574495397,2.236939629098662,66.68154949261897,66.68154949261897,0.0,10.750352516089128,1.0750352516089128,10,True,7.208708387357827e-05,False,4.717131700132839,2.6414426201881724e-11,9,27.448176696799184,197.03882320359241,197.03882320359241,0.0,1.5171284566452403,0.15171284566452403,10,True,1.7585474710280937e-06,False,3.9269395905548965,6.223910276048628e-13,9
IC2574,0.5,0.7,34,2,3.91,75.0,"Sa96,MC94",0,13829.857075531063,406.76050222150184,4.976822315769884,68.81630486174912,68.81630486174912,0.0,113.18735850634685,3.537104953323339,32,True,0.00028340726070219405,False,4.978899665844797,4.767741756950272e-11,9,4999.999999999995,1551.1655549990799,1551.1655549990799,0.0,1064.6601021200968,33.270628191253024,32,True,3.1302700293179686e-05,True,1.7763568394002505e-15,1.177795638795942e-10,9
IC4202,0.5,0.7,32,1,100.4,90.0,SG06,0,4832.568482251778,151.01776507036806,5.2729615950789785,219.3391035723105,219.3391035723105,0.0,997.8183634562114,33.260612115207046,30,True,0.0033945140142538814,False,3.8197214215845845,7.67727215134073e-10,9,50.454460872168184,532.9171847277364,532.9171847277364,0.0,1205.2439035064997,40.174796783549986,30,True,0.0015493493077039647,False,2.9319743356277357,4.108642315259203e-09,9
KK98-251,0.5,0.7,15,2,6.8,59.0,BC04,0,320.32667118542884,21.35511141236192,1.5364428328006465,36.139270510169666,36.139270510169666,0.0,2.9801253069747444,0.2292404082288265,13,True,2.808954267020954e-06,False,4.341492901207004,2.5712765250318625e-13,9,4999.999999999995,1509.280824013187,1509.280824013187,0.0,23.523672052643036,1.809513234818695,13,True,5.747681162945203e-07,True,1.7763568394002505e-15,2.1316282072803006e-13,9
NGC0024,0.5,0.7,29,1,7.3,64.0,"Di08,Ch06",0,2593.771884973251,89.44040982666382,1.5333396498611185,144.71859629643717,144.71859629643717,0.0,94.17376230591492,3.4879171224412935,27,True,0.00011260929206664312,False,4.2355492303803715,1.6541434888495132e-11,9,4.259937835880644,215.8997231453839,215.8997231453839,0.0,25.142473783159456,0.9312027327096095,27,True,5.071104393640374e-06,False,3.8355263167842484,4.902744876744691e-13,9
NGC0055,0.5,0.7,21,2,2.11,77.0,"Sa96,Pu91",0,2501.1598652073803,119.10285072416097,4.129672357831542,85.16866176647346,85.16866176647346,0.0,2.4243526247935994,0.1275975065680842,19,True,1.744607484478697e-06,False,4.765706825445481,2.4424906541753444e-14,9,209.96989540933714,468.90623617204227,468.90623617204227,0.0,56.40452051743495,2.9686589746018397,19,True,6.426208942646538e-05,False,3.0599375463912564,5.821476634082501e-10,9
NGC0100,0.5,0.7,21,1,13.5,89.0,"dB02,Rh96",0,1081.6603720984226,51.50763676659155,2.9511153500932505,91.62541050883515,91.62541050883515,0.0,4.089543746534717,0.21523914455445878,19,True,1.8839073388057441e-06,False,4.692631731464696,4.298783551348606e-13,9,4999.999999998751,2825.697994676841,2825.697994676841,0.0,14.345028774483094,0.7550015144464787,19,True,1.9924095530323552e-07,True,2.504663143554353e-13,1.439737218333903e-11,9
NGC0247,0.5,0.7,26,2,3.7,74.0,"Sa96,Ca90",0,9240.956648737436,355.4214095668245,2.467242779574946,91.39055613342494,91.39055613342494,0.0,356.89160976693984,14.87048374028916,24,True,0.0041193132136064835,False,4.695198223434027,7.47320427763043e-10,9,22.312479548763502,229.59679465849757,229.59679465849757,0.0,44.39268776366155,1.849695323485898,24,True,2.4499501788520302e-05,False,3.774015668174835,3.069544618483633e-12,9
NGC0289,0.5,0.7,28,2,20.8,46.0,Wa97,0,4161.142927278398,148.61224740279994,11.288994790360313,188.66288996941398,188.66288996941398,0.0,171.07597963639046,6.5798453706304025,26,True,0.001523699818000779,False,3.970378600471431,3.121556346741272e-10,9,19.461021010742087,321.39381675930747,321.39381675930747,0.0,50.767436793847416,1.9525937228402852,26,True,6.355378092235902e-06,False,3.4376731573167394,1.6200374375330284e-12,9
NGC0300,0.5,0.7,25,2,2.08,42.0,"Sa96,CP90",0,4034.9988682811177,161.39995473124472,2.8488461704219215,104.08389418360701,104.08389418360701,0.0,44.43290621842406,1.9318654877575678,23,True,0.0001364425868494699,False,4.565143123179718,1.2995826637052232e-11,9,20.195599036368698,232.28616111325712,232.28616111325712,0.0,14.887566099096142,0.6472854825693976,23,True,2.339552877056433e-05,False,3.762370307313783,8.917311333789257e-13,9
NGC0801,0.5,0.7,13,1,80.7,80.0,"Sa96,Br92",0,2540.6798834586,195.43691411220001,16.27299785591111,194.511126767106,194.511126767106,0.0,178.35109115734235,16.213735559758394,11,True,0.0004547224194493669,False,3.9398510035251197,1.8960122361022513e-10,9,28.065531216588468,348.90539008699574,348.90539008699574,0.0,83.97238614026452,7.633853285478593,11,True,0.00015310581130494933,False,3.35553957510085,1.3777423646388343e-10,9
NGC0891,0.5,0.7,18,1,9.91,90.0,Fr11,0,2954.952459614038,164.16402553411322,7.474550663909244,182.50926423152276,182.50926423152276,0.0,217.70680081195349,13.606675050747093,16,True,0.00023458878784291627,False,4.003539437329577,1.886348854895914e-10,9,4999.999999999418,3754.4693075447262,3754.4693075447262,0.0,290.0744534851588,18.129653342822426,16,True,1.5793194498529953e-07,True,1.1723955140041653e-13,5.047695594839752e-11,9
NGC1003,0.5,0.7,36,1,11.4,67.0,"Sa96,Br92",0,21327.782120065363,592.4383922240379,8.160474017322029,123.16376721432377,123.16376721432377,0.0,425.9519442369023,12.527998359908892,34,True,0.001342847621053581,False,4.396825461418185,1.0419398677186109e-10,9,29.66931365245219,239.94227936041304,239.94227936041304,0.0,87.29792700571753,2.5675860884034565,34,True,5.8141129017215034e-05,False,3.7299419802245417,9.663381206337363e-13,9
NGC1090,0.5,0.7,24,1,37.0,64.0,Ge04,0,9051.769618476894,377.15706743653726,7.761432351643131,157.2085937857893,157.2085937857893,0.0,116.565413233212,5.298427874236909,22,True,0.0005482489519151059,False,4.152766825626777,9.444534043723252e-11,9,20.026969514550768,291.11744925532173,291.11744925532173,0.0,53.19664438893427,2.418029290406103,22,True,7.3543476121040135e-06,False,3.5366135805431673,6.714628852932947e-12,9
NGC2403,0.5,0.7,73,1,3.16,63.0,"Da06,Fr02",0,319317.3362433957,4374.210085525969,3.546670088655056,134.55725543533745,134.55725543533745,0.0,5377.306613311482,75.736712863542,71,True,0.03724794439819184,False,4.308350572545933,4.2764440877363086e-09,9,11.05506528102315,257.5488136889887,257.5488136889887,0.0,710.8908681816268,10.012547439177842,71,True,0.0011591810015841517,False,3.6591311021138555,1.1141310096718371e-11,9
NGC2683,0.5,0.7,11,2,9.81,80.0,"Sa96,Br92",0,689.2796674332354,62.66178794847595,4.716347456682076,182.35709921187294,182.35709921187294,0.0,20.064394962192893,2.2293772180214324,9,True,0.0001633202783688497,False,4.004373523689501,1.4868106745780096e-11,9,6.780770589616214,302.7815176240085,302.7815176240085,0.0,7.637813479109004,0.8486459421232228,9,True,1.7681880019376746e-06,False,3.4973288905056252,3.6504133049675147e-13,9
NGC2841,0.5,0.7,50,1,14.1,76.0,"Di08,Be91",0,37314.68849884974,746.2937699769948,8.135656198298808,344.03407526634675,344.03407526634675,0.0,1650.5727059183437,34.38693137329883,48,True,0.02051975709977133,False,3.3695996635016856,7.396693035843782e-09,9,11.470177230765014,556.5430683310184,556.5430683310184,0.0,160.33037749443866,3.3402161978008054,48,True,0.00011714915740044743,False,2.888595812824745,6.110667527536862e-12,9
NGC2903,0.5,0.7,34,1,6.6,66.0,"Be91,Be87",0,25037.446570100597,736.3954873559,5.585475779605066,183.47647198072323,183.47647198072323,0.0,338.43548581119086,10.576108931599714,32,True,0.0003433458816169888,False,3.998253930790902,3.9335645851679146e-11,9,19.119484892300548,356.3115379725268,356.3115379725268,0.0,456.3937211435187,14.262303785734959,32,True,0.00040793701530241253,False,3.3345349171423466,1.942908056662418e-10,9
NGC2915,0.5,0.7,30,2,4.06,56.0,El10,0,1769.9207412433232,58.99735804144411,2.0084104238938925,99.35670561853767,99.35670561853767,0.0,28.251817601704488,1.0089934857751603,28,True,0.00012839738301971914,False,4.609366580741414,3.707611995196203e-11,9,5.423261028742064,175.96251769385094,175.96251769385094,0.0,26.790319858026255,0.956797137786652,28,True,2.2688641747652473e-05,False,4.040069367267436,1.1688428003253648e-11,9
NGC2955,0.5,0.7,24,1,97.9,56.0,SG06,0,407.1149066456807,16.963121110236695,9.003205840407285,207.70213402211363,207.70213402211363,0.0,92.27040355151706,4.1941092523416845,22,True,0.00013966766598754094,False,3.8742353666061504,225.9373531895775,7,91.29684224633796,523.7122036134809,523.7122036134809,0.0,99.65259338899108,4.529663335863231,22,True,5.4495714410600663e-05,False,2.9493980682823118,6.730260793119669e-11,9
NGC2976,0.5,0.7,27,2,3.58,61.0,Si03,0,447.0896519431511,16.558875997894486,1.3580950120966233,84.87039366621376,84.87039366621376,0.0,7.273208985652656,0.29092835942610623,25,True,6.756421322609158e-07,False,4.218105996842287,1.865174681370263e-14,9,4999.999999999995,3420.6261407703673,3420.6261407703673,0.0,47.18307900345896,1.8873231601383582,25,True,1.271510960045943e-06,True,1.7763568394002505e-15,3.552713678800501e-14,9
NGC2998,0.5,0.7,13,1,68.1,58.0,"Sa96,Br92",0,7590.740214084509,583.903093391116,10.856653515223517,204.76247927681095,204.76247927681095,0.0,96.19777302993094,8.745252093630086,11,True,0.00019902275155080426,False,3.888489702251417,3.498712430882733e-11,9,17.210713502246403,369.15620850658996,369.15620850658996,0.0,27.014915818549813,2.455901438049983,11,True,2.9260320473738524e-05,False,3.299120488228067,1.3848477919964353e-11,9
NGC3109,0.5,0.7,25,1,1.33,70.0,"Be91,JC90",0,3717.7155006018884,148.70862002407554,2.371332244061828,71.74640803269146,71.74640803269146,0.0,9.137502203590051,0.3972827045039153,23,True,1.66366386921439e-05,False,4.775474930936388,2.3092638912203256e-13,9,4999.999999998956,2333.72785531368,2333.72785531368,0.0,194.72290894783413,8.466213432514527,23,True,2.318240628070553e-06,True,2.0961010704922955e-13,3.5498715078574605e-11,9
NGC3198,0.5,0.7,43,1,13.8,73.0,"Da06,Be91,Be87",0,32639.32322843948,759.05402856836,6.18692516126964,174.10730086513823,174.10730086513823,0.0,939.2164530225812,22.907718366404417,41,True,0.006669810257260165,False,4.05066859118675,8.96534402272664e-10,9,16.30526279153809,286.5179772317962,286.5179772317962,0.0,57.08608173044198,1.3923434568400483,41,True,1.82423282736799e-05,False,3.552539090034987,8.100187187665142e-13,9
NGC3521,0.5,0.7,41,1,7.7,75.0,"Da06,Sa96",0,621.172197511499,15.150541402719488,4.372729843178808,195.61738857953887,195.61738857953887,0.0,42.7911560202331,1.0972091287239256,39,True,9.53496341517472e-05,False,3.93417971965832,2.9459101824613754e-11,9,27.957262926727292,425.00034854031645,425.00034854031645,0.0,12.745925998349334,0.3268186153422906,39,True,1.3527621326796184e-06,False,3.158250382957241,8.633094239485217e-13,9
NGC3726,0.5,0.7,12,2,18.0,53.0,"VS01,SV98",0,577.1951541212144,48.09959617676787,9.281484949697866,151.0377439884602,151.0377439884602,0.0,35.461250716017936,3.546125071601794,10,True,0.0002515180677285912,False,4.192810606207624,5.362466026781476e-11,9,141.01784360226958,485.73381823621,485.73381823621,0.0,20.425550339384518,2.0425550339384517,10,True,1.0111982554553675e-05,False,3.0246795972200795,3.9541703245049575e-12,9
NGC3741,0.5,0.7,21,1,3.21,70.0,"Ge07,Bm05",0,2576.163101584595,122.67443340879024,1.914112658865573,54.85232940314059,54.85232940314059,0.0,45.09136680143692,2.373229831654575,19,True,8.189600251548743e-05,False,4.5612771571580355,1.1930012533412082e-11,9,25.15756141494404,161.54577225206828,161.54577225206828,0.0,6.5374943402346295,0.3440786494860331,19,True,6.12426788620728e-06,False,4.125551849951746,1.944222560723574e-12,9
NGC3769,0.5,0.7,12,2,18.0,70.0,"VS01,SV98",0,645.7786633470861,53.81488861225717,6.45575531851877,134.89548794353044,134.89548794353044,0.0,21.186542335000922,2.1186542335000924,10,True,0.00028176303135512345,False,4.30584005673823,4.943956355418777e-11,9,16.793963207165497,235.67667953448017,235.67667953448017,0.0,11.053303730420492,1.1053303730420492,10,True,8.91975795455554e-06,False,3.7478795082338205,2.382094521635736e-12,9
NGC3877,0.5,0.7,13,2,18.0,76.0,"VS01,SV98",0,413.6333851622524,31.817952704788645,1.943678613023759,123.05502924150865,123.05502924150865,0.0,33.91715162287074,3.0833774202609763,11,True,0.00015727004998144993,False,4.397708724446432,7.986500349943526e-12,9,6.538039485405028,217.1067700483679,217.1067700483679,0.0,61.96962806384235,5.633602551258395,11,True,0.0004602542035206469,False,3.829951111569084,5.203233399697638e-10,9
NGC3893,0.5,0.7,10,1,18.0,49.0,"VS01,SV98",0,497.36300643692414,49.73630064369242,4.203159572392782,172.69906415332827,172.69906415332827,0.0,4.991258472488652,0.6239073090610815,8,True,3.065969286025424e-05,False,4.05878980575353,2.4451551894344448e-12,9,17.464411475525473,344.8627882865452,344.8627882865452,0.0,8.86992749140958,1.1087409364261975,8,True,2.106932971176932e-05,False,3.367193749165918,5.789146939605416e-12,9
NGC3917,0.5,0.7,17,1,18.0,79.0,"VS01,SV98",0,2678.672020846451,157.5689424027324,3.5190662683500458,133.5422512252511,133.5422512252511,0.0,25.68907929627999,1.7126052864186658,15,True,0.00010383877255910358,False,4.315922455629165,6.078693104427657e-12,9,28.534674367092546,321.13602844334,321.13602844334,0.0,64.16269632179716,4.27751308811981,15,True,2.0053269274575506e-05,False,3.4384755739880397,2.121680608979659e-11,9
NGC3949,0.5,0.7,7,2,18.0,55.0,"VS01,SV98",0,47.77888439628576,6.825554913755108,5.2112408109343935,176.37920155810627,176.37920155810627,0.0,2.2218453277466033,0.44436906554932065,5,True,1.9096136497219776e-06,False,4.037704140354231,1.4290790772975015e-12,9,4999.999999999995,3765.3491817369927,3765.3491817369927,0.0,2.7161633790821877,0.5432326758164375,5,True,1.4004368638307667e-06,True,1.7763568394002505e-15,1.4783729795908584e-12,9
NGC3953,0.5,0.7,8,1,18.0,62.0,"VS01,SV98",0,491.25615884207014,61.40701985525877,3.2500749092041388,174.4905219974191,174.4905219974191,0.0,5.5814872388571475,0.930247873142858,6,True,4.8393344044533404e-05,False,4.048469947009862,4.46576109425223e-12,9,7.174188940430402,310.8481503254239,310.8481503254239,0.0,1.6026838828929253,0.26711398048215423,6,True,2.9999217567880927e-07,False,3.4710358416551728,5.551115123125783e-14,9
NGC3972,0.5,0.7,10,1,18.0,77.0,"VS01,SV98",0,856.5091486449041,85.65091486449042,2.7500492638448772,123.70460647604243,123.70460647604243,0.0,13.756242084012957,1.7195302605016196,8,True,8.44137101341965e-05,False,4.392443854176173,7.551292924290465e-12,9,57.61563038725872,455.81954542980895,455.81954542980895,0.0,9.161337757719343,1.1451672197149179,8,True,8.083314869870559e-06,False,3.0882433744916042,2.538591559186898e-11,9
NGC3992,0.5,0.7,9,1,23.7,56.0,"VS01,SV98",0,2587.008885721497,287.445431746833,8.102720736388912,264.455630282337,264.455630282337,0.0,44.42727291330865,6.346753273329807,7,True,0.0005050650607941276,False,3.632666884154488,3.915801016773912e-11,9,11.506678732000163,451.07877170865356,451.07877170865356,0.0,2.9061469310777834,0.4151638472968262,7,True,1.997249942373269e-06,False,3.0986983876169267,2.4868995751603507e-14,9
NGC4010,0.5,0.7,12,2,18.0,89.0,"VS01,SV98",0,675.2675497154571,56.272295809621426,3.887654549488123,119.11118713042069,119.11118713042069,0.0,10.866339242047799,1.0866339242047798,10,True,3.395242700919184e-05,False,4.430282969460044,2.582822844487964e-12,9,4999.999999999995,3266.870605254733,3266.870605254733,0.0,22.334314531803138,2.2334314531803137,10,True,1.8758455052460764e-07,True,1.7763568394002505e-15,7.272404900504625e-12,9
NGC4013,0.5,0.7,36,2,18.0,89.0,"VS01,SV98",0,5514.70235843695,153.1861766232486,8.863745211154704,173.71534281131312,173.71534281131312,0.0,125.30697557024168,3.6854992814776963,34,True,0.000950439044968942,False,4.052922373261406,1.794830950530013e-10,9,47.12440371698031,382.1193169080458,382.1193169080458,0.0,33.79298636494237,0.9939113636747756,34,True,2.0430864624953874e-05,False,3.2646074642132454,3.82982534574694e-12,9
NGC4051,0.5,0.7,7,2,18.0,49.0,"VS01,SV98",0,78.67195061576913,11.23885008796702,2.4858466158923482,102.67571684609386,102.67571684609386,0.0,2.013300827583341,0.4026601655166682,5,True,1.5945670590611153e-06,False,4.578764730457482,3.4505731605349865e-13,9,6.29043145768803,184.05525213893506,184.05525213893506,0.0,3.9623396052084705,0.7924679210416941,5,True,7.847261923970573e-06,False,3.9951043760794462,6.264322394144983e-12,9
NGC4068,0.5,0.7,6,2,4.37,44.0,Le14,0,96.46518782755896,16.077531304593162,5.324266406592701,132.8623749301409,132.8623749301409,0.0,0.8564629490179806,0.21411573725449515,4,True,5.522246483373492e-07,False,4.321026554465005,1.255662240851052e-13,9,4999.999999999995,1793.2564578289866,1793.2564578289866,0.0,7.408743658905154,1.8521859147262885,4,True,1.3267036549835057e-07,True,1.7763568394002505e-15,1.0658141036401503e-14,9
NGC4085,0.5,0.7,7,2,18.0,82.0,"VS01,SV98",0,99.26939679912611,14.18134239987516,7.736275258807095,207.5031958830291,207.5031958830291,0.0,22.66036904067099,4.532073808134198,5,True,6.010698843850822e-06,False,3.8751936305781145,1.0746958878371515e-11,9,4999.999999999622,3117.6366501438106,3117.6366501438106,0.0,33.248003983513506,6.6496007967027015,5,True,1.1775929501161363e-06,True,7.638334409421077e-14,4.092726157978177e-12,9
NGC4088,0.5,0.7,12,1,18.0,69.0,"VS01,SV98",0,148.4729424227521,12.37274520189601,1014.4347303615925,9999.99999999999,9999.99999999999,0.0,9.945975568484647,0.9945975568484646,10,True,1.808855245265196e-07,True,1.7763568394002505e-15,6.394884621840902e-14,9,4999.999999996602,2267.8087459874328,2267.8087459874328,0.0,25.461701757978915,2.5461701757978914,10,True,2.2226821585759214e-05,True,6.803446694902959e-13,4.387601393318619e-12,9
NGC4100,0.5,0.7,24,1,18.0,73.0,"VS01,SV98",0,3349.280286625776,139.553345276074,4.076517931173793,177.82234993157445,177.82234993157445,0.0,41.729882483454276,1.8968128401570126,22,True,0.00034301693089402606,False,4.029555354144021,3.5363711958780186e-11,9,7.107606642085488,309.24070081570903,309.24070081570903,0.0,18.875852659298765,0.8579933026953984,22,True,2.276774648309475e-06,False,3.47622043127467,2.9665159217984183e-12,9
NGC4138,0.5,0.7,7,2,18.0,53.0,"VS01,SV98",0,153.43262006279937,21.918945723257053,2.781034399635592,160.92266163419308,160.92266163419308,0.0,2.312438020003288,0.46248760400065764,5,True,1.395583633688159e-07,False,4.129416484923297,2.842170943040401e-14,9,3.997022676214967,269.747717953931,269.747717953931,0.0,4.689420202401982,0.9378840404803965,5,True,8.476209588872856e-06,False,3.612853227729402,1.7212897773788427e-12,9
NGC4157,0.5,0.7,17,1,18.0,82.0,"VS01,SV98",0,677.3999775170299,39.84705750100176,10.258407812918952,173.87297589334977,173.87297589334977,0.0,7.711432973589586,0.5140955315726391,15,True,2.266668091454072e-05,False,4.052015362960078,5.488942633746774e-13,9,427.7722750705083,907.1430135042522,907.1430135042522,0.0,6.016323107857708,0.4010882071905139,15,True,6.330313466282425e-06,False,2.4000402567778822,1.6266987756807794e-11,9
NGC4183,0.5,0.7,23,1,18.0,82.0,"VS01,SV98",0,1743.0121730754745,75.78313795980324,3.5240902022601164,118.51696134437714,118.51696134437714,0.0,50.70550534378746,2.4145478735136883,21,True,0.00043065028834263886,False,4.435284287935826,5.95434812566964e-11,9,8.434309977064043,203.95627569917662,203.95627569917662,0.0,3.555512550221837,0.1693101214391351,21,True,1.5586678296409302e-06,False,3.8924347359129126,2.7977620220553945e-14,9
NGC4217,0.5,0.7,19,1,18.0,86.0,"VS01,SV98",0,818.7136405649572,43.09019160868196,706.9002533332429,9999.999999845448,9999.999999845448,0.0,572.0712117585404,33.65124775050237,17,True,8.453409237896612e-06,True,1.545608085962158e-11,246.6424288584808,8,4999.999999990296,2619.1977248418907,2619.1977248418907,0.0,645.2061098979325,37.95330058223132,17,True,7.113304184773471e-06,True,1.9415580254644738e-12,2.523847797419876e-11,9
NGC4559,0.5,0.7,32,1,9.0,67.0,Ba05,0,2508.4331354979768,78.38853548431177,5.479385751125995,117.06831136379789,117.06831136379789,0.0,11.71632765590227,0.39054425519674235,30,True,2.2055024904737382e-05,False,4.447582749746846,1.4122036873231991e-12,9,25.542329203138316,248.3879138709705,248.3879138709705,0.0,11.711865573175965,0.3903955191058655,30,True,1.5388203420199216e-05,False,3.6953486790145647,4.424904886946024e-12,9
NGC5005,0.5,0.7,18,1,16.9,68.0,Ri15,0,40.70821412160041,2.261567451200023,6.799622257544599,228.5627921248261,228.5627921248261,0.0,6.690042444878916,0.41812765280493225,16,True,2.636976951287071e-06,False,3.7785293979713606,34.01817167721269,8,4999.999999999551,4525.274174781568,4525.274174781568,0.0,11.265147308641719,0.7040717067901074,16,True,4.3972415604729537e-07,True,9.059419880941277e-14,7.922551503725117e-13,9
NGC5033,0.5,0.7,22,1,15.7,66.0,"Sa96,Be87",0,20890.455426900713,949.5661557682142,8.11040670771883,218.53371875172334,218.53371875172334,0.0,112.9490708373566,5.64745354186783,20,True,0.00044802338571342054,False,3.823400050116671,3.178968199790688e-11,9,12.864127125780229,380.10546621109535,380.10546621109535,0.0,108.19094302461193,5.409547151230596,20,True,0.00015355827187942708,False,3.2698916151028143,2.2225776774575934e-11,9
NGC5055,0.5,0.7,28,1,9.9,55.0,"Ba06,Bl04",0,56105.81339238738,2003.7790497281208,11.199750235896712,185.1588534197467,185.1588534197467,0.0,381.54660399646536,14.674869384479438,26,True,0.00014625865716426064,False,3.9891262482078176,5.5138116294983774e-12,9,74.82196233309845,386.74712595408744,386.74712595408744,0.0,1637.3002602325134,62.97308693201975,26,True,0.001711345969310066,False,3.2525693138264122,1.3435510481940582e-09,9
NGC5371,0.5,0.7,19,1,39.7,53.0,"Sa96,Be87",0,2554.527941364511,134.4488390191848,7.14426878773999,166.06666982377365,166.06666982377365,0.0,449.8225331551082,26.460149009124013,17,True,0.009691050100212822,False,4.097951038805132,4.764899586007232e-09,9,8.91342037042382,283.31201513996325,283.31201513996325,0.0,149.92172341786056,8.818924906932974,17,True,0.0003693912123636813,False,3.563791554673136,3.261959591327468e-10,9
NGC5585,0.5,0.7,24,1,7.06,51.0,"Bl99,Sa96,Co91",0,6956.404397218879,289.8501832174533,2.89826120598899,95.60843569424824,95.60843569424824,0.0,113.70156458526843,5.16825293569402,22,True,5.88393295450477e-05,False,4.650079316332118,2.5863755581667647e-12,9,133.0790221557731,455.25366580595147,455.25366580595147,0.0,157.83749420478645,7.174431554763021,22,True,0.00029464832139256794,False,3.089485601108845,7.849223493394675e-10,9
NGC5907,0.5,0.7,19,1,17.3,88.0,"Sa96,SA87",0,20260.16891303868,1066.3246796336148,9.229740592731037,219.47517586058,219.47517586058,0.0,501.78272995780173,29.516631173988337,17,True,0.004464721026534376,False,3.8191012398858177,4.4656189857050776e-10,9,13.292224585829395,380.5029861224349,380.5029861224349,0.0,97.06827392171989,5.709898465983523,17,True,7.147836234752978e-05,False,3.2688463468144757,6.0680349633912556e-12,9
NGC5985,0.5,0.7,33,1,39.7,60.0,"Bl04,Br92",0,24899.726243120273,754.5371588824325,4.5704426609547575,329.0508050062587,329.0508050062587,0.0,666.9591661776594,21.51481181218256,31,True,0.0042721179437914085,False,3.4141282106213158,9.947598300641403e-10,9,7.965029645848989,537.0963553436824,537.0963553436824,0.0,81.49798160578906,2.6289671485738406,31,True,1.7402416303640385e-05,False,2.9241628608936354,1.1368683772161603e-12,9
NGC6015,0.5,0.7,44,2,17.0,60.0,VM97,0,20112.827406236513,457.10971377810256,3.1185900380147142,173.96607712989228,173.96607712989228,0.0,2103.802273513476,50.090530321749426,42,True,0.013427306769191735,False,4.051480050792243,4.139565135119483e-09,9,7.817782160371204,285.8874158177171,285.8874158177171,0.0,347.8968995742979,8.283259513673759,42,True,0.00025551674803431267,False,3.5547422896442233,2.7569058147491887e-11,9
NGC6195,0.5,0.7,23,1,127.8,62.0,SG06,0,684.8970712170129,29.778133531174475,15.128974511859365,203.34502715656538,203.34502715656538,0.0,46.79996538174342,2.2285697800830198,21,True,1.297435074272461e-05,False,3.8954361945245486,1.8758328224066645e-12,9,4999.999999999684,2856.0896555748354,2856.0896555748354,0.0,42.08731454105039,2.004157835288114,21,True,5.325313256894471e-05,True,6.394884621840902e-14,7.048583938740194e-12,9
NGC6503,0.5,0.7,31,1,6.26,74.0,"Be91,Be87",0,51579.25544847418,1663.8469499507798,4.626961504445355,124.42469341496913,124.42469341496913,0.0,461.13368511308926,15.901161555623768,29,True,0.0027342726878044604,False,4.386639711249316,4.2786041376530193e-10,9,10.054673307672068,226.90563311132436,226.90563311132436,0.0,56.20364839369423,1.93805684116187,29,True,9.391818227578134e-06,False,3.785806154093426,1.1866063687193673e-12,9
NGC6674,0.5,0.7,15,1,51.2,54.0,"Sa96,Br92",0,33882.57381502739,2258.8382543351595,15.09297501812451,258.8352491044278,258.8352491044278,0.0,737.6413042108152,56.74163878544732,13,True,0.005177673565834722,False,3.65414861652044,1.5697878552600741e-09,9,19.261233960231742,459.3613259176522,459.3613259176522,0.0,176.8655422239596,13.605041709535355,13,True,0.0001303563629355418,False,3.0805032691619925,8.611777957412414e-11,9
NGC6789,0.5,0.7,4,2,3.52,43.0,Le14,0,87.2226218768187,21.805655469204677,0.5367791629419524,86.51589147156922,86.51589147156922,0.0,0.6058313860786823,0.3029156930393411,2,True,1.87053270238812e-07,False,3.289854494177855,3.2307490016592055e-14,9,4999.9999999996135,5532.464558051787,5532.464558051787,0.0,4.05936901160674,2.02968450580337,2,True,3.4021046749764076e-08,True,7.815970093361102e-14,1.687538997430238e-14,9
NGC6946,0.5,0.7,58,1,5.52,38.0,Bo08,0,9334.659618124844,160.94240720904904,4.3801143844259,137.20246010120678,137.20246010120678,0.0,136.2944072017664,2.433828700031543,56,True,0.00043720860840229113,False,4.28888272607834,5.374545253289398e-11,9,39.84590852150077,365.2704138634348,365.2704138634348,0.0,146.52186030819087,2.616461791217694,56,True,0.0001341501154943283,False,3.3097024327950955,8.591882760811131e-11,9
NGC7331,0.5,0.7,36,1,14.7,75.0,"Be91,Be87",0,8697.656375372999,241.6015659825833,14.11877929674082,223.6015960228613,223.6015960228613,0.0,136.39480373472392,4.011611874550703,34,True,1.7738373119810177e-05,False,3.800474492872497,1.5347723092418164e-12,9,4999.999999999933,3351.1628401151497,3351.1628401151497,0.0,200.98497352008008,5.911322750590591,34,True,5.253328699572783e-06,True,1.4210854715202004e-14,2.3362645151792094e-11,9
NGC7793,0.5,0.7,46,1,3.61,47.0,"Di08,Sa96,CP90",0,682.2270238716352,14.831022258079026,1.673803636793871,99.0099639842532,99.0099639842532,0.0,46.475814625002656,1.0562685142046058,44,True,1.8224657638246882e-05,False,4.42712166881926,1.5205614545266144e-12,9,7.866914452654713,190.21888049157488,190.21888049157488,0.0,39.23999364965307,0.8918180374921153,44,True,2.8403713300895562e-05,False,3.9621649602742703,2.0726531602122122e-11,9
NGC7814,0.5,0.7,18,1,14.4,90.0,Fr11,0,7283.505496329016,404.6391942405009,5.176430645256217,208.8846621125902,208.8846621125902,0.0,46.90206450655823,2.9313790316598896,16,True,0.00029516497508592,False,3.868558128260517,1.623590151211829e-11,9,17.522845317070995,414.24055292993626,414.24055292993626,0.0,19.589706285780583,1.2243566428612864,16,True,1.2653241937058541e-05,False,3.183893521168091,5.968558980384842e-13,9
UGC00128,0.5,0.7,22,1,64.5,57.0,"VB99,VH93",0,134872.0095528085,6130.545888764023,8.600369248277383,143.64658446528892,143.64658446528892,0.0,1285.9386583756527,64.29693291878263,20,True,0.010264685068212159,False,4.242984363615395,8.137703844113275e-10,9,17.071021893578205,257.2331617038207,257.2331617038207,0.0,61.92911830115769,3.0964559150578848,20,True,4.026543700379558e-05,False,3.660357454394303,1.0658141036401503e-12,9
UGC00191,0.5,0.7,9,1,17.1,45.0,"KN08,vZ97",0,7398.283753101341,822.0315281223712,1.8097949829830298,89.30534329966129,89.30534329966129,0.0,210.72148232911888,30.10306890415984,7,True,0.003142160427917088,False,4.505236575220305,1.3339445104065817e-09,9,8.589857277339203,162.86910607898457,162.86910607898457,0.0,25.09385347734405,3.5848362110491503,7,True,4.945340307403408e-05,False,4.1173935239611605,1.1510792319313623e-12,9
UGC00634,0.5,0.7,4,2,30.9,37.0,vZ97,0,5902.7737463705,1475.693436592625,5.280300445902114,115.5325189958513,115.5325189958513,0.0,3.330599775131585,1.6652998875657925,2,True,8.152873546183796e-06,False,4.460788331894397,1.199040866595169e-13,9,22.286136211511238,242.77714921954703,242.77714921954703,0.0,6.4045693710173826,3.2022846855086913,2,True,1.1363406845569536e-06,False,3.7181964308131015,9.556799795973347e-13,9
UGC00731,0.5,0.7,12,1,12.5,57.0,"Sw09,Sw02",0,2334.476624837316,194.539718736443,2.082371981630848,77.85942323018054,77.85942323018054,0.0,47.390810313904,4.7390810313904,10,True,0.0003640200497978888,False,4.645530625190884,4.2156500512646744e-11,9,8.220890323657997,146.53112348869095,146.53112348869095,0.0,3.395913776965448,0.3395913776965448,10,True,1.086042305831329e-05,False,4.223102519060953,2.318145675417327e-13,9
UGC00891,0.5,0.7,5,2,10.2,60.0,vZ97,0,8923.147750773915,1784.629550154783,3.0826889759324887,68.97234259781492,68.97234259781492,0.0,2.0944728209703847,0.6981576069901282,3,True,6.958863828048376e-06,False,4.976634779649236,3.6415315207705135e-14,9,1953.6675715830243,1390.467261072222,1390.467261072222,0.0,9.291645078942384,3.097215026314128,3,True,0.00028454044807070246,False,0.9397295004193085,5.271071419343798e-07,9
UGC01281,0.5,0.7,25,1,5.27,90.0,"dB02,Sw02",2,608.7207128940707,26.466117951916118,0.39948247283123567,49.95713526251269,0.14964689479517274,49.95691112792971,353.65799774255214,15.376434684458788,23,True,0.00018996657755990788,False,2.994437617927036,4.429693944985047e-09,9,4999.999999999995,2382.3137138007237,1240.218880145276,2034.0294393872953,21.339244305710764,0.9277932306830767,23,True,1.4315704808357614e-07,True,1.7763568394002505e-15,2.1316282072803006e-14,9
UGC02259,0.5,0.7,8,2,10.5,41.0,"Be91,Ca88",0,5363.897120387677,670.4871400484597,1.6647688033272965,94.37340291844525,94.37340291844525,0.0,80.70313188635404,13.450521981059007,6,True,0.0007493911294827197,False,4.421709262358564,6.767209015379194e-11,9,3.7118823946669144,170.02180536060104,170.02180536060104,0.0,4.23695068413684,0.70615844735614,6,True,7.1421875911927715e-06,False,4.074413676324343,6.039613253960852e-14,9
UGC02487,0.5,0.7,17,1,69.1,36.0,"No07,No05",0,48426.4612145438,2848.6153655614,13.542155337967683,382.29319743216445,382.29319743216445,0.0,319.9934916041903,21.332899440279352,15,True,0.002223051495858897,False,3.2641525252271464,1.3557155398302712e-10,9,12.455734316542836,674.4808859104816,674.4808859104816,0.0,66.92219821786662,4.461479881191108,15,True,1.8589612171323064e-05,False,2.6963970348907935,7.105427357601002e-13,9
UGC02885,0.5,0.7,19,1,80.6,64.0,"Sa96,RA85",0,2505.1915726927805,131.85218803646214,18.147679322984274,300.3925960734441,300.3925960734441,0.0,116.59294479552592,6.858408517383878,17,True,0.0008094074375389187,False,3.5052500992826063,1.673186034167884e-10,9,43.36178828523712,547.6935379583849,547.6935379583849,0.0,44.18693625445701,2.599231544379824,17,True,4.821095999681199e-05,False,2.90462447876189,1.2377654456940945e-11,9
UGC02916,0.5,0.7,43,2,65.4,50.0,"No07,No05",0,4870.189152166938,113.26021284109157,7.820663843677479,194.70995321519206,194.70995321519206,0.0,1270.4119787761508,30.985658018930508,41,True,0.004433227216163346,False,3.9388293401281134,3509.7624562393667,7,388.7179299686684,972.0501827352657,972.0501827352657,0.0,1849.0590014448467,45.09900003524016,41,True,0.00028167522647186156,False,2.330932940519978,3.989725883002393e-09,9
UGC02953,0.5,0.7,115,2,16.5,50.0,"No07,No05",0,279323.36993117887,2428.8988689667726,6.86367839300712,284.249510188846,284.249510188846,0.0,9349.171879497588,82.73603433183706,113,True,0.21706479322447478,False,3.5604879625173096,5.5219061323441565e-08,9,14.336381985259088,498.2019702633968,498.2019702633968,0.0,690.9445443030636,6.114553489407642,113,True,0.00024446471294696146,False,2.99933481439198,4.661160346586257e-12,9
UGC03205,0.5,0.7,48,1,50.0,67.0,"No07,No05",0,26381.73117406294,549.6193994596446,6.757001952461848,215.23765456323125,215.23765456323125,0.0,1108.7020235312089,24.102217902852367,46,True,0.018469027937766946,False,3.8385975842586433,6.854634193587117e-09,9,9.812861052048927,378.87308734359584,378.87308734359584,0.0,186.57117065168165,4.0558950141669925,46,True,0.0002098729394940492,False,3.273139084862768,4.6412651499849744e-11,9
UGC03546,0.5,0.7,30,1,28.7,55.0,"No07,No05",0,30473.905804664657,1015.7968601554886,6.418140149250481,175.81285130910874,175.81285130910874,0.0,64.5418424579618,2.3050658020700645,28,True,6.589914343993978e-05,False,4.040920287524855,7.673861546209082e-13,9,23.04322794515065,360.25626377470064,360.25626377470064,0.0,102.20999079633853,3.6503568141549474,28,True,5.7168248037438806e-05,False,3.3235247499480547,1.2960299500264227e-11,9
UGC03580,0.5,0.7,47,2,20.7,63.0,"No07,No05",0,20411.653733205727,434.29050496182396,7.304970987796715,132.10862435478256,132.10862435478256,0.0,988.1747497759987,21.959438883911083,45,True,0.0025140426133212906,False,4.326715876017415,1.3562839740188792e-10,9,127.77486958310912,444.12894443629847,444.12894443629847,0.0,1390.642212348833,30.90316027441851,45,True,0.002265723862986929,False,3.1142254363092787,2.809201760101132e-09,9
UGC04278,0.5,0.7,25,1,9.51,90.0,"dB02,Sw02",0,1431.6929107316494,57.267716429265974,3.179904076046134,98.68997991182533,98.68997991182533,0.0,17.142444471175445,0.7453236726598019,23,True,3.2356890526243246e-06,False,4.618356951340517,5.151434834260726e-13,9,4999.999999999604,2975.487209201931,2975.487209201931,0.0,28.949377263692345,1.2586685766822758,23,True,8.660474503992442e-07,True,7.993605777301127e-14,6.590283874174929e-12,9
UGC04325,0.5,0.7,8,1,9.6,41.0,"Sw09,Sw02",0,1829.814578220618,228.72682227757724,1.1493350071035302,100.15666228216048,100.15666228216048,0.0,13.527646587172006,2.2546077645286675,6,True,0.00010519782950242269,False,4.051206525856998,6.346922987177095e-12,9,4.18100468156105,184.9707879510878,184.9707879510878,0.0,17.208278071942942,2.868046345323824,6,True,1.5202082347880284e-05,False,3.990142462332938,3.872457909892546e-12,9
UGC04483,0.5,0.7,8,2,3.34,58.0,"Le14,Le12",0,240.0408537865931,30.005106723324136,0.3725150412750535,23.356959552871785,23.356959552871785,0.0,1.9888967236723198,0.33148278727872,6,True,8.67308444777177e-07,False,2.9245451427122915,2.313704783318826e-13,9,3.694655669132895,62.11394309689917,62.11394309689917,0.0,3.5588108321688763,0.5931351386948127,6,True,7.79902729980704e-06,False,5.081369881718942,1.1430856261540612e-12,9
UGC04499,0.5,0.7,9,1,12.5,50.0,"Sw09,Sw02",0,973.2384413889004,108.1376045987667,2.2452745625328956,73.0521736571431,73.0521736571431,0.0,5.598332092358518,0.7997617274797884,7,True,2.321054634052737e-07,False,4.7208508187136,2.9753977059954195e-13,9,14.611571840855737,166.27248217591534,166.27248217591534,0.0,7.312146056579452,1.0445922937970644,7,True,2.076503496137988e-06,False,4.0967124704498,1.6351364706679306e-12,9
UGC05005,0.5,0.7,11,1,53.7,41.0,"dB02,VH93",0,165.99506352054257,15.090460320049324,7.139100258198632,106.9182306108315,106.9182306108315,0.0,0.5225288284039108,0.058058758711545644,9,True,8.481240984371257e-07,False,4.538276029562641,5.684341886080802e-14,9,107.04595519560236,310.006870115636,310.006870115636,0.0,1.961506262045339,0.2179451402272599,9,True,1.0922835845199258e-06,False,3.473745913079216,1.7084111902931909e-12,9
UGC05253,0.5,0.7,73,2,22.9,37.0,"No07,No05",0,26195.320510829602,358.8400069976658,8.213798584654535,237.2251248015922,237.2251248015922,0.0,405.1262636658383,5.706003713603356,71,True,0.003770128164137211,False,3.7413307880269553,6.684786058031023e-10,9,28.411095831747478,444.637716117585,444.637716117585,0.0,431.63842050854686,6.079414373359815,71,True,0.001840215298036054,False,3.1130805424705663,5.287574822432362e-10,9
UGC05414,0.5,0.7,6,1,9.4,55.0,"Sw09,Sw02",0,380.35181333881036,63.391968889801724,1.7425377065340248,59.500632628238186,59.500632628238186,0.0,0.9804254364815065,0.24510635912037662,4,True,2.199404027914971e-06,False,4.467365508177422,5.1514348342607263e-14,9,4999.999999999995,2462.973296493342,2462.973296493342,0.0,4.118350232111067,1.0295875580277667,4,True,1.3113989319139496e-07,True,1.7763568394002505e-15,7.105427357601002e-15,9
UGC05716,0.5,0.7,12,2,21.3,54.0,vZ97,0,30647.392608623497,2553.949384051958,2.773933404300494,78.62617499538547,78.62617499538547,0.0,201.84380824324114,20.184380824324116,10,True,0.0005256461865379112,False,4.8456357127698135,4.8061110646813177e-11,9,9.011766817440922,149.03586680296692,149.03586680296692,0.0,18.0686714216724,1.8068671421672398,10,True,2.515627798170243e-05,False,4.206153378199929,2.4868995751603507e-13,9
UGC05721,0.5,0.7,23,1,6.18,61.0,"dB02,Sw02",0,1960.3539917147,85.23278224846521,1.0114370331996236,97.88089874505403,97.88089874505403,0.0,37.31706057268691,1.7770028844136625,21,True,0.0003452882567218514,False,3.923395130201285,3.54702933691442e-11,9,2.5107760298251294,162.6843284655597,162.6843284655597,0.0,20.23753850698372,0.9636923098563677,21,True,6.26672452065489e-06,False,4.118528684052623,1.6413537196058314e-12,9
UGC05750,0.5,0.7,11,1,58.7,64.0,"dB01,VdH93",0,157.36600770847173,14.306000700770158,5.055200646728954,84.91793863344097,84.91793863344097,0.0,0.5046425245744954,0.05607139161938838,9,True,1.1008900400449683e-06,False,4.768655009653357,2.475797344914099e-14,9,66.51236345681416,232.7656186343758,232.7656186343758,0.0,9.044358179566805,1.0049286866185339,9,True,9.13670580307692e-06,False,3.7603083533040476,4.481215398755012e-11,9
UGC05764,0.5,0.7,10,2,7.47,60.0,vZ97,0,22018.043939200248,2201.8043939200247,0.8193418122702557,58.72002826572391,58.72002826572391,0.0,38.02412378592686,4.753015473240858,8,True,4.343249862269812e-05,False,3.7127690764307917,3.780087354243733e-12,9,2.7331574964669576,116.25033628717975,116.25033628717975,0.0,53.87210001630109,6.734012502037636,8,True,1.2072643413741415e-05,False,4.454594434719958,7.894129794294713e-12,9
UGC05829,0.5,0.7,11,2,8.64,34.0,"Sw09,Sw02",0,263.2653277820576,23.933211616550693,2.2159450080925263,61.07405766901893,61.07405766901893,0.0,4.871809886939387,0.5413122096599319,9,True,3.962890488373889e-05,False,4.707701958162542,3.0482283364108298e-12,9,144.45299641361697,378.2542820969166,378.2542820969166,0.0,0.7681068975869538,0.08534521084299487,9,True,1.4305460272367589e-05,False,3.274773698560386,8.568923348661883e-12,9
UGC05918,0.5,0.7,8,2,7.66,46.0,"Sw09,Sw02",0,246.37586607907633,30.79698325988454,1.1341999555518762,45.42872137897783,45.42872137897783,0.0,2.474583181041856,0.4124305301736427,6,True,6.7407069946192246e-06,False,4.037950522836971,1.1803891197814664e-12,9,7.267236497017616,101.12058378417912,101.12058378417912,0.0,0.8785242835147915,0.14642071391913192,6,True,5.232277674501112e-08,False,4.59402666841215,6.794564910705958e-14,9
UGC05986,0.5,0.7,15,2,8.63,90.0,"Sw09,Sw02",0,5308.726320393997,353.9150880262665,2.2677675234575982,122.30015835465124,122.30015835465124,0.0,2.170215274026049,0.16693963646354223,13,True,1.3379041073700229e-05,False,4.403862034478897,3.5083047578154947e-14,9,22.32929287136991,317.91279214279797,317.91279214279797,0.0,75.53808348291166,5.81062180637782,13,True,4.48042217189684e-05,False,3.4485632653509333,9.038103598868474e-11,9
UGC06399,0.5,0.7,9,1,18.0,75.0,"VS01,SV98",0,645.8223852493917,71.75804280548796,2.3821669504159293,89.7798041076253,89.7798041076253,0.0,1.1312519621604722,0.16160742316578175,7,True,2.2920631670128884e-06,False,4.71298032054029,3.6637359812630166e-14,9,26.269256828670486,252.4131940989331,252.4131940989331,0.0,4.6059519892271785,0.6579931413181683,7,True,6.182908989203193e-07,False,3.679272968115436,2.722266856380884e-12,9
UGC06446,0.5,0.7,17,1,12.0,51.0,"VS01,SV98",0,1654.1110876010428,97.30065221182605,1.8676271176590293,89.51245618897707,89.51245618897707,0.0,32.40938000175781,2.1606253334505205,15,True,0.0001885070991049833,False,4.536691709494685,1.8317791727895383e-11,9,5.417787930842949,163.94905312846268,163.94905312846268,0.0,3.2203180238704054,0.21468786825802702,15,True,1.5460033247872245e-06,False,4.110784644069922,6.039613253960852e-14,9
UGC06614,0.5,0.7,13,1,88.7,36.0,"dB01,VH93",0,353.15566400097987,27.16582030776768,17.295826618356184,213.27409844801943,213.27409844801943,0.0,1.5331487896026705,0.13937716269115186,11,True,1.934690087826175e-06,False,3.8477621863711384,1.6431300764452317e-13,9,570.8252328138578,932.993194616655,932.993194616655,0.0,9.715004565506954,0.8831822332279049,11,True,5.3496521967468255e-05,False,2.1701101007397083,3.367439660451055e-11,9
UGC06667,0.5,0.7,9,1,18.0,89.0,"VS01,SV98",0,2018.406007131055,224.2673341256728,2.1655006454470036,93.5169745338286,93.5169745338286,0.0,5.340182847505874,0.7628832639294105,7,True,1.3954625208183165e-05,False,4.672197406342641,2.5135449277513544e-13,9,20.061080700518293,238.25111215191225,238.25111215191225,0.0,9.147204765099513,1.306743537871359,7,True,7.2131776682026955e-06,False,3.737015161448938,5.158540261618327e-12,9
UGC06786,0.5,0.7,45,1,29.3,64.0,"No07,No05",0,58784.5876020696,1306.32416893488,5.322630191859392,247.92064041825398,247.92064041825398,0.0,1046.0140566687328,24.325908294621694,43,True,0.009389994583116944,False,3.697231675335079,1.4888428268022835e-09,9,15.60786791423096,444.9258200406676,444.9258200406676,0.0,40.875024817630404,0.9505819725030327,43,True,1.754624542574461e-05,False,3.112432800243181,3.979039320256561e-13,9
UGC06787,0.5,0.7,71,2,21.3,66.0,"No07,No05",0,104185.43018739478,1467.4004251745744,5.917906306628731,253.64173464183256,253.64173464183256,0.0,4697.332895422853,68.07728833946163,69,True,0.06165658490511729,False,3.674417594176126,1.0804797057062387e-08,9,19.20297414190872,473.6544036738595,473.6544036738595,0.0,2013.6147177457974,29.182821996315905,69,True,0.00010344363355369482,False,3.0498624223815725,7.73070496506989e-12,9
UGC06818,0.5,0.7,8,2,18.0,75.0,"VS01,SV98",0,201.124615077696,25.140576884712,5.8763290030945905,117.2350486305525,117.2350486305525,0.0,6.917739354415504,1.1529565590692508,6,True,4.856823263713606e-06,False,4.446159489790993,4.179767643108789e-12,9,4999.999999999995,2276.778010688046,2276.778010688046,0.0,21.25233171349857,3.542055285583095,6,True,1.0877105896562538e-06,True,1.7763568394002505e-15,9.450218385609332e-12,9
UGC06917,0.5,0.7,11,1,18.0,56.0,"VS01,SV98",0,1417.006764141323,128.81879674012026,2.6623450147319647,107.2339421262994,107.2339421262994,0.0,7.881040396518274,0.8756711551686971,9,True,3.975751633263855e-05,False,4.535327549141887,2.19912976717751e-12,9,17.708486244343696,246.99199545574916,246.99199545574916,0.0,7.231405995990654,0.8034895551100727,9,True,7.921792901855927e-06,False,3.700984442935071,1.6369128275073308e-12,9
UGC06923,0.5,0.7,6,2,18.0,65.0,"VS01,SV98",0,183.3267521911743,30.55445869852905,1.9259911721756418,77.43001370530844,77.43001370530844,0.0,1.1852548232599829,0.2963137058149957,4,True,8.033031640131186e-07,False,4.567463735291832,1.8962609260597674e-13,9,197.2997877475844,616.2531704073997,616.2531704073997,0.0,3.8197409994086646,0.9549352498521662,4,True,1.1870319241281568e-05,False,2.7866825019551955,3.191118480572186e-10,9
UGC06930,0.5,0.7,10,1,18.0,32.0,"VS01,SV98",0,573.9044498080112,57.39044498080112,3.5036874751265437,110.08057742338052,110.08057742338052,0.0,10.07759077459525,1.2596988468244064,8,True,7.489151920293925e-05,False,4.509127752316349,1.5848655721129035e-11,9,9.988454831149422,201.6830910615829,201.6830910615829,0.0,2.2191140680643326,0.2773892585080416,8,True,1.16830240079179e-06,False,3.9036427626491994,2.48245868306185e-13,9
UGC06983,0.5,0.7,17,1,18.0,49.0,"VS01,SV98",0,1921.8246424331376,113.04850837841985,2.92678528126791,116.57276450531684,116.57276450531684,0.0,25.902272950711257,1.7268181967140839,15,True,0.00020799531485577,False,4.451824705915879,2.8702373811029247e-11,9,8.451087966836104,215.86398005762305,215.86398005762305,0.0,8.951318728000698,0.5967545818667133,15,True,9.978801049898216e-06,False,3.835691884605616,1.5987211554602254e-13,9
UGC07089,0.5,0.7,12,2,18.0,80.0,"VS01,SV98",0,265.2821842595841,22.106848688298673,3.616253423731313,74.70208889377272,74.70208889377272,0.0,2.4416041338830783,0.24416041338830782,10,True,8.874960683495252e-07,False,4.896832316456333,4.432010314303625e-13,9,4999.999999999995,2144.743817074668,2144.743817074668,0.0,2.6427052957316817,0.26427052957316816,10,True,7.734895569915329e-08,True,1.7763568394002505e-15,9.015010959956271e-13,9
UGC07125,0.5,0.7,13,1,19.8,90.0,"Sw09,Sw02",0,1052.0192957065572,80.9245612081967,3.992353697756495,59.952926305247495,59.952926305247495,0.0,6.727530893270709,0.6115937175700644,11,True,2.5641792304782316e-05,False,5.1167806792627974,1.120881165661558e-12,9,14.401870385880331,115.69895980978791,115.69895980978791,0.0,9.38806032725436,0.8534600297503964,11,True,1.0675053838559164e-05,False,4.459348728225023,4.632738637155853e-12,9
UGC07151,0.5,0.7,11,1,6.87,90.0,"Sw09,Sw02",0,1287.309811043247,117.02816464029519,1.2241921234845876,70.06244685441408,70.06244685441408,0.0,19.295672761160628,2.1439636401289586,9,True,8.02039114796745e-05,False,4.114304140831978,1.4644285784015665e-11,9,7.217263950793679,152.51833714121497,152.51833714121497,0.0,26.313863196134395,2.923762577348266,9,True,1.0595830625018027e-05,False,4.183055539608443,2.2456703163697966e-11,9
UGC07232,0.5,0.7,4,2,2.83,59.0,"Sw09,Sw02",0,72.74398967769565,18.185997419423913,124.24670764320705,9999.999999999849,9999.999999999849,0.0,0.2241299652884837,0.11206498264424185,2,True,9.173322901475123e-08,True,1.5987211554602254e-14,1.3600232051658168e-15,9,4999.999999999995,3642.5358011232934,3642.5358011232934,0.0,4.797293242833634,2.398646621416817,2,True,6.708963230969097e-07,True,1.7763568394002505e-15,3.481659405224491e-13,9
UGC07261,0.5,0.7,7,2,13.1,30.0,"Sw09,Sw02",0,238.68792971210934,34.098275673158476,1.4506889070339613,77.77320503384183,77.77320503384183,0.0,8.360076370560277,1.6720152741120553,5,True,5.902924620801758e-05,False,4.2840615573317,1.992717102439201e-11,9,4.4477265571474405,141.95521477043454,141.95521477043454,0.0,0.24362888548501935,0.04872577709700387,5,True,6.573562093142305e-07,False,4.254828753061076,8.243405957841787e-15,9
UGC07323,0.5,0.7,10,1,8.0,47.0,"Sw09,Sw02",0,370.1265281054037,37.01265281054037,2.5905469687872635,80.90605204071912,80.90605204071912,0.0,2.7797825694193197,0.34747282117741496,8,True,2.5065203175657835e-07,False,4.817051741801019,1.8207657603852567e-14,9,4999.999999999968,2748.9947169825523,2748.9947169825523,0.0,5.511202921368529,0.6889003651710661,8,True,2.1372771048575882e-08,True,7.105427357601002e-15,1.595168441781425e-12,9
UGC07399,0.5,0.7,10,1,8.43,55.0,"Sw09,Sw02",0,3291.413859907484,329.1413859907484,1.296514749054527,110.67911330908666,110.67911330908666,0.0,52.44454376872757,6.555567971090946,8,True,0.00027805231104407574,False,4.171702707414419,5.4633630952594103e-11,9,5.8545983868246605,224.6587336543787,224.6587336543787,0.0,8.10823285839683,1.0135291072996038,8,True,4.847136103649231e-06,False,3.795757860499119,2.8066438062523957e-13,9
UGC07524,0.5,0.7,31,1,4.74,46.0,"Sw09,Sw02",0,3195.841413373801,103.09165849592907,2.6332135063914635,80.5640967946429,80.5640967946429,0.0,19.317833307112583,0.6661321830038822,29,True,5.3567597162854814e-05,False,4.821287270903547,1.6981971384666394e-12,9,19.78879371148553,187.09162318132948,187.09162318132948,0.0,23.40060237267894,0.8069173231958255,29,True,6.808014530871541e-06,False,3.978741911578016,7.425171588693047e-12,9
UGC07559,0.5,0.7,7,2,4.97,61.0,"Sw09,Sw02",0,64.68628562193528,9.240897945990755,1.0417326945130574,30.792093117035606,30.792093117035606,0.0,0.25147527747839615,0.05029505549567923,5,True,2.1465888372613007e-07,False,3.952908384672082,2.9976021664879227e-14,9,4999.999999999995,1637.852850155947,1637.852850155947,0.0,2.125214110381425,0.425042822076285,5,True,2.96819144145202e-07,True,1.7763568394002505e-15,5.773159728050814e-15,9
UGC07577,0.5,0.7,9,2,2.59,63.0,"Sw09,Sw02",0,5.350683887844524,0.5945204319827249,904.729708923137,9999.99999999999,9999.99999999999,0.0,0.8882100167947076,0.1268871452563868,7,True,1.2479189254493894e-07,True,1.7763568394002505e-15,2.508326879535616e-12,9,4999.999999999995,674.6063465176445,674.6063465176445,0.0,1.356085208189275,0.19372645831275356,7,True,3.889333916506443e-08,True,1.7763568394002505e-15,3.9968028886505635e-15,9
UGC07603,0.5,0.7,12,1,4.7,78.0,"Sw09,Sw02",0,1421.4636847881948,118.4553070656829,1.0992676589867512,68.53223393145399,68.53223393145399,0.0,4.843588502885785,0.4843588502885785,10,True,1.8078667162395454e-05,False,4.006667198955335,3.8191672047105385e-13,9,9.493462958056135,169.83897441378443,169.83897441378443,0.0,15.146242226458602,1.5146242226458602,10,True,6.721033877822043e-06,False,4.075489593142842,8.624212455288216e-12,9
UGC07690,0.5,0.7,7,2,8.11,41.0,"Sw09,Sw02",0,194.98169943718133,27.854528491025906,0.7022972035863566,61.2307103080475,61.2307103080475,0.0,2.5683955747368756,0.5136791149473752,5,True,3.107551603538361e-05,False,3.558624407809459,2.6765256677663274e-12,9,1.4514802290480497,102.17726869263983,102.17726869263983,0.0,1.6786718770794802,0.335734375415896,5,True,1.3786502360526227e-06,False,4.28460688876939,3.9102054927298013e-13,9
UGC07866,0.5,0.7,7,2,4.57,44.0,"Sw09,Sw02",0,51.847560434876975,7.4067943478395675,0.7175781815993665,29.56662619932246,29.56662619932246,0.0,0.9653056375724494,0.19306112751448987,5,True,3.942099079850829e-06,False,3.5801496320452064,5.617728504603292e-13,9,11.920269814144035,97.24867019122752,97.24867019122752,0.0,0.2183988448429307,0.04367976896858614,5,True,9.092866152795786e-07,False,4.633069063697315,1.743327704417652e-13,9
UGC08286,0.5,0.7,17,1,6.5,90.0,"Sw09,Sw02",0,7955.663805940957,467.9802238788798,1.6939352213442647,92.98846479554112,92.98846479554112,0.0,126.34698297214423,8.423132198142948,15,True,0.0006929911174398614,False,4.439077360870325,1.5771206562931184e-10,9,5.050208824219478,169.31904058410464,169.31904058410464,0.0,36.78028914233927,2.4520192761559514,15,True,1.168599459597496e-05,False,4.07855562262758,2.3945290195115376e-12,9
UGC08490,0.5,0.7,30,1,4.65,50.0,"Sw09,Sw02",0,4436.133259837869,147.87110866126233,1.6462496741515347,94.87988196053988,94.87988196053988,0.0,134.70770809572227,4.810989574847224,28,True,0.001998822325323101,False,4.410522781569712,3.717843810591148e-10,9,3.1866496180569994,158.41748274536099,158.41748274536099,0.0,3.147920879005672,0.11242574567877399,28,True,2.1919836473094826e-06,False,4.145106527819096,4.3520742565306136e-14,9
UGC08550,0.5,0.7,11,1,6.7,90.0,"Sw09,Sw02",0,2212.8170047782714,201.16518225257013,1.2244779620613866,61.909962884489154,61.909962884489154,0.0,43.301730751713905,4.8113034168571005,9,True,0.0002256248387162192,False,4.114537605176386,5.832134775118902e-11,9,4.412769890982961,117.92639115306187,117.92639115306187,0.0,6.872527099774243,0.7636141221971381,9,True,5.6496329670398655e-06,False,4.440279745944665,3.455014052633487e-13,9
UGC08699,0.5,0.7,41,2,39.3,73.0,"No07,No05",0,6535.558138669209,159.4038570407124,4.461256631804906,183.28946546753278,183.28946546753278,0.0,360.15671472814415,9.2347875571319,39,True,0.004096361034496818,False,3.999273690317631,7.571543392259628e-10,9,11.371084295621046,330.1429901750867,330.1429901750867,0.0,37.858708942437815,0.9707361267291748,39,True,3.1815337252464636e-05,False,3.410814507803668,3.204547738278052e-12,9
UGC08837,0.5,0.7,8,2,7.21,80.0,"Sw09,Sw02",0,142.12659915624423,17.765824894530528,19.733846437843678,328.6483142276621,328.6483142276621,0.0,2.1058841461693394,0.3509806910282232,6,True,5.40439558929888e-07,False,3.415352146664625,2.4664714715072478e-12,9,4999.999999999986,1486.968370571889,1486.968370571889,0.0,24.92594496992524,4.154324161654206,6,True,1.680188437163457e-06,True,3.552713678800501e-15,1.4210854715202004e-14,9
UGC09037,0.5,0.7,22,2,83.6,65.0,Ha14,0,749.686609056385,34.0766640480175,11.719274020516341,151.57624587767106,151.57624587767106,0.0,79.54842102546934,3.977421051273467,20,True,0.00015284908248802668,False,4.189251600506261,8.01492205937393e-11,9,4999.999999999489,2381.162332799332,2381.162332799332,0.0,133.2588663391803,6.662943316959014,20,True,3.962479744816589e-06,True,1.0302869668521453e-13,1.057287590811029e-11,9
UGC09133,0.5,0.7,68,1,57.1,53.0,"No07,No05",0,119660.49594000602,1759.7131755883238,20.534090433376324,248.1488373279168,248.1488373279168,0.0,3124.134947251613,47.3353779886608,66,True,0.02839902128839,False,3.696311655313707,2.1400410332717e-09,9,28.581083622782543,433.66955956821545,433.66955956821545,0.0,623.3203234608951,9.444247325165078,66,True,0.00014996100683152726,False,3.1380575113587676,3.183231456205249e-12,9
UGC09992,0.5,0.7,5,2,10.7,30.0,"Sw09,Sw02",0,19.621204973446662,3.9242409946893324,0.5888936850510521,32.52888225684188,32.52888225684188,0.0,0.6525777809196976,0.21752592697323256,3,True,3.985015592191452e-06,False,3.382513393043152,1.2305712004945235e-12,9,0.9075047489192305,53.61441699247279,53.61441699247279,0.0,0.03676241852971812,0.01225413950990604,3,True,4.152120893197608e-08,False,3.814966525540172,7.216449660063518e-16,9
UGC10310,0.5,0.7,7,1,15.2,34.0,"Sw09,Sw02",0,267.16061834807084,38.16580262115298,1.719040166284038,74.11055578251424,74.11055578251424,0.0,1.4875029653816172,0.2975005930763234,5,True,3.7875595466966833e-06,False,4.453789097631523,2.7333690866271354e-13,9,7.310392342113331,143.48313875024428,143.48313875024428,0.0,2.843340184425109,0.5686680368850218,5,True,2.810780007088978e-06,False,4.244122843678471,5.475619957451272e-13,9
UGC11455,0.5,0.7,36,1,78.6,90.0,SG06,0,2835.2297025828884,78.75638062730246,10.142257272961402,246.01542896527607,246.01542896527607,0.0,147.44964392783908,4.336754233171738,34,True,0.000651180301781294,False,3.7049461186395574,1.0504663805477321e-10,9,130.98470088156404,675.4397786111545,675.4397786111545,0.0,170.47886403772162,5.014084236403577,34,True,4.766309973059889e-05,False,2.6949763693848103,7.139533408917487e-11,9
UGC11557,0.5,0.7,12,2,24.2,30.0,"Sw02,dB01",0,26.137620731114133,2.1781350609261776,11.716417767631444,110.01896567604847,110.01896567604847,0.0,10.656023201992577,1.0656023201992577,10,True,3.1542168026945606e-07,False,4.509687605808762,15.481597531373835,8,4999.999999999986,1333.7913269065953,1333.7913269065953,0.0,14.692994304962616,1.4692994304962617,10,True,8.527822038012288e-07,True,3.552713678800501e-15,1.9184653865522705e-12,9
UGC11820,0.5,0.7,10,1,18.1,45.0,"KN08,vZ97",0,11946.909530837438,1194.6909530837438,4.640950463860283,82.81534675750305,82.81534675750305,0.0,124.72083200309024,15.59010400038628,8,True,0.0006329681103887171,False,4.793726980446822,4.67963445771602e-11,9,23.527523825589075,182.42522529454865,182.42522529454865,0.0,10.652460786878331,1.3315575983597914,8,True,2.1263735521148764e-05,False,4.004000007327051,1.120881165661558e-12,9
UGC11914,0.5,0.7,65,1,16.9,31.0,"No07,No05",0,13401.553723749452,206.17774959614542,1.9258179254473329,223.62540379291065,223.62540379291065,0.0,1184.4893941231362,18.801418954335496,63,True,0.020306816337984535,False,3.8003680244791234,1.537205207569059e-08,9,3.7715395030540795,400.67355476012654,400.67355476012654,0.0,302.7725425657865,4.805913374060103,63,True,0.0004124916294835393,False,3.2171933541158992,3.2520119930268265e-10,9
UGC12506,0.5,0.7,31,2,100.6,86.0,Ha14,0,2415.8371683371215,77.93023123668134,7.242038079104591,274.49575290981,274.49575290981,0.0,100.75965028423151,3.474470699456259,29,True,0.0013101168165884677,False,3.5954045832417023,2.693383294172236e-10,9,10.292026789419351,454.9496284922675,454.9496284922675,0.0,4.8592934182763665,0.1675618420095299,29,True,2.1220867081056784e-06,False,3.0901536657640634,3.8191672047105385e-14,9
UGC12632,0.5,0.7,15,1,9.77,46.0,"Sw09,Sw02",0,1827.6531048583142,121.84354032388761,2.4115600959486416,76.31009205540376,76.31009205540376,0.0,13.859623651643425,1.0661248962802634,13,True,8.835455971469885e-05,False,4.792296886212071,6.073364033909456e-12,9,8.51638041762236,143.636037159199,143.636037159199,0.0,4.427915927158572,0.3406089174737363,13,True,8.299526171899416e-06,False,4.24305779169841,2.1049828546892968e-13,9
UGC12732,0.5,0.7,16,1,13.2,39.0,"Sw09,Sw02",0,2614.7838188728706,163.4239886795544,3.701444201728058,95.78302278840428,95.78302278840428,0.0,66.91585292418092,4.779703780298638,14,True,0.00047349357401445046,False,4.648254917856185,4.348521542851813e-11,9,14.30299833490978,187.5262750266673,187.5262750266673,0.0,2.921880827353165,0.20870577338236893,14,True,3.5683869854987534e-06,False,3.9764214029079374,5.684341886080802e-14,9
UGCA442,0.5,0.7,8,1,4.35,64.0,Co00,0,4310.3525526204585,538.7940690775573,1.982312834627862,63.030127494026424,63.030127494026424,0.0,7.32620025864312,1.2210333764405201,6,True,6.147146190633283e-06,False,4.596287266735481,9.592326932761353e-14,9,22.203874973537914,169.0485127027003,169.0485127027003,0.0,12.292938437872028,2.048823072978671,6,True,3.367431845502825e-05,False,4.080154640833778,3.533173753567098e-12,9
UGCA444,0.5,0.7,36,2,0.98,78.0,Ke07,0,455.08694324114396,12.641303978920666,0.8338480363609979,34.811214473710585,34.811214473710585,0.0,13.197829808713994,0.3881714649621763,34,True,5.619684802624611e-05,False,3.730318901604064,1.013944483929663e-11,9,4999.999999999995,2044.965789355442,2044.965789355442,0.0,2.0051871518397215,0.05897609270116828,34,True,3.74744172594814e-07,True,1.7763568394002505e-15,2.6645352591003757e-15,9
