classification,class_id,class_name,class_order,model_id,fit_mode,region,n_galaxies,n_failures,median_loss,mean_loss,median_rms_kms,mean_rms_kms
detailed,0,S0,0,A_core,full,all,3,0,18.823146564950896,14.132750556126133,18.582080694494767,22.812129988792304
detailed,0,S0,0,A_core,inner,outer,2,0,230.9207545722562,230.9207545722562,44.500310083701024,44.500310083701024
detailed,0,S0,0,A_nfw,full,all,3,0,0.9083338848362317,1.8382836505921754,10.614333368291508,10.429458904322788
detailed,0,S0,0,A_nfw,inner,outer,2,0,3.1699503969655645,3.1699503969655645,11.483418958190674,11.483418958190674
detailed,0,S0,0,B_core,full,all,3,0,2.493788808624085,2.3430449255046706,10.113992249848467,10.766315918743222
detailed,0,S0,0,B_core,inner,outer,2,0,20.766066551038243,20.766066551038243,23.733305355699386,23.733305355699386
detailed,0,S0,0,B_nfw,full,all,3,0,0.6409581776566385,1.543999433643303,10.519677649416531,10.44192641956891
detailed,0,S0,0,B_nfw,inner,outer,2,0,3.5844153692463823,3.5844153692463823,9.628655205991741,9.628655205991741
detailed,0,S0,0,C_core,full,all,3,0,2.4173540936150553,2.280127203207725,10.0707528589793,10.621624874327336
detailed,0,S0,0,C_core,inner,outer,2,0,68.27312575068181,68.27312575068181,32.28569711844679,32.28569711844679
detailed,0,S0,0,C_nfw,full,all,3,0,0.6409581776566385,1.543999433643303,10.519677649416531,10.44192641956891
detailed,0,S0,0,C_nfw,inner,outer,2,0,3.5844153692463823,3.5844153692463823,9.628655205991741,9.628655205991741
detailed,1,Sa,1,A_core,full,all,3,0,2.1513947485987246,7.764774648986744,14.78498083446893,15.913190152683278
detailed,1,Sa,1,A_core,inner,outer,3,0,2.731440164372598,599.6468426116842,15.49127691974027,33.241346476919134
detailed,1,Sa,1,A_nfw,full,all,3,0,3.4069996932112834,11.247479971447836,17.391951929582437,19.93892505130321
detailed,1,Sa,1,A_nfw,inner,outer,3,0,6.577449748892199,11.184049021150926,9.433867348379579,12.64648822199644
detailed,1,Sa,1,B_core,full,all,3,0,0.8040196699154318,1.6945394749304377,7.9637962028926665,7.874311146920847
detailed,1,Sa,1,B_core,inner,outer,3,0,3.586326229576447,62.18598185980691,16.676795394101017,19.07604684657258
detailed,1,Sa,1,B_nfw,full,all,3,0,0.7639209479173156,0.9791684407497548,5.545588159586619,6.632068152712937
detailed,1,Sa,1,B_nfw,inner,outer,3,0,3.088464999733962,10.316368466680107,9.085471599073617,13.708613641951501
detailed,1,Sa,1,C_core,full,all,3,0,0.7559944340386112,1.597080864721203,8.016885562843315,7.779656743909837
detailed,1,Sa,1,C_core,inner,outer,3,0,3.012382992010261,58.56363298150041,15.753829704467336,17.94409346592506
detailed,1,Sa,1,C_nfw,full,all,3,0,0.7639209479173156,0.9791684407497548,5.545588159586619,6.632068152712937
detailed,1,Sa,1,C_nfw,inner,outer,3,0,3.088464999733962,10.316368466680107,9.085471599073617,13.708613641951501
detailed,2,Sab,2,A_core,full,all,9,0,23.09795882351251,31.244990936059466,19.58204352954107,21.17372738306904
detailed,2,Sab,2,A_core,inner,outer,9,0,177.2821767629938,241.02971101576915,51.06862176325259,47.916569355855934
detailed,2,Sab,2,A_nfw,full,all,9,0,5.9128550754589515,11.445147257120112,15.762003386052667,15.695537497613962
detailed,2,Sab,2,A_nfw,inner,outer,9,0,11.490535494529118,58.35958313316965,20.4076652224123,23.371358475123564
detailed,2,Sab,2,B_core,full,all,9,0,1.9082069073654793,4.748930631724136,14.091088903147897,14.119331111927005
detailed,2,Sab,2,B_core,inner,outer,9,0,60.40114457488324,124.79944794472938,29.649483752714435,30.9392574535389
detailed,2,Sab,2,B_nfw,full,all,9,0,2.216408040716855,4.081404994387031,14.935619158160995,13.46951826155149
detailed,2,Sab,2,B_nfw,inner,outer,9,0,29.205252014516308,59.123459905564054,15.921720226589532,19.891346913269512
detailed,2,Sab,2,C_core,full,all,9,0,1.9057625073585631,4.692777913278209,14.100431424237176,14.06757556057907
detailed,2,Sab,2,C_core,inner,outer,9,0,81.16718565202694,136.85013513478603,38.78674192011914,33.076263499091425
detailed,2,Sab,2,C_nfw,full,all,9,0,2.216408040716855,4.081404994387031,14.935619158160995,13.46951826155149
detailed,2,Sab,2,C_nfw,inner,outer,9,0,29.205252014516308,59.123459905564054,15.921720226589532,19.891346913269512
detailed,3,Sb,3,A_core,full,all,12,0,3.8166723480832814,13.482863695596018,12.908824123141201,19.28938521621232
detailed,3,Sb,3,A_core,inner,outer,12,0,13.74590173728613,39.01019336030503,28.30987630934623,28.51743412020414
detailed,3,Sb,3,A_nfw,full,all,12,0,2.8381216780623992,6.834482045248898,9.240654205683654,13.83605000827592
detailed,3,Sb,3,A_nfw,inner,outer,12,0,2.3839540206305583,8.232466540783857,10.02942642571259,12.253484982338774
detailed,3,Sb,3,B_core,full,all,12,0,1.1288664660380405,1.6423939879284575,8.238913478297853,8.465808248670813
detailed,3,Sb,3,B_core,inner,outer,12,0,5.467297233359068,16.286452531792214,20.26398977144168,20.093901489902322
detailed,3,Sb,3,B_nfw,full,all,12,0,1.2245690739797777,1.3515095715098084,7.684782233648129,7.974325186455929
detailed,3,Sb,3,B_nfw,inner,outer,12,0,2.422480236070888,6.586518187059347,6.4709983724120415,13.602358315086102
detailed,3,Sb,3,C_core,full,all,12,0,1.1057279751689264,1.5994402328226551,8.051472692705158,8.346105395121109
detailed,3,Sb,3,C_core,inner,outer,12,0,3.726889961462901,15.379716895422495,11.395065942468483,17.906887356911007
detailed,3,Sb,3,C_nfw,full,all,12,0,1.2245690739797777,1.3515095715098084,7.684782233648129,7.974325186455929
detailed,3,Sb,3,C_nfw,inner,outer,12,0,2.422480236070888,6.586518187059347,6.4709983724120415,13.602358315086102
detailed,4,Sbc,4,A_core,full,all,17,0,1.7387451034771428,6.667235085389193,9.113684539840886,12.394218165738824
detailed,4,Sbc,4,A_core,inner,outer,15,0,14.300104257623573,31.320722896025398,18.55202413082342,22.971412343378994
detailed,4,Sbc,4,A_nfw,full,all,17,0,1.8131227426374072,8.839853024342172,9.209489039030212,10.967888131799832
detailed,4,Sbc,4,A_nfw,inner,outer,15,0,3.187459744706442,77.30553658497692,15.225387670040718,16.53398627327679
detailed,4,Sbc,4,B_core,full,all,17,0,1.2553922749957767,3.2173458568080893,6.025630992596843,9.641690307163028
detailed,4,Sbc,4,B_core,inner,outer,15,0,3.4840977833104807,42.37734202410352,14.297860420974658,18.16309871969559
detailed,4,Sbc,4,B_nfw,full,all,17,0,0.8986150084234727,3.1729555361782644,5.661347478180962,8.604155599117236
detailed,4,Sbc,4,B_nfw,inner,outer,15,0,1.5012595404274214,7.068146625600331,4.880668724608641,10.169203153486183
detailed,4,Sbc,4,C_core,full,all,17,0,1.2537149292561638,3.0216151326182668,5.944934069771017,9.457481426086284
detailed,4,Sbc,4,C_core,inner,outer,15,0,3.3049344625290473,41.658957820652326,14.585002460945386,18.0559979899619
detailed,4,Sbc,4,C_nfw,full,all,17,0,0.8986150084234727,3.1729555361782644,5.661347478180962,8.604155599117236
detailed,4,Sbc,4,C_nfw,inner,outer,15,0,1.5012595404274214,7.068146625600331,4.880668724608641,10.169203153486183
detailed,5,Sc,5,A_core,full,all,14,0,4.190709894211132,7.318986263439648,12.381067362019092,14.542545183257177
detailed,5,Sc,5,A_core,inner,outer,13,0,14.147878240008534,54.177830161912716,27.540686879213705,25.79337329496366
detailed,5,Sc,5,A_nfw,full,all,14,0,2.2018493357497237,3.8031328303969874,12.011113985003567,11.590375265075542
detailed,5,Sc,5,A_nfw,inner,outer,13,0,4.203525088102142,30.29569460440429,12.96673477077358,14.197221638906514
detailed,5,Sc,5,B_core,full,all,14,0,1.3413237676407452,1.7855443547802845,8.023984326250229,8.195415251007743
detailed,5,Sc,5,B_core,inner,outer,13,0,4.496707119353791,21.403131307984356,12.036224707117448,14.708924410933273
detailed,5,Sc,5,B_nfw,full,all,14,0,1.4301053757874287,1.8376144119921167,6.83586336763913,8.284628230068275
detailed,5,Sc,5,B_nfw,inner,outer,13,0,3.4084328840015217,28.721542424407854,9.762273815754325,12.570882452604403
detailed,5,Sc,5,C_core,full,all,14,0,1.3267379882534707,1.724865903086,8.000563587801294,8.045617993024857
detailed,5,Sc,5,C_core,inner,outer,13,0,4.152602056579311,21.84471819936598,12.56090463129978,15.34158448977043
detailed,5,Sc,5,C_nfw,full,all,14,0,1.4301053757874287,1.8376144119921167,6.83586336763913,8.284628230068275
detailed,5,Sc,5,C_nfw,inner,outer,13,0,3.4084328840015217,28.721542424407854,9.762273815754325,12.570882452604403
detailed,6,Scd,6,A_core,full,all,16,0,2.8001074359663036,11.067156620852868,8.860237128964478,10.021520177377958
detailed,6,Scd,6,A_core,inner,outer,16,0,6.235505215080174,38.79841873003646,14.614559175315286,18.451290041752948
detailed,6,Scd,6,A_nfw,full,all,16,0,2.277857900802171,2.902203368874826,4.178247785869113,5.857587897026301
detailed,6,Scd,6,A_nfw,inner,outer,16,0,1.4263470201048416,3.4551079707877257,5.840154907749714,7.809238890913213
detailed,6,Scd,6,B_core,full,all,16,0,1.313799944050274,3.4575658338173945,5.403837089914497,5.9912021211788655
detailed,6,Scd,6,B_core,inner,outer,16,0,5.925501943738839,23.02008517879502,10.875580687376669,14.522718754973281
detailed,6,Scd,6,B_nfw,full,all,16,0,1.5309598068039074,2.268685443982963,4.146188558359528,5.189801018946044
detailed,6,Scd,6,B_nfw,inner,outer,16,0,1.2748481537360221,4.38603690982719,5.412030995174586,8.35642243454785
detailed,6,Scd,6,C_core,full,all,16,0,1.2384210719269606,3.282362013839194,5.305493319296806,5.873472583626762
detailed,6,Scd,6,C_core,inner,outer,16,0,5.458321150810433,21.52345678671294,10.339784563836012,13.740116063209584
detailed,6,Scd,6,C_nfw,full,all,16,0,1.5309598068039074,2.268685443982963,4.146188558359528,5.189801018946044
detailed,6,Scd,6,C_nfw,inner,outer,16,0,1.2748481537360221,4.38603690982719,5.412030995174586,8.35642243454785
detailed,7,Sd,7,A_core,full,all,16,0,1.0090514368275274,2.196543833357169,5.841800975266626,5.688622252084226
detailed,7,Sd,7,A_core,inner,outer,15,0,4.072847632828943,8.269036133355252,12.998451833231812,12.904286138656516
detailed,7,Sd,7,A_nfw,full,all,16,0,1.018934034556188,1.41353259752244,4.53812203037376,4.9104507650341045
detailed,7,Sd,7,A_nfw,inner,outer,15,0,1.125183855933973,3.227923901238446,5.3430811337637,6.306854143347891
detailed,7,Sd,7,B_core,full,all,16,0,0.567849670715322,0.7994492452806115,3.8406301154798648,4.10768563539927
detailed,7,Sd,7,B_core,inner,outer,15,0,3.20898959785627,6.137140591959865,10.659203122294308,11.774086984095572
detailed,7,Sd,7,B_nfw,full,all,16,0,0.9569407481869459,1.3002157985580225,4.343505016735741,4.7870081471300505
detailed,7,Sd,7,B_nfw,inner,outer,15,0,1.1245161148610092,6.695448323575658,5.31644200856263,7.024982621417475
detailed,7,Sd,7,C_core,full,all,16,0,0.5491008091207952,0.7645123828183951,3.778198324375623,3.962293800009678
detailed,7,Sd,7,C_core,inner,outer,15,0,3.237815517694601,6.347615796151542,10.653415243855978,12.231022661506643
detailed,7,Sd,7,C_nfw,full,all,16,0,0.9569407481869459,1.3002157985580225,4.343505016735741,4.7870081471300505
detailed,7,Sd,7,C_nfw,inner,outer,15,0,1.1245161148610092,6.695448323575658,5.31644200856263,7.024982621417475
detailed,8,Sdm,8,A_core,full,all,10,0,1.041149278932332,9.11620802895112,6.967285364679755,7.147281679207788
detailed,8,Sdm,8,A_core,inner,outer,9,0,2.695021926982796,19.18256351272749,7.990361902572815,12.245850288632294
detailed,8,Sdm,8,A_nfw,full,all,10,0,0.8116419793964771,0.8674212921304834,3.124266168308968,3.828573088058397
detailed,8,Sdm,8,A_nfw,inner,outer,9,0,1.3697158370481475,1.5070222798737403,3.8944184064165035,4.885777152602577
detailed,8,Sdm,8,B_core,full,all,10,0,0.6950456207400129,1.7155151953778045,4.143041709265105,4.278725487151814
detailed,8,Sdm,8,B_core,inner,outer,9,0,7.220291818200653,11.581116116604814,7.3817815436772385,12.330909626911042
detailed,8,Sdm,8,B_nfw,full,all,10,0,0.7918054578406937,0.8173383343748373,3.0520594408247037,3.639539537894579
detailed,8,Sdm,8,B_nfw,inner,outer,9,0,0.8144600315220792,1.5037737078077207,3.6098975753272096,4.381909268615669
detailed,8,Sdm,8,C_core,full,all,10,0,0.6862347744398107,1.7062636863302127,4.136041962010773,4.2530663703860805
detailed,8,Sdm,8,C_core,inner,outer,9,0,8.811815736194712,11.734102505924884,11.016379239099761,13.077733921460053
detailed,8,Sdm,8,C_nfw,full,all,10,0,0.7918054578406937,0.8173383343748373,3.0520594408247037,3.639539537894579
detailed,8,Sdm,8,C_nfw,inner,outer,9,0,0.8144600315220792,1.5037737078077207,3.6098975753272096,4.381909268615669
detailed,9,Sm,9,A_core,full,all,21,0,0.8326499437828914,3.4996938815631617,2.9977136438154783,3.867204632478007
detailed,9,Sm,9,A_core,inner,outer,18,0,5.0007780612511255,33.84254991395771,7.669230298645161,8.206464181186462
detailed,9,Sm,9,A_nfw,full,all,21,0,1.5057226184727,3.193357868540617,3.8301892108655187,3.970537721076604
detailed,9,Sm,9,A_nfw,inner,outer,18,0,3.7602487638264352,9.498444074168239,5.623124156604405,6.488153904549702
detailed,9,Sm,9,B_core,full,all,21,0,0.36306541369384593,0.6849587436880146,2.1855716279981126,2.388181691229231
detailed,9,Sm,9,B_core,inner,outer,18,0,3.398325537125594,26.792499045791367,4.782139024404117,6.658063104258047
detailed,9,Sm,9,B_nfw,full,all,21,0,1.4267276602794292,2.8044400550628676,3.5090905216443002,3.7773844102129237
detailed,9,Sm,9,B_nfw,inner,outer,18,0,4.271660594884773,9.706308966649965,5.490537512160579,6.429459145699426
detailed,9,Sm,9,C_core,full,all,21,0,0.3416543158661357,0.6496883883764026,2.08328102744541,2.30271298170826
detailed,9,Sm,9,C_core,inner,outer,18,0,3.320361352022913,25.69588360637444,4.415468457729556,6.678126708288924
detailed,9,Sm,9,C_nfw,full,all,21,0,1.4267276602794292,2.8044400550628676,3.5090905216443002,3.7773844102129237
detailed,9,Sm,9,C_nfw,inner,outer,18,0,4.271660594884773,9.706308966649965,5.490537512160579,6.429459145699426
detailed,10,Im,10,A_core,full,all,30,0,0.26089938959259973,1.015513492662502,1.9065999834214642,1.953713923506176
detailed,10,Im,10,A_core,inner,outer,18,0,3.19733947961604,7.789469921216821,6.00865885276766,5.692174393592469
detailed,10,Im,10,A_nfw,full,all,30,0,0.4747835083815252,1.6313673324522968,2.513168699341654,2.5993133337249206
detailed,10,Im,10,A_nfw,inner,outer,18,0,1.209036818917406,4.168560738267605,3.131850618695739,3.853728541556111
detailed,10,Im,10,B_core,full,all,30,0,0.24818897956850985,0.7060357380144804,1.5321180010277464,1.6791174135073468
detailed,10,Im,10,B_core,inner,outer,18,0,2.593940033392353,7.149936037732238,5.915312463141588,5.284254018120539
detailed,10,Im,10,B_nfw,full,all,30,0,0.43614935146743705,1.4048278071482436,2.2681608103388546,2.488614279205284
detailed,10,Im,10,B_nfw,inner,outer,18,0,1.2473011261151852,5.381883324034997,3.227379656131613,4.067915993393992
detailed,10,Im,10,C_core,full,all,30,0,0.2358493643944017,0.6402338424984723,1.5140242345325057,1.5919890814314535
detailed,10,Im,10,C_core,inner,outer,18,0,2.326877290550751,7.05446930038519,5.646190392325906,4.982585806662566
detailed,10,Im,10,C_nfw,full,all,30,0,0.43614935146743705,1.4048278071482436,2.2681608103388546,2.488614279205284
detailed,10,Im,10,C_nfw,inner,outer,18,0,1.2473011261151852,5.381883324034997,3.227379656131613,4.067915993393992
detailed,11,BCD,11,A_core,full,all,2,0,0.5465925499548596,0.5465925499548596,4.639079187916692,4.639079187916692
detailed,11,BCD,11,A_core,inner,outer,1,0,5.694101273358399,5.694101273358399,14.08406477383117,14.08406477383117
detailed,11,BCD,11,A_nfw,full,all,2,0,0.9539264574179372,0.9539264574179372,7.771906182471373,7.771906182471373
detailed,11,BCD,11,A_nfw,inner,outer,1,0,0.061849299541748726,0.061849299541748726,1.5841801748815763,1.5841801748815763
detailed,11,BCD,11,B_core,full,all,2,0,0.5385866992849825,0.5385866992849825,4.545546302158286,4.545546302158286
detailed,11,BCD,11,B_core,inner,outer,1,0,5.866557488673032,5.866557488673032,14.300655560261614,14.300655560261614
detailed,11,BCD,11,B_nfw,full,all,2,0,0.9113451065387226,0.9113451065387226,7.49204021376786,7.49204021376786
detailed,11,BCD,11,B_nfw,inner,outer,1,0,0.07146935079341347,0.07146935079341347,1.668238720559109,1.668238720559109
detailed,11,BCD,11,C_core,full,all,2,0,0.508789107651466,0.508789107651466,4.438236043782845,4.438236043782845
detailed,11,BCD,11,C_core,inner,outer,1,0,5.511385320184153,5.511385320184153,13.851479918348414,13.851479918348414
detailed,11,BCD,11,C_nfw,full,all,2,0,0.9113451065387226,0.9113451065387226,7.49204021376786,7.49204021376786
detailed,11,BCD,11,C_nfw,inner,outer,1,0,0.07146935079341347,0.07146935079341347,1.668238720559109,1.668238720559109
broad,0,S0,0,A_core,full,all,3,0,18.823146564950896,14.132750556126133,18.582080694494767,22.812129988792304
broad,0,S0,0,A_core,inner,outer,2,0,230.9207545722562,230.9207545722562,44.500310083701024,44.500310083701024
broad,0,S0,0,A_nfw,full,all,3,0,0.9083338848362317,1.8382836505921754,10.614333368291508,10.429458904322788
broad,0,S0,0,A_nfw,inner,outer,2,0,3.1699503969655645,3.1699503969655645,11.483418958190674,11.483418958190674
broad,0,S0,0,B_core,full,all,3,0,2.493788808624085,2.3430449255046706,10.113992249848467,10.766315918743222
broad,0,S0,0,B_core,inner,outer,2,0,20.766066551038243,20.766066551038243,23.733305355699386,23.733305355699386
broad,0,S0,0,B_nfw,full,all,3,0,0.6409581776566385,1.543999433643303,10.519677649416531,10.44192641956891
broad,0,S0,0,B_nfw,inner,outer,2,0,3.5844153692463823,3.5844153692463823,9.628655205991741,9.628655205991741
broad,0,S0,0,C_core,full,all,3,0,2.4173540936150553,2.280127203207725,10.0707528589793,10.621624874327336
broad,0,S0,0,C_core,inner,outer,2,0,68.27312575068181,68.27312575068181,32.28569711844679,32.28569711844679
broad,0,S0,0,C_nfw,full,all,3,0,0.6409581776566385,1.543999433643303,10.519677649416531,10.44192641956891
broad,0,S0,0,C_nfw,inner,outer,2,0,3.5844153692463823,3.5844153692463823,9.628655205991741,9.628655205991741
broad,1,spirals,1,A_core,full,all,118,0,2.277245380651923,8.97438364345862,8.062699180511915,10.91626672736348
broad,1,spirals,1,A_core,inner,outer,110,0,10.361757095727066,64.8824735872053,15.06868348961447,20.907103196982405
broad,1,spirals,1,A_nfw,full,all,118,0,1.7047701313909163,4.805681478252541,6.45218379435588,8.557493273725086
broad,1,spirals,1,A_nfw,inner,outer,110,0,2.991424499873902,22.720371384439705,7.335618370761086,10.983696229047736
broad,1,spirals,1,B_core,full,all,118,0,0.8977431916929103,2.0921758418212373,5.250287790370136,6.656376573395062
broad,1,spirals,1,B_core,inner,outer,110,0,3.9681562835004494,31.50877040402407,11.220660542960658,15.275171827252837
broad,1,spirals,1,B_nfw,full,all,118,0,1.2422542349140127,2.2010521643516503,4.9804804971982435,6.562869712764043
broad,1,spirals,1,B_nfw,inner,outer,110,0,2.337814430357828,13.457786853427045,5.860113778334959,9.941642985696562
broad,1,spirals,1,C_core,full,all,118,0,0.8734090690679301,2.0100948294151006,5.241690595375851,6.540475844255311
broad,1,spirals,1,C_core,inner,outer,110,0,4.073387384883338,31.895334498199386,11.242423797040512,15.253590466956986
broad,1,spirals,1,C_nfw,full,all,118,0,1.2422542349140127,2.2010521643516503,4.9804804971982435,6.562869712764043
broad,1,spirals,1,C_nfw,inner,outer,110,0,2.337814430357828,13.457786853427045,5.860113778334959,9.941642985696562
broad,2,Im/BCD,2,A_core,full,all,32,0,0.26089938959259973,0.9862059337432743,1.9065999834214642,2.121549252531833
broad,2,Im/BCD,2,A_core,inner,outer,19,0,3.587655002843455,7.679187360803221,6.321007995029627,6.133852834657664
broad,2,Im/BCD,2,A_nfw,full,all,32,0,0.5410822461202149,1.5890272777626495,2.5905592864087685,2.9226003867715735
broad,2,Im/BCD,2,A_nfw,inner,outer,19,0,1.1702625011498873,3.9524180309662427,3.077599908194187,3.7342786275206095
broad,2,Im/BCD,2,B_core,full,all,32,0,0.24818897956850985,0.695570173093887,1.5794367910950564,1.8582692190480306
broad,2,Im/BCD,2,B_core,inner,outer,19,0,2.8600427682733236,7.0823897983080695,6.167484594505731,5.7588014677069115
broad,2,Im/BCD,2,B_nfw,full,all,32,0,0.5186243888702922,1.3739851383601487,2.445851465216445,2.801328400115445
broad,2,Im/BCD,2,B_nfw,inner,outer,19,0,1.1810667846097793,5.102387851759124,3.0737395548630584,3.941617189560578
broad,2,Im/BCD,2,C_core,full,all,32,0,0.2358493643944017,0.6320185465705342,1.5715226604779997,1.7698795165784154
broad,2,Im/BCD,2,C_core,inner,outer,19,0,2.4895115262670724,6.9732543540588185,5.906402232585158,5.449369707277612
broad,2,Im/BCD,2,C_nfw,full,all,32,0,0.5186243888702922,1.3739851383601487,2.445851465216445,2.801328400115445
broad,2,Im/BCD,2,C_nfw,inner,outer,19,0,1.1810667846097793,5.102387851759124,3.0737395548630584,3.941617189560578
