classification,class_id,class_name,class_order,model_id,fit_mode,region,n_galaxies,n_failures,n_signed_defined,median_signed_standardized,mean_signed_standardized,median_signed_kms,mean_signed_kms,median_loss,mean_loss
detailed,0,S0,0,A_core,full,inner_third,3,0,3,-3.6329932634435997,-2.596195893242671,-20.14557106488577,-22.45844576238001,24.434603260813187,16.95551441976403
detailed,0,S0,0,A_core,full,middle_third,3,0,3,0.3669605798251666,0.5210777922555087,4.717037515198996,2.3255328039278815,7.851875026847163,6.450427870723995
detailed,0,S0,0,A_core,full,outer_third,3,0,3,-0.7696866337148522,-1.4504725395025464,-15.377373383122446,-14.294159387162056,18.939339105666175,19.016162217121288
detailed,0,S0,0,A_core,inner,withheld_outer,2,0,2,-11.849683382974597,-11.849683382974597,-42.271762164844546,-42.271762164844546,230.9207545722562,230.9207545722562
detailed,0,S0,0,A_nfw,full,inner_third,3,0,3,0.08399220894145328,0.351965940246906,4.2924947853838376,3.5201073520125443,1.415455906989618,1.820501117818898
detailed,0,S0,0,A_nfw,full,middle_third,3,0,3,0.4674963160502998,0.26755254709270054,2.851242367865283,2.1213556347305995,0.6596234191452468,2.4760873935244483
detailed,0,S0,0,A_nfw,full,outer_third,3,0,3,-0.14827901940627558,-0.3122601965773361,-3.1823601346239627,-3.616544601794292,0.64992232837383,1.0367624956143262
detailed,0,S0,0,A_nfw,inner,withheld_outer,2,0,2,-0.2614745274002023,-0.2614745274002023,-4.201257289188691,-4.201257289188691,3.1699503969655645,3.1699503969655645
detailed,0,S0,0,B_core,full,inner_third,3,0,3,0.17142150322855118,0.22798348823636574,2.785380715906418,3.0441341383538663,2.543243522651681,2.112392085350009
detailed,0,S0,0,B_core,full,middle_third,3,0,3,0.3449043656872989,0.4574992013826488,4.47512113051603,3.004098057405241,1.7183699333955784,2.574142371630229
detailed,0,S0,0,B_core,full,outer_third,3,0,3,-0.7903538136430073,-0.8682272070937392,-12.349401451795154,-10.288261735604886,2.116896365073126,2.3719000105462116
detailed,0,S0,0,B_core,inner,withheld_outer,2,0,2,-3.8488756188207,-3.8488756188207,-20.933309332975533,-20.933309332975533,20.766066551038243,20.766066551038243
detailed,0,S0,0,B_nfw,full,inner_third,3,0,3,0.061938237927846806,0.24280531465615865,3.9727606577336587,1.622319689812814,1.168012377150751,1.6294514640238524
detailed,0,S0,0,B_nfw,full,middle_third,3,0,3,0.31960285369743235,0.19349100053262558,1.4359833749996558,1.8353959037092897,0.43165105599494324,1.8906540030047383
detailed,0,S0,0,B_nfw,full,outer_third,3,0,3,-0.14696913727858602,-0.3019481920065854,-3.161034405329289,-3.644262652749065,0.577510585273514,0.9601924620556174
detailed,0,S0,0,B_nfw,inner,withheld_outer,2,0,2,-1.4326842972580458,-1.4326842972580458,-7.837818458115035,-7.837818458115035,3.5844153692463823,3.5844153692463823
detailed,0,S0,0,C_core,full,inner_third,3,0,3,0.16293287423261688,0.19772994357872442,2.761072525375463,2.7906003154930805,2.304478640302726,2.057984234673182
detailed,0,S0,0,C_core,full,middle_third,3,0,3,0.3620549471383374,0.47644628863032884,4.628008315469103,3.0852540554158643,1.660336276273473,2.5257708624698174
detailed,0,S0,0,C_core,full,outer_third,3,0,3,-0.7661265363972991,-0.8531205429163567,-12.427661437030462,-10.056053902272136,1.8717156373271775,2.2934074296351703
detailed,0,S0,0,C_core,inner,withheld_outer,2,0,2,-6.676440477918559,-6.676440477918559,-29.01623426974067,-29.01623426974067,68.27312575068181,68.27312575068181
detailed,0,S0,0,C_nfw,full,inner_third,3,0,3,0.061938237927846806,0.24280531465615865,3.9727606577336587,1.622319689812814,1.168012377150751,1.6294514640238524
detailed,0,S0,0,C_nfw,full,middle_third,3,0,3,0.31960285369743235,0.19349100053262558,1.4359833749996558,1.8353959037092897,0.43165105599494324,1.8906540030047383
detailed,0,S0,0,C_nfw,full,outer_third,3,0,3,-0.14696913727858602,-0.3019481920065854,-3.161034405329289,-3.644262652749065,0.577510585273514,0.9601924620556174
detailed,0,S0,0,C_nfw,inner,withheld_outer,2,0,2,-1.4326842972580458,-1.4326842972580458,-7.837818458115035,-7.837818458115035,3.5844153692463823,3.5844153692463823
detailed,1,Sa,1,A_core,full,inner_third,3,0,3,1.7341036914245602,2.3767263349708556,19.632696198673887,21.213990689404323,3.6957059997429575,16.676780530598407
detailed,1,Sa,1,A_core,full,middle_third,3,0,3,0.19302596803593158,0.3666942700897744,3.530280494935048,3.441565765506587,1.1292769680469394,2.7528254054228203
detailed,1,Sa,1,A_core,full,outer_third,3,0,3,-0.08631894697210457,-0.09726738961453586,-1.3423964405306956,-2.1090040091150546,1.6292012780062766,3.6071534152575873
detailed,1,Sa,1,A_core,inner,withheld_outer,3,0,3,-0.319114714860277,12.135103960677403,-5.1048446739833935,16.258610699295556,2.731440164372598,599.6468426116842
detailed,1,Sa,1,A_nfw,full,inner_third,3,0,3,2.1106825709123798,3.0259258566497196,22.84430535542322,26.398234940502203,5.764594698262479,22.25680498170382
detailed,1,Sa,1,A_nfw,full,middle_third,3,0,3,1.2971900350319288,1.441553258537798,9.441468679545242,7.341350790300187,2.677164899910216,7.0979996897624025
detailed,1,Sa,1,A_nfw,full,outer_third,3,0,3,-0.18342057668238532,-0.2518078865790765,0.4680157653863404,-0.24175514075477555,1.7792394814611536,3.9571675341898485
detailed,1,Sa,1,A_nfw,inner,withheld_outer,3,0,3,2.105698687168552,2.068174673308992,7.548484593913102,8.61377689833652,6.577449748892199,11.184049021150926
detailed,1,Sa,1,B_core,full,inner_third,3,0,3,0.18496276457642508,0.13521410421559615,1.607004020570821,0.16362997817168776,0.2076995535544544,1.119032161554246
detailed,1,Sa,1,B_core,full,middle_third,3,0,3,-0.10146537204974479,-0.12257409868730669,0.42125183261639165,0.6757054621481502,0.7256255450883587,0.8485878678748772
detailed,1,Sa,1,B_core,full,outer_third,3,0,3,-0.032751243819658556,-0.08142394383739356,-1.135831008991509,-2.040570239810735,1.640598811556614,3.1844105325209
detailed,1,Sa,1,B_core,inner,withheld_outer,3,0,3,-1.539468898187432,-4.488670721291112,-12.284290617865944,-14.75813984724359,3.586326229576447,62.18598185980691
detailed,1,Sa,1,B_nfw,full,inner_third,3,0,3,0.029356430555186264,0.07163871819687226,-0.7097833365311033,-1.349840145501588,0.0707970886750274,0.7530302577611402
detailed,1,Sa,1,B_nfw,full,middle_third,3,0,3,0.05996437525678663,0.03973509928125029,0.033203735127976586,0.7912363365489163,0.8429178562116636,0.6911454072761134
detailed,1,Sa,1,B_nfw,full,outer_third,3,0,3,-0.017059145927682012,0.010461555861121685,-0.3959712130076838,0.0827840137135714,1.4164509192055044,1.516538276448191
detailed,1,Sa,1,B_nfw,inner,withheld_outer,3,0,3,1.1762109743400666,-0.45414556654460186,2.707474703670196,5.876268214608473,3.088464999733962,10.316368466680107
detailed,1,Sa,1,C_core,full,inner_third,3,0,3,0.19042354732518593,0.1324190602320642,1.4608486809090722,0.2846041708093045,0.1882105989376409,1.0926681342871187
detailed,1,Sa,1,C_core,full,middle_third,3,0,3,-0.12464648336534541,-0.13035968461107622,0.8024654950447427,0.6264063345764085,0.668643655431902,0.7818116575489497
detailed,1,Sa,1,C_core,full,outer_third,3,0,3,-0.025607599263379698,-0.07646438858216568,-1.081202796192494,-1.9791477041690833,1.5467155629933034,2.9802613193414254
detailed,1,Sa,1,C_core,inner,withheld_outer,3,0,3,-1.3755456693199715,-4.298519437928632,-11.407532385713969,-13.799349928155701,3.012382992010261,58.56363298150041
detailed,1,Sa,1,C_nfw,full,inner_third,3,0,3,0.029356430555186264,0.07163871819687226,-0.7097833365311033,-1.349840145501588,0.0707970886750274,0.7530302577611402
detailed,1,Sa,1,C_nfw,full,middle_third,3,0,3,0.05996437525678663,0.03973509928125029,0.033203735127976586,0.7912363365489163,0.8429178562116636,0.6911454072761134
detailed,1,Sa,1,C_nfw,full,outer_third,3,0,3,-0.017059145927682012,0.010461555861121685,-0.3959712130076838,0.0827840137135714,1.4164509192055044,1.516538276448191
detailed,1,Sa,1,C_nfw,inner,withheld_outer,3,0,3,1.1762109743400666,-0.45414556654460186,2.707474703670196,5.876268214608473,3.088464999733962,10.316368466680107
detailed,2,Sab,2,A_core,full,inner_third,9,0,9,-1.7765829522789196,-1.0896705149629216,-11.381831874597893,-9.262072930132392,7.54510586226859,21.06211344842329
detailed,2,Sab,2,A_core,full,middle_third,9,0,9,-1.3536003472484868,-2.256379105743112,-6.297799706024712,-9.06976383639201,5.665385880181312,26.888193260767466
detailed,2,Sab,2,A_core,full,outer_third,9,0,9,-0.4853071351915197,-0.8572390436687188,-2.1815348137835233,-4.577015761103874,18.025241055029692,46.08514666578602
detailed,2,Sab,2,A_core,inner,withheld_outer,9,0,9,-11.25609862804594,-11.39954513401122,-44.63431981977422,-33.253551718272114,177.2821767629938,241.02971101576915
detailed,2,Sab,2,A_nfw,full,inner_third,9,0,9,1.1996434533393854,1.3790156030905514,7.905431384622286,5.4270134771178435,4.956281142828442,15.77321412439206
detailed,2,Sab,2,A_nfw,full,middle_third,9,0,9,0.18357763737523583,-0.02794853256238392,0.8811536372417176,0.626033278216744,4.398324821853783,6.7379828145532095
detailed,2,Sab,2,A_nfw,full,outer_third,9,0,9,-0.0565079745494547,-0.08971837260150373,-0.5773576052363034,0.458100839955413,10.013976833116546,11.51182723386408
detailed,2,Sab,2,A_nfw,inner,withheld_outer,9,0,9,-0.7381791001502027,-0.8457517993930802,-4.583710371460875,1.8552527277816229,11.490535494529118,58.35958313316965
detailed,2,Sab,2,B_core,full,inner_third,9,0,9,0.12057503595518951,-0.04697284638156771,0.7078619451134235,-2.3048961644745622,2.3585125229805626,3.5120086760282114
detailed,2,Sab,2,B_core,full,middle_third,9,0,9,-0.294362206076284,0.11997951950070321,-1.0305083757618771,1.2122421953471,2.182300256871711,4.69750839739904
detailed,2,Sab,2,B_core,full,outer_third,9,0,9,-0.19911029435910813,-0.09724919028498766,-0.985111157056576,-0.7587886511218364,1.850573463572181,6.078912739022938
detailed,2,Sab,2,B_core,inner,withheld_outer,9,0,9,-4.424103138638231,-3.465397881701376,-19.399198989507696,-15.591943858460468,60.40114457488324,124.79944794472938
detailed,2,Sab,2,B_nfw,full,inner_third,9,0,9,0.1171057993652398,-0.048227760729400306,0.8345977582161052,-1.1386254938362022,2.152723943236192,2.559534584134839
detailed,2,Sab,2,B_nfw,full,middle_third,9,0,9,-0.09491590132848278,0.08592859904575424,-0.5293673227976013,0.46876790572304283,1.470454144662635,3.539706800983674
detailed,2,Sab,2,B_nfw,full,outer_third,9,0,9,0.09562910014281299,-0.04842890103131022,-0.6284404985287488,-0.27692829192332546,3.409451606991223,6.223209789349713
detailed,2,Sab,2,B_nfw,inner,withheld_outer,9,0,9,-1.0393726351346766,-0.7509855384329929,-5.012943227273929,-2.0228859113781676,29.205252014516308,59.123459905564054
detailed,2,Sab,2,C_core,full,inner_third,9,0,9,0.12056813112395326,-0.048809910300292164,1.1015291133350926,-2.2155637285146423,2.351958931920719,3.4973186594124757
detailed,2,Sab,2,C_core,full,middle_third,9,0,9,-0.23627387152976828,0.12180533844740817,-1.030782195482599,1.1931813709379184,2.1705311126335336,4.6983506349042425
detailed,2,Sab,2,C_core,full,outer_third,9,0,9,-0.2177309461120767,-0.10091738723550352,-1.0520869143994982,-0.769481537083894,1.8498599986492987,5.922861295424473
detailed,2,Sab,2,C_core,inner,withheld_outer,9,0,9,-4.422809315690196,-4.094782348504439,-18.727501142063723,-17.91289249813871,81.16718565202694,136.85013513478603
detailed,2,Sab,2,C_nfw,full,inner_third,9,0,9,0.1171057993652398,-0.048227760729400306,0.8345977582161052,-1.1386254938362022,2.152723943236192,2.559534584134839
detailed,2,Sab,2,C_nfw,full,middle_third,9,0,9,-0.09491590132848278,0.08592859904575424,-0.5293673227976013,0.46876790572304283,1.470454144662635,3.539706800983674
detailed,2,Sab,2,C_nfw,full,outer_third,9,0,9,0.09562910014281299,-0.04842890103131022,-0.6284404985287488,-0.27692829192332546,3.409451606991223,6.223209789349713
detailed,2,Sab,2,C_nfw,inner,withheld_outer,9,0,9,-1.0393726351346766,-0.7509855384329929,-5.012943227273929,-2.0228859113781676,29.205252014516308,59.123459905564054
detailed,3,Sb,3,A_core,full,inner_third,12,0,12,-0.6187958162692337,-0.3954323472668056,-3.419893138967341,-2.7721509476221793,8.232267919450349,22.706684812359644
detailed,3,Sb,3,A_core,full,middle_third,12,0,12,0.6322063903044877,1.003216782002761,3.9635200109711395,4.581806539783426,2.7516212950623222,7.42235928088886
detailed,3,Sb,3,A_core,full,outer_third,12,0,12,-0.44831468338290875,-1.223435546519452,-3.474991824773143,-6.789264864766337,0.7791083341499763,9.669174647267743
detailed,3,Sb,3,A_core,inner,withheld_outer,12,0,12,-3.0422705660763167,-3.4395478513896225,-24.690035990507987,-16.693672991014036,13.74590173728613,39.01019336030503
detailed,3,Sb,3,A_nfw,full,inner_third,12,0,12,0.169428226023405,1.140218781895991,2.6798939623721636,8.080024082291242,3.553332752136355,14.933789774194727
detailed,3,Sb,3,A_nfw,full,middle_third,12,0,12,0.30307762612695827,0.3867804470434157,1.5792503308911594,1.567301425741035,1.3866037949567938,2.396154529336155
detailed,3,Sb,3,A_nfw,full,outer_third,12,0,12,-0.28060908918218413,-0.5507644933730936,-1.7633701629362653,-3.093906366770334,0.7638259044196668,2.4222997727406876
detailed,3,Sb,3,A_nfw,inner,withheld_outer,12,0,12,-0.7821308631373382,-1.2992913883805846,-4.683095157579672,-4.858686157024542,2.3839540206305583,8.232466540783857
detailed,3,Sb,3,B_core,full,inner_third,12,0,12,0.17342640175242402,-0.03590029274612305,2.314494641738294,1.2036042327048586,1.8657770370710187,2.6329622115785742
detailed,3,Sb,3,B_core,full,middle_third,12,0,12,0.10198588813018782,0.14565746851520486,0.41526882341287674,1.187999946487036,1.3941972611124056,1.3592372820696748
detailed,3,Sb,3,B_core,full,outer_third,12,0,12,-0.0928030301614084,-0.18380031138916506,-1.464719982804932,-1.785800975907657,0.5011779482215819,0.9063021039682949
detailed,3,Sb,3,B_core,inner,withheld_outer,12,0,12,-1.8312491155490536,-2.478271870419729,-10.53831233718169,-13.923844220280325,5.467297233359068,16.286452531792214
detailed,3,Sb,3,B_nfw,full,inner_third,12,0,12,0.01935752131249724,0.11770293394182868,2.424181181929497,1.9796420414443705,0.9781854053717574,2.0914985448079553
detailed,3,Sb,3,B_nfw,full,middle_third,12,0,12,0.021891912915857254,-0.052042219729843374,0.04824453811754325,-0.2848720637539508,0.7936117674570088,1.0374538748527655
detailed,3,Sb,3,B_nfw,full,outer_third,12,0,12,-0.08008512805089629,0.004608268739065269,-0.47929646642890117,-0.1722625080438156,0.5436744159773009,0.8632513677355856
detailed,3,Sb,3,B_nfw,inner,withheld_outer,12,0,12,0.003585805535960003,0.0883725202210864,0.43633280334754215,4.385636145866941,2.422480236070888,6.586518187059347
detailed,3,Sb,3,C_core,full,inner_third,12,0,12,0.15846050247967547,-0.040628654959794674,2.160971119505448,1.1412116064203908,1.7492642638814127,2.5903628722018666
detailed,3,Sb,3,C_core,full,middle_third,12,0,12,0.06581962627683595,0.14256660550526776,0.15575904045986871,1.133763564200698,1.3102855028356584,1.305259293339175
detailed,3,Sb,3,C_core,full,outer_third,12,0,12,-0.07327981566709556,-0.17445905254196878,-1.2242582497050212,-1.6823162892494492,0.45499073068886486,0.8744657446327088
detailed,3,Sb,3,C_core,inner,withheld_outer,12,0,12,-1.8812509081877495,-2.597875241371442,-10.53586819696755,-15.663772661961964,3.726889961462901,15.379716895422495
detailed,3,Sb,3,C_nfw,full,inner_third,12,0,12,0.01935752131249724,0.11770293394182868,2.424181181929497,1.9796420414443705,0.9781854053717574,2.0914985448079553
detailed,3,Sb,3,C_nfw,full,middle_third,12,0,12,0.021891912915857254,-0.052042219729843374,0.04824453811754325,-0.2848720637539508,0.7936117674570088,1.0374538748527655
detailed,3,Sb,3,C_nfw,full,outer_third,12,0,12,-0.08008512805089629,0.004608268739065269,-0.47929646642890117,-0.1722625080438156,0.5436744159773009,0.8632513677355856
detailed,3,Sb,3,C_nfw,inner,withheld_outer,12,0,12,0.003585805535960003,0.0883725202210864,0.43633280334754215,4.385636145866941,2.422480236070888,6.586518187059347
detailed,4,Sbc,4,A_core,full,inner_third,17,0,17,-0.24552433708676866,-0.16712763541136982,-2.9326092642400092,-1.7964946968375046,3.762586679666005,12.274303557676067
detailed,4,Sbc,4,A_core,full,middle_third,17,0,17,0.5270224913353947,0.8695010264877796,2.255352490866194,4.7808841743456405,1.521526926865971,4.081700402905862
detailed,4,Sbc,4,A_core,full,outer_third,17,0,17,-0.610270286008911,-0.7834175930625679,-2.580217348386668,-5.134528845286977,1.0839264715791597,3.3183991553651064
detailed,4,Sbc,4,A_core,inner,withheld_outer,15,0,15,-3.312890497981176,-3.8029385757918335,-14.96481039111751,-19.555505846025895,14.300104257623573,31.320722896025398
detailed,4,Sbc,4,A_nfw,full,inner_third,17,0,17,0.4625599199482518,1.2058330866097073,3.460674846124116,6.128798801253811,1.9488220310665216,18.29826711232358
detailed,4,Sbc,4,A_nfw,full,middle_third,17,0,17,-0.08723553884143365,-0.1367442217278002,-1.263239208517902,-0.014589290027110787,0.7424727608130637,6.3056191271234505
detailed,4,Sbc,4,A_nfw,full,outer_third,17,0,17,-0.030367006267674895,-0.011342116807182086,-0.23020744023951542,-0.685657059954444,0.6419737614276847,1.417221727559975
detailed,4,Sbc,4,A_nfw,inner,withheld_outer,15,0,15,0.7798398155007696,1.7031083085106262,2.5497668352377785,1.270803481628263,3.187459744706442,77.30553658497692
detailed,4,Sbc,4,B_core,full,inner_third,17,0,17,-0.0020572061392097885,-0.04712626381651418,0.2212716864723158,0.7793334435670564,1.6381706703263137,4.428668842853408
detailed,4,Sbc,4,B_core,full,middle_third,17,0,17,0.13990590475273862,0.5492131934981289,1.255504975620956,3.4842354648147764,0.8956942926898485,2.8904470289757294
detailed,4,Sbc,4,B_core,full,outer_third,17,0,17,-0.15713487085839054,-0.4740864130926493,-2.125344833174381,-3.766638764188363,0.4011271358703201,2.2632425656668183
detailed,4,Sbc,4,B_core,inner,withheld_outer,15,0,15,-1.8522665057338425,-3.31906531377099,-13.383644235768205,-16.37987221776319,3.4840977833104807,42.37734202410352
detailed,4,Sbc,4,B_nfw,full,inner_third,17,0,17,0.14463727736877735,0.33087367786199684,1.1376340778369496,2.869195934070029,1.3508689367610258,7.822761684971151
detailed,4,Sbc,4,B_nfw,full,middle_third,17,0,17,0.04069542973842936,0.027089916358044457,0.17905989084908924,0.2163170330127991,0.694494623739242,0.938188570333307
detailed,4,Sbc,4,B_nfw,full,outer_third,17,0,17,-0.014156324439941831,0.01033083493548284,-0.13700523372126364,0.07859847226448465,0.21531687016745815,0.5672137452471462
detailed,4,Sbc,4,B_nfw,inner,withheld_outer,15,0,15,-0.2545356488700752,0.09437144693585674,-1.5252457691914003,-0.6980942049436333,1.5012595404274214,7.068146625600331
detailed,4,Sbc,4,C_core,full,inner_third,17,0,17,-0.002057001470929761,-0.05861559882573282,0.3572437798210766,0.6953362222722937,1.5447551405605855,4.273918014817215
detailed,4,Sbc,4,C_core,full,middle_third,17,0,17,0.24377792656655456,0.5498433791197731,1.2813055049107713,3.4487054860083184,0.7699897969971861,2.620677529624894
detailed,4,Sbc,4,C_core,full,outer_third,17,0,17,-0.1617944683447947,-0.4743635014091307,-2.1248917653953185,-3.7589780463164293,0.4324082154341592,2.098484035328481
detailed,4,Sbc,4,C_core,inner,withheld_outer,15,0,15,-1.8037812573047372,-3.428791409969799,-13.842150522705921,-16.226495309138777,3.3049344625290473,41.658957820652326
detailed,4,Sbc,4,C_nfw,full,inner_third,17,0,17,0.14463727736877735,0.33087367786199684,1.1376340778369496,2.869195934070029,1.3508689367610258,7.822761684971151
detailed,4,Sbc,4,C_nfw,full,middle_third,17,0,17,0.04069542973842936,0.027089916358044457,0.17905989084908924,0.2163170330127991,0.694494623739242,0.938188570333307
detailed,4,Sbc,4,C_nfw,full,outer_third,17,0,17,-0.014156324439941831,0.01033083493548284,-0.13700523372126364,0.07859847226448465,0.21531687016745815,0.5672137452471462
detailed,4,Sbc,4,C_nfw,inner,withheld_outer,15,0,15,-0.2545356488700752,0.09437144693585674,-1.5252457691914003,-0.6980942049436333,1.5012595404274214,7.068146625600331
detailed,5,Sc,5,A_core,full,inner_third,14,0,14,-1.1195353009730333,-0.9504342049377442,-5.013534635879342,-8.586860387140472,6.2055745894516265,10.337050714864173
detailed,5,Sc,5,A_core,full,middle_third,14,0,14,0.4246688532721262,0.27096915468676486,2.089789624364907,0.9903511872883041,1.7278588312660457,4.835903133890943
detailed,5,Sc,5,A_core,full,outer_third,14,0,14,-0.3454446476384556,-0.6529057185230658,-2.178805590080313,-3.3561480033144555,1.3174573124547604,5.926996526295659
detailed,5,Sc,5,A_core,inner,withheld_outer,13,0,13,-3.2143468616590902,-3.4439217643045437,-17.1991774338271,-15.151835716332556,14.147878240008534,54.177830161912716
detailed,5,Sc,5,A_nfw,full,inner_third,14,0,14,0.4503778388074517,0.6581863230060716,3.5330821334050047,2.6382936433326796,4.817388895702895,7.351359042307209
detailed,5,Sc,5,A_nfw,full,middle_third,14,0,14,-0.06959881423355598,-0.021225322748300777,0.08479311055502897,0.2313500797797949,1.3576235002915766,1.5579568195709792
detailed,5,Sc,5,A_nfw,full,outer_third,14,0,14,-0.345416819185169,-0.2728495403740598,-2.6304956581178187,-1.422918371529121,0.8497302006899293,1.5838249169292737
detailed,5,Sc,5,A_nfw,inner,withheld_outer,13,0,13,-1.2409719927259808,0.4406957561298946,-6.162193603280893,0.2667270970534955,4.203525088102142,30.29569460440429
detailed,5,Sc,5,B_core,full,inner_third,14,0,14,0.07353471168160704,-0.08342207887943891,1.4394287207538201,-1.2609323212648031,2.2462934747382475,2.875209384187045
detailed,5,Sc,5,B_core,full,middle_third,14,0,14,-0.018102403772742495,0.003780122739090611,0.10347164402276104,0.38737302003698887,0.669480627711697,1.2628336365435575
detailed,5,Sc,5,B_core,full,outer_third,14,0,14,-0.08989531016075089,-0.0994010696813455,-0.603382662840497,-1.0377885781951144,0.2980605766147524,0.9664821909529026
detailed,5,Sc,5,B_core,inner,withheld_outer,13,0,13,-1.646515023242758,-2.4220445438463454,-10.295442235137912,-11.532819189037058,4.496707119353791,21.403131307984356
detailed,5,Sc,5,B_nfw,full,inner_third,14,0,14,0.4178013114095254,0.32965837312334517,2.502879040612311,1.211763608433463,1.6349073771409883,2.863554546269849
detailed,5,Sc,5,B_nfw,full,middle_third,14,0,14,-0.1807532688836856,-0.15290986421076072,-1.2109422879801435,-0.5688329667403319,0.8334868073492312,1.273405390200595
detailed,5,Sc,5,B_nfw,full,outer_third,14,0,14,-0.010978897157735881,-0.02880087939514805,0.16381071496795752,-0.07271938961509004,0.6350899044704881,1.0747556379644654
detailed,5,Sc,5,B_nfw,inner,withheld_outer,13,0,13,-0.2445465919515513,1.154125343446604,-1.3537127774574742,4.179399388603982,3.4084328840015217,28.721542424407854
detailed,5,Sc,5,C_core,full,inner_third,14,0,14,0.036649286117876594,-0.08720552369763332,1.4099115651358392,-1.2344649002540533,2.167449262559577,2.800207866093621
detailed,5,Sc,5,C_core,full,middle_third,14,0,14,-0.016731396140045585,0.01088544070836886,0.10788681655234961,0.46173699392383705,0.7281007808255644,1.2266150009681898
detailed,5,Sc,5,C_core,full,outer_third,14,0,14,-0.0971872890745598,-0.09672714404112191,-0.8133630077827849,-1.051969917900116,0.27768890012676317,0.902347081856937
detailed,5,Sc,5,C_core,inner,withheld_outer,13,0,13,-1.9601140116900064,-2.7361375624266078,-12.056459557785956,-12.843868150046895,4.152602056579311,21.84471819936598
detailed,5,Sc,5,C_nfw,full,inner_third,14,0,14,0.4178013114095254,0.32965837312334517,2.502879040612311,1.211763608433463,1.6349073771409883,2.863554546269849
detailed,5,Sc,5,C_nfw,full,middle_third,14,0,14,-0.1807532688836856,-0.15290986421076072,-1.2109422879801435,-0.5688329667403319,0.8334868073492312,1.273405390200595
detailed,5,Sc,5,C_nfw,full,outer_third,14,0,14,-0.010978897157735881,-0.02880087939514805,0.16381071496795752,-0.07271938961509004,0.6350899044704881,1.0747556379644654
detailed,5,Sc,5,C_nfw,inner,withheld_outer,13,0,13,-0.2445465919515513,1.154125343446604,-1.3537127774574742,4.179399388603982,3.4084328840015217,28.721542424407854
detailed,6,Scd,6,A_core,full,inner_third,16,0,16,-0.7901829241047242,-1.8335145579020504,-4.599730078599562,-5.954338326731019,5.476040272217482,15.782386160832523
detailed,6,Scd,6,A_core,full,middle_third,16,0,16,0.6625441142865527,0.9319629210925773,2.1255806526889445,2.555381559951268,1.3833369359424017,6.948420244750724
detailed,6,Scd,6,A_core,full,outer_third,16,0,16,-0.8271106429021013,-1.3457815671927735,-4.548994997377022,-6.453326772774551,1.8079683014115813,10.214995972949957
detailed,6,Scd,6,A_core,inner,withheld_outer,16,0,16,-2.4333283286756986,-3.798444114440632,-12.55061957915975,-14.989855770844839,6.235505215080174,38.79841873003646
detailed,6,Scd,6,A_nfw,full,inner_third,16,0,16,0.3484059537245622,0.5477531599347646,1.5164310190854509,2.5340317346321735,4.787650653407651,5.329884750377908
detailed,6,Scd,6,A_nfw,full,middle_third,16,0,16,-0.20391838338470103,-0.10857555479192763,-0.6029776324806522,-0.985113597127914,0.9277724450238576,2.230465516627829
detailed,6,Scd,6,A_nfw,full,outer_third,16,0,16,0.0982627809109565,0.0989577373922508,0.8452158597682347,0.8191063159578658,0.3239208049183928,0.9308842001616825
detailed,6,Scd,6,A_nfw,inner,withheld_outer,16,0,16,0.4397805335395141,0.4291443515258809,4.230441369571453,3.8975843757019866,1.4263470201048416,3.4551079707877257
detailed,6,Scd,6,B_core,full,inner_third,16,0,16,-0.4925775936241525,-0.39989490715056875,-1.842155284219332,-2.128919618944267,2.665754808525346,5.020908423197463
detailed,6,Scd,6,B_core,full,middle_third,16,0,16,0.30125388725579194,0.4212786956493572,1.1914210540257026,1.0275090710634256,0.8193997992257346,2.474360799737507
detailed,6,Scd,6,B_core,full,outer_third,16,0,16,-0.15466004018295604,-0.3947516400568215,-0.9428462962666402,-1.7944310118112377,0.33785071449387594,2.765260946168066
detailed,6,Scd,6,B_core,inner,withheld_outer,16,0,16,-1.907959272017476,-1.8837462641274008,-8.003492135945347,-5.827330400674702,5.925501943738839,23.02008517879502
detailed,6,Scd,6,B_nfw,full,inner_third,16,0,16,0.21786059506599043,0.25649419060603695,1.1045601472820312,1.355938509109765,3.07645937210287,3.9078792607636674
detailed,6,Scd,6,B_nfw,full,middle_third,16,0,16,-0.1134660243234823,-0.0003515858341271022,-0.30904541522080564,-0.5930056902704804,0.4920103460214541,1.7625422858885393
detailed,6,Scd,6,B_nfw,full,outer_third,16,0,16,0.08865768827529767,0.027259927689820454,0.3458116052243639,0.7453705769596629,0.28690673397778244,1.0165245820166733
detailed,6,Scd,6,B_nfw,inner,withheld_outer,16,0,16,0.4291812230966069,0.3442564867500879,3.892332097462166,4.094595962400685,1.2748481537360221,4.38603690982719
detailed,6,Scd,6,C_core,full,inner_third,16,0,16,-0.43584516553325436,-0.40532528105069976,-2.0863609469199105,-2.1589992160058693,2.580488232493314,4.820305910054013
detailed,6,Scd,6,C_core,full,middle_third,16,0,16,0.28854492003653404,0.4226907587048,1.1071536837466383,1.0571032210648519,0.7311423128447492,2.319710760552719
detailed,6,Scd,6,C_core,full,outer_third,16,0,16,-0.13543370280909225,-0.38033058622045546,-0.9377363240660042,-1.6512961954495682,0.30814227610807565,2.5966964440466453
detailed,6,Scd,6,C_core,inner,withheld_outer,16,0,16,-1.7361228895409155,-1.8383174418082766,-7.832073095620971,-5.825272113924144,5.458321150810433,21.52345678671294
detailed,6,Scd,6,C_nfw,full,inner_third,16,0,16,0.21786059506599043,0.25649419060603695,1.1045601472820312,1.355938509109765,3.07645937210287,3.9078792607636674
detailed,6,Scd,6,C_nfw,full,middle_third,16,0,16,-0.1134660243234823,-0.0003515858341271022,-0.30904541522080564,-0.5930056902704804,0.4920103460214541,1.7625422858885393
detailed,6,Scd,6,C_nfw,full,outer_third,16,0,16,0.08865768827529767,0.027259927689820454,0.3458116052243639,0.7453705769596629,0.28690673397778244,1.0165245820166733
detailed,6,Scd,6,C_nfw,inner,withheld_outer,16,0,16,0.4291812230966069,0.3442564867500879,3.892332097462166,4.094595962400685,1.2748481537360221,4.38603690982719
detailed,7,Sd,7,A_core,full,inner_third,16,0,16,-0.8407558315568852,-0.8069712058475109,-3.9012541062352772,-3.2275223467934837,1.5121640930652571,4.185110062509131
detailed,7,Sd,7,A_core,full,middle_third,16,0,16,0.4191220649247176,0.4467971599637889,2.0745451390582987,1.9474286051653555,0.697526637372212,1.1104664222586385
detailed,7,Sd,7,A_core,full,outer_third,16,0,16,-0.2602622343469394,-0.5445571696081336,-1.2507334567383026,-3.502348810626646,0.746012771607923,1.1960122932692494
detailed,7,Sd,7,A_core,inner,withheld_outer,15,0,15,-1.8463810447939701,-1.7193970088848995,-11.647992973210332,-9.309243459492503,4.072847632828943,8.269036133355252
detailed,7,Sd,7,A_nfw,full,inner_third,16,0,16,0.526303902026374,0.5540958271479206,2.770412234958645,2.7960009517724065,1.4062863792005778,2.170924692655432
detailed,7,Sd,7,A_nfw,full,middle_third,16,0,16,-0.2581831600158581,-0.36946676216649604,-1.609013575475152,-1.9748473520994492,0.46362655102625017,1.3038364977386052
detailed,7,Sd,7,A_nfw,full,outer_third,16,0,16,0.11656229625309775,0.037874341913954335,1.0048512165135965,0.20909664515272908,0.2196071116477623,0.7132743808447892
detailed,7,Sd,7,A_nfw,inner,withheld_outer,15,0,15,1.0278114437742891,1.0326746199526307,4.63648023870967,4.450828886480475,1.125183855933973,3.227923901238446
detailed,7,Sd,7,B_core,full,inner_third,16,0,16,-0.38954956827637444,-0.3461390871200953,-1.6785184413369814,-1.705247211134373,0.8689241248533092,1.3400813323146448
detailed,7,Sd,7,B_core,full,middle_third,16,0,16,0.322801619903494,0.27382221252469097,1.349345660979902,1.2609904346677951,0.4597032857629292,0.5522406215300344
detailed,7,Sd,7,B_core,full,outer_third,16,0,16,-0.15035042361852213,-0.25737389004129735,-0.6916813482572326,-1.83607200578526,0.41220673008848896,0.4835242218318978
detailed,7,Sd,7,B_core,inner,withheld_outer,15,0,15,-1.3384936151018858,-0.635915474676655,-7.985388484074761,-4.12295648455084,3.20898959785627,6.137140591959865
detailed,7,Sd,7,B_nfw,full,inner_third,16,0,16,0.3474553795531795,0.47774714798297,2.415243651161286,2.6445264715045598,1.3359096061890376,2.0673279632448747
detailed,7,Sd,7,B_nfw,full,middle_third,16,0,16,-0.22519208751029507,-0.3504237584273321,-1.1969694494214593,-1.9123112388454073,0.4534217372857887,1.1754540795318857
detailed,7,Sd,7,B_nfw,full,outer_third,16,0,16,0.12042217690130878,0.047419586105313716,0.9526858253126296,0.16899905664756237,0.21792337910968845,0.6077414150117272
detailed,7,Sd,7,B_nfw,inner,withheld_outer,15,0,15,1.0275193955065611,1.351835731939587,5.1271572538507,4.991326623639515,1.1245161148610092,6.695448323575658
detailed,7,Sd,7,C_core,full,inner_third,16,0,16,-0.3808384104062309,-0.34358374962977306,-1.713607691404616,-1.6963751964020712,0.8597147679688639,1.319952031942962
detailed,7,Sd,7,C_core,full,middle_third,16,0,16,0.2993868028467137,0.2666327455825223,1.196853972431242,1.2232900740482329,0.40680930845810837,0.5265874450592594
detailed,7,Sd,7,C_core,full,outer_third,16,0,16,-0.15257138788622934,-0.2377935994925952,-0.6077459120086459,-1.6503053911517862,0.30065891999214484,0.42391835985527726
detailed,7,Sd,7,C_core,inner,withheld_outer,15,0,15,-1.5395534307753518,-0.8220017407290274,-7.985338904290583,-4.816840824609808,3.237815517694601,6.347615796151542
detailed,7,Sd,7,C_nfw,full,inner_third,16,0,16,0.3474553795531795,0.47774714798297,2.415243651161286,2.6445264715045598,1.3359096061890376,2.0673279632448747
detailed,7,Sd,7,C_nfw,full,middle_third,16,0,16,-0.22519208751029507,-0.3504237584273321,-1.1969694494214593,-1.9123112388454073,0.4534217372857887,1.1754540795318857
detailed,7,Sd,7,C_nfw,full,outer_third,16,0,16,0.12042217690130878,0.047419586105313716,0.9526858253126296,0.16899905664756237,0.21792337910968845,0.6077414150117272
detailed,7,Sd,7,C_nfw,inner,withheld_outer,15,0,15,1.0275193955065611,1.351835731939587,5.1271572538507,4.991326623639515,1.1245161148610092,6.695448323575658
detailed,8,Sdm,8,A_core,full,inner_third,10,0,10,-0.46060632056393447,-0.598995441036151,-1.9239210443747077,-0.370118386280034,1.910901812257313,12.690408576454184
detailed,8,Sdm,8,A_core,full,middle_third,10,0,10,0.604696437847901,0.7742001134521382,1.5398631091226218,1.7646737424597585,0.6619898035735006,4.525070065590895
detailed,8,Sdm,8,A_core,full,outer_third,10,0,10,-0.5257032376503742,-1.8161419860123487,-2.856216379444964,-6.294113694548725,0.5261381643017204,9.729548462687712
detailed,8,Sdm,8,A_core,inner,withheld_outer,9,0,9,-1.5823586995012953,-2.8866593812565084,-5.468586424104619,-10.07728033677761,2.695021926982796,19.18256351272749
detailed,8,Sdm,8,A_nfw,full,inner_third,10,0,10,0.6208319731755616,0.5705747861945779,2.709044583872717,3.732530389843869,1.6112987153860483,1.5036027804521195
detailed,8,Sdm,8,A_nfw,full,middle_third,10,0,10,-0.02057341560723233,0.03710550772471564,-0.09587580750012478,-0.135292426892,0.267273948020857,0.406453766560207
detailed,8,Sdm,8,A_nfw,full,outer_third,10,0,10,-0.3030397655018531,-0.30086145607626474,-1.3873094845076772,-1.406680129254434,0.4022291930795111,0.6275715362435526
detailed,8,Sdm,8,A_nfw,inner,withheld_outer,9,0,9,-0.6206454818882985,-0.3721242810548844,-2.401898014907715,-1.357294743918241,1.3697158370481475,1.5070222798737403
detailed,8,Sdm,8,B_core,full,inner_third,10,0,10,-0.30261641476803963,-0.3221863011906775,-1.2169359160977713,-0.39652791729292364,0.6646775835211514,2.0391926323733376
detailed,8,Sdm,8,B_core,full,middle_third,10,0,10,0.0030634795567692752,0.18777098604165446,0.050109714557974784,0.359363279783987,0.40555874645701256,0.7702374575766278
detailed,8,Sdm,8,B_core,full,outer_third,10,0,10,-0.15414844545550427,-0.6024291584636023,-0.628454085666662,-2.681471746408495,0.2626055423316971,2.2367167759571176
detailed,8,Sdm,8,B_core,inner,withheld_outer,9,0,9,-1.5095903833901854,-1.4107294180746264,-5.08672432797709,-3.5716870363339246,7.220291818200653,11.581116116604814
detailed,8,Sdm,8,B_nfw,full,inner_third,10,0,10,0.5889590558295372,0.5355987090141177,2.587561463293358,3.4316845273221523,1.5826009707823225,1.4048511164424855
detailed,8,Sdm,8,B_nfw,full,middle_third,10,0,10,-0.1360035214463053,-0.020349031940015496,-0.687454121176259,-0.5109845590973772,0.24700476021667972,0.39055796338369847
detailed,8,Sdm,8,B_nfw,full,outer_third,10,0,10,-0.20706626552300983,-0.255023113410503,-1.1285847694573778,-1.190822445715664,0.38335267450400645,0.5919331204156355
detailed,8,Sdm,8,B_nfw,inner,withheld_outer,9,0,9,-0.2211065134414553,-0.23913722994758788,-1.463733429569724,-0.34295664316413793,0.8144600315220792,1.5037737078077207
detailed,8,Sdm,8,C_core,full,inner_third,10,0,10,-0.2946833391169403,-0.30837451492390416,-1.1843089499984965,-0.3346092516686054,0.6143279194388267,2.0152562433897163
detailed,8,Sdm,8,C_core,full,middle_third,10,0,10,0.0018400773570916968,0.18740928842436175,0.04713104937168786,0.3587761686453699,0.42996344499205486,0.7644284981466276
detailed,8,Sdm,8,C_core,full,outer_third,10,0,10,-0.15600767123203768,-0.6157099912256399,-0.5968468989660538,-2.75510820201624,0.30529547763419634,2.243525327941189
detailed,8,Sdm,8,C_core,inner,withheld_outer,9,0,9,-1.3973550712734575,-1.4754278977508055,-8.10450684077517,-4.242131677007626,8.811815736194712,11.734102505924884
detailed,8,Sdm,8,C_nfw,full,inner_third,10,0,10,0.5889590558295372,0.5355987090141177,2.587561463293358,3.4316845273221523,1.5826009707823225,1.4048511164424855
detailed,8,Sdm,8,C_nfw,full,middle_third,10,0,10,-0.1360035214463053,-0.020349031940015496,-0.687454121176259,-0.5109845590973772,0.24700476021667972,0.39055796338369847
detailed,8,Sdm,8,C_nfw,full,outer_third,10,0,10,-0.20706626552300983,-0.255023113410503,-1.1285847694573778,-1.190822445715664,0.38335267450400645,0.5919331204156355
detailed,8,Sdm,8,C_nfw,inner,withheld_outer,9,0,9,-0.2211065134414553,-0.23913722994758788,-1.463733429569724,-0.34295664316413793,0.8144600315220792,1.5037737078077207
detailed,9,Sm,9,A_core,full,inner_third,21,0,21,-0.6907821267614866,-1.09512887988185,-2.31327840412249,-3.0891210767524315,0.9657857095394476,4.102891517847243
detailed,9,Sm,9,A_core,full,middle_third,21,0,21,0.4759923660316724,0.37286808467014587,0.9422655721944526,0.622042672934239,0.45551824875910674,2.1639413890837234
detailed,9,Sm,9,A_core,full,outer_third,21,0,21,-0.4189216390500897,-0.5249684511188979,-1.3005369877609438,-1.4201795426497381,0.727076152355816,4.223676866886812
detailed,9,Sm,9,A_core,inner,withheld_outer,18,0,18,-1.837573175362065,-3.4722232827740127,-6.217756610515435,-6.638983388581277,5.0007780612511255,33.84254991395771
detailed,9,Sm,9,A_nfw,full,inner_third,21,0,21,0.7021503422945224,0.8803789694926206,1.9499402786814788,2.3014847835101087,1.6382554669724698,5.9674907887025
detailed,9,Sm,9,A_nfw,full,middle_third,21,0,21,-0.6531441319903528,-0.8218689139454279,-1.8085049836030216,-2.3078876783191435,0.7484167189721941,1.8438457235204797
detailed,9,Sm,9,A_nfw,full,outer_third,21,0,21,0.2928473083682947,0.13349355965704884,0.5671872444379886,0.33863111409602326,0.6640237500170674,1.4620737687105403
detailed,9,Sm,9,A_nfw,inner,withheld_outer,18,0,18,1.2715948642647632,1.1510313488000807,3.319838200189051,2.925367795486388,3.7602487638264352,9.498444074168239
detailed,9,Sm,9,B_core,full,inner_third,21,0,21,-0.40073134226941526,-0.28875644434373704,-1.4783408144242975,-0.9092093343671137,0.548950029091508,0.8379255736721402
detailed,9,Sm,9,B_core,full,middle_third,21,0,21,0.29325418101137307,0.18388153334729748,0.6424642585297811,0.38516030174085647,0.2826280425056661,0.5532877264758059
detailed,9,Sm,9,B_core,full,outer_third,21,0,21,-0.21041171315650362,-0.27644187009266863,-0.6500140324554602,-0.7478064976262547,0.319686598081251,0.6551835971604533
detailed,9,Sm,9,B_core,inner,withheld_outer,18,0,18,-1.177712645665593,-2.706564031243769,-4.4638269118078515,-4.861941782441404,3.398325537125594,26.792499045791367
detailed,9,Sm,9,B_nfw,full,inner_third,21,0,21,0.6981999158094142,0.8334924172514638,1.901775592067145,2.1684207977659575,1.5170057874318224,5.301374846053195
detailed,9,Sm,9,B_nfw,full,middle_third,21,0,21,-0.6815588367408525,-0.7808516800745954,-1.8347945260356375,-2.2138448665569075,0.6543544181374246,1.6052365285276164
detailed,9,Sm,9,B_nfw,full,outer_third,21,0,21,0.28894123876733313,0.12056908328448467,0.5443043685563425,0.3326462037325458,0.5411563340922793,1.2171194235970209
detailed,9,Sm,9,B_nfw,inner,withheld_outer,18,0,18,1.3243540235966593,1.0888880071020388,3.3284356637950125,2.966527392078872,4.271660594884773,9.706308966649965
detailed,9,Sm,9,C_core,full,inner_third,21,0,21,-0.3684774835135094,-0.26849569958640046,-1.362707126693133,-0.8493661756975842,0.5145700421629937,0.8072860404205722
detailed,9,Sm,9,C_core,full,middle_third,21,0,21,0.26923663806786047,0.16011918540535325,0.5860361490870698,0.3279645120859706,0.241127086740362,0.5289491531545056
detailed,9,Sm,9,C_core,full,outer_third,21,0,21,-0.18311581032327828,-0.2556256720363252,-0.6200349614942668,-0.6912516668476869,0.2839699229964982,0.5999258603154709
detailed,9,Sm,9,C_core,inner,withheld_outer,18,0,18,-1.1007970310621276,-2.6491325756059414,-4.01090464305506,-4.889993122599115,3.320361352022913,25.69588360637444
detailed,9,Sm,9,C_nfw,full,inner_third,21,0,21,0.6981999158094142,0.8334924172514638,1.901775592067145,2.1684207977659575,1.5170057874318224,5.301374846053195
detailed,9,Sm,9,C_nfw,full,middle_third,21,0,21,-0.6815588367408525,-0.7808516800745954,-1.8347945260356375,-2.2138448665569075,0.6543544181374246,1.6052365285276164
detailed,9,Sm,9,C_nfw,full,outer_third,21,0,21,0.28894123876733313,0.12056908328448467,0.5443043685563425,0.3326462037325458,0.5411563340922793,1.2171194235970209
detailed,9,Sm,9,C_nfw,inner,withheld_outer,18,0,18,1.3243540235966593,1.0888880071020388,3.3284356637950125,2.966527392078872,4.271660594884773,9.706308966649965
detailed,10,Im,10,A_core,full,inner_third,30,0,30,-0.16778180771799026,-0.29836966269331533,-0.5581772513190949,-0.7349070584530497,0.29937249954593514,1.3919316434730868
detailed,10,Im,10,A_core,full,middle_third,30,0,30,0.23534216989985904,0.3201501625279591,0.3528640181251923,0.7212708765183604,0.20081220320824036,0.938148659846066
detailed,10,Im,10,A_core,full,outer_third,30,0,30,-0.1235358222459767,-0.24987068978679716,-0.47821258151956414,-0.6635401122972542,0.22901126720538498,0.6737604734430883
detailed,10,Im,10,A_core,inner,withheld_outer,18,0,18,-1.3473557292410532,-1.0410581620039996,-3.2803649794193603,-2.2596552571391935,3.19733947961604,7.789469921216821
detailed,10,Im,10,A_nfw,full,inner_third,30,0,30,0.5977682333855565,0.9468760650418174,2.583016586474698,2.3756064481689596,0.7286798909599453,2.654293204536636
detailed,10,Im,10,A_nfw,full,middle_third,30,0,30,-0.2672968700072195,-0.23670034408082366,-0.3132509353085477,-0.6101431233989462,0.25283181323710324,0.8898025960690757
detailed,10,Im,10,A_nfw,full,outer_third,30,0,30,0.0007128230663771208,-0.07155800647121181,0.006444543024409555,-0.19206026815154637,0.20826584470820275,1.1954787741433102
detailed,10,Im,10,A_nfw,inner,withheld_outer,18,0,18,0.34992491309562895,0.25983474915532967,1.5795324404914828,0.5723320373900465,1.209036818917406,4.168560738267605
detailed,10,Im,10,B_core,full,inner_third,30,0,30,-0.13648700634957067,-0.20904562481757896,-0.35815481338458355,-0.4994654021493157,0.2478483240876786,0.8816363105748694
detailed,10,Im,10,B_core,full,middle_third,30,0,30,0.20952395385799386,0.22652959473991272,0.3532273770725993,0.521859015696235,0.20773089045960202,0.7078807549368776
detailed,10,Im,10,B_core,full,outer_third,30,0,30,-0.09312882017070204,-0.20083784590500864,-0.3594629850197526,-0.5341873443192983,0.17951577174109068,0.5139262050005414
detailed,10,Im,10,B_core,inner,withheld_outer,18,0,18,-1.3320450151725831,-0.9583928950585808,-3.1216640409012335,-2.0370472005482383,2.593940033392353,7.149936037732238
detailed,10,Im,10,B_nfw,full,inner_third,30,0,30,0.5923492418768449,0.8616626194940401,2.057536355682004,2.2111083406664425,0.6863457121257002,2.2202775610285403
detailed,10,Im,10,B_nfw,full,middle_third,30,0,30,-0.26335880091549857,-0.2343724609258726,-0.3128866277900328,-0.6110790050893941,0.23826565283240697,0.7929295855634168
detailed,10,Im,10,B_nfw,full,outer_third,30,0,30,0.021181175226465045,-0.04199175462514058,0.038295060432100465,-0.09899129588190324,0.2048892934106334,1.077297734508963
detailed,10,Im,10,B_nfw,inner,withheld_outer,18,0,18,0.3616429349489646,0.33018884689192207,1.5784954269953673,0.7575685884798499,1.2473011261151852,5.381883324034997
detailed,10,Im,10,C_core,full,inner_third,30,0,30,-0.1358595616397085,-0.20582638371006604,-0.3476324266230648,-0.5130192427737915,0.2399047715313985,0.8181850848978578
detailed,10,Im,10,C_core,full,middle_third,30,0,30,0.20769212007057247,0.24047163591409057,0.304427402866132,0.5577553048936363,0.17991647126231736,0.6374906741771311
detailed,10,Im,10,C_core,full,outer_third,30,0,30,-0.08074960479302712,-0.2090854540003159,-0.33017208067665194,-0.5811567053717381,0.14517795375463588,0.4476335389690656
detailed,10,Im,10,C_core,inner,withheld_outer,18,0,18,-1.2026248235111,-1.048573044410419,-3.8074173776190126,-2.238475461761824,2.326877290550751,7.05446930038519
detailed,10,Im,10,C_nfw,full,inner_third,30,0,30,0.5923492418768449,0.8616626194940401,2.057536355682004,2.2111083406664425,0.6863457121257002,2.2202775610285403
detailed,10,Im,10,C_nfw,full,middle_third,30,0,30,-0.26335880091549857,-0.2343724609258726,-0.3128866277900328,-0.6110790050893941,0.23826565283240697,0.7929295855634168
detailed,10,Im,10,C_nfw,full,outer_third,30,0,30,0.021181175226465045,-0.04199175462514058,0.038295060432100465,-0.09899129588190324,0.2048892934106334,1.077297734508963
detailed,10,Im,10,C_nfw,inner,withheld_outer,18,0,18,0.3616429349489646,0.33018884689192207,1.5784954269953673,0.7575685884798499,1.2473011261151852,5.381883324034997
detailed,11,BCD,11,A_core,full,inner_third,2,0,2,-0.2570574757368601,-0.2570574757368601,-1.3350560137688317,-1.3350560137688317,0.7098196596635216,0.7098196596635216
detailed,11,BCD,11,A_core,full,middle_third,2,0,2,0.382420955858209,0.382420955858209,2.6222374586243076,2.6222374586243076,0.2883495518748805,0.2883495518748805
detailed,11,BCD,11,A_core,full,outer_third,2,0,2,-0.23623152422963223,-0.23623152422963223,-1.581168230945287,-1.581168230945287,0.5730395723942966,0.5730395723942966
detailed,11,BCD,11,A_core,inner,withheld_outer,1,0,1,-2.2595688786415384,-2.2595688786415384,-13.635945604608949,-13.635945604608949,5.694101273358399,5.694101273358399
detailed,11,BCD,11,A_nfw,full,inner_third,2,0,2,0.7368148700197605,0.7368148700197605,4.928928084259992,4.928928084259992,1.7338379160002513,1.7338379160002513
detailed,11,BCD,11,A_nfw,full,middle_third,2,0,2,-0.4897364083501085,-0.4897364083501085,-2.3774649075182146,-2.3774649075182146,0.39764918840621233,0.39764918840621233
detailed,11,BCD,11,A_nfw,full,outer_third,2,0,2,-0.41813124301836024,-0.41813124301836024,-4.227494519594992,-4.227494519594992,0.6572893333100096,0.6572893333100096
detailed,11,BCD,11,A_nfw,inner,withheld_outer,1,0,1,-0.07867738578661136,-0.07867738578661136,-0.33479774579088684,-0.33479774579088684,0.061849299541748726,0.061849299541748726
detailed,11,BCD,11,B_core,full,inner_third,2,0,2,-0.27848773765897444,-0.27848773765897444,-1.5863152476191102,-1.5863152476191102,0.6648693033194978,0.6648693033194978
detailed,11,BCD,11,B_core,full,middle_third,2,0,2,0.39137786876208724,0.39137786876208724,2.6917459117501323,2.6917459117501323,0.29809698537145213,0.29809698537145213
detailed,11,BCD,11,B_core,full,outer_third,2,0,2,-0.24285771880290927,-0.24285771880290927,-1.620580629683873,-1.620580629683873,0.5843836345853585,0.5843836345853585
detailed,11,BCD,11,B_core,inner,withheld_outer,1,0,1,-2.295497212687697,-2.295497212687697,-13.857171573235613,-13.857171573235613,5.866557488673032,5.866557488673032
detailed,11,BCD,11,B_nfw,full,inner_third,2,0,2,0.7029791105230928,0.7029791105230928,4.550234813241808,4.550234813241808,1.608139628054021,1.608139628054021
detailed,11,BCD,11,B_nfw,full,middle_third,2,0,2,-0.47937945168775337,-0.47937945168775337,-2.3013951098458785,-2.3013951098458785,0.3929197346603309,0.3929197346603309
detailed,11,BCD,11,B_nfw,full,outer_third,2,0,2,-0.4209070500877492,-0.4209070500877492,-4.244268388238399,-4.244268388238399,0.660173032445117,0.660173032445117
detailed,11,BCD,11,B_nfw,inner,withheld_outer,1,0,1,-0.10826256203352291,-0.10826256203352291,-0.5138235927201672,-0.5138235927201672,0.07146935079341347,0.07146935079341347
detailed,11,BCD,11,C_core,full,inner_third,2,0,2,-0.2621544735927076,-0.2621544735927076,-1.4301339491281513,-1.4301339491281513,0.6427231393811127,0.6427231393811127
detailed,11,BCD,11,C_core,full,middle_third,2,0,2,0.37175297656163286,0.37175297656163286,2.5497392796619294,2.5497392796619294,0.2703831733513027,0.2703831733513027
detailed,11,BCD,11,C_core,full,outer_third,2,0,2,-0.2281772677095307,-0.2281772677095307,-1.5326506864166176,-1.5326506864166176,0.5451656261857276,0.5451656261857276
detailed,11,BCD,11,C_core,inner,withheld_outer,1,0,1,-2.2210246516503127,-2.2210246516503127,-13.398996352949675,-13.398996352949675,5.511385320184153,5.511385320184153
detailed,11,BCD,11,C_nfw,full,inner_third,2,0,2,0.7029791105230928,0.7029791105230928,4.550234813241808,4.550234813241808,1.608139628054021,1.608139628054021
detailed,11,BCD,11,C_nfw,full,middle_third,2,0,2,-0.47937945168775337,-0.47937945168775337,-2.3013951098458785,-2.3013951098458785,0.3929197346603309,0.3929197346603309
detailed,11,BCD,11,C_nfw,full,outer_third,2,0,2,-0.4209070500877492,-0.4209070500877492,-4.244268388238399,-4.244268388238399,0.660173032445117,0.660173032445117
detailed,11,BCD,11,C_nfw,inner,withheld_outer,1,0,1,-0.10826256203352291,-0.10826256203352291,-0.5138235927201672,-0.5138235927201672,0.07146935079341347,0.07146935079341347
broad,0,S0,0,A_core,full,inner_third,3,0,3,-3.6329932634435997,-2.596195893242671,-20.14557106488577,-22.45844576238001,24.434603260813187,16.95551441976403
broad,0,S0,0,A_core,full,middle_third,3,0,3,0.3669605798251666,0.5210777922555087,4.717037515198996,2.3255328039278815,7.851875026847163,6.450427870723995
broad,0,S0,0,A_core,full,outer_third,3,0,3,-0.7696866337148522,-1.4504725395025464,-15.377373383122446,-14.294159387162056,18.939339105666175,19.016162217121288
broad,0,S0,0,A_core,inner,withheld_outer,2,0,2,-11.849683382974597,-11.849683382974597,-42.271762164844546,-42.271762164844546,230.9207545722562,230.9207545722562
broad,0,S0,0,A_nfw,full,inner_third,3,0,3,0.08399220894145328,0.351965940246906,4.2924947853838376,3.5201073520125443,1.415455906989618,1.820501117818898
broad,0,S0,0,A_nfw,full,middle_third,3,0,3,0.4674963160502998,0.26755254709270054,2.851242367865283,2.1213556347305995,0.6596234191452468,2.4760873935244483
broad,0,S0,0,A_nfw,full,outer_third,3,0,3,-0.14827901940627558,-0.3122601965773361,-3.1823601346239627,-3.616544601794292,0.64992232837383,1.0367624956143262
broad,0,S0,0,A_nfw,inner,withheld_outer,2,0,2,-0.2614745274002023,-0.2614745274002023,-4.201257289188691,-4.201257289188691,3.1699503969655645,3.1699503969655645
broad,0,S0,0,B_core,full,inner_third,3,0,3,0.17142150322855118,0.22798348823636574,2.785380715906418,3.0441341383538663,2.543243522651681,2.112392085350009
broad,0,S0,0,B_core,full,middle_third,3,0,3,0.3449043656872989,0.4574992013826488,4.47512113051603,3.004098057405241,1.7183699333955784,2.574142371630229
broad,0,S0,0,B_core,full,outer_third,3,0,3,-0.7903538136430073,-0.8682272070937392,-12.349401451795154,-10.288261735604886,2.116896365073126,2.3719000105462116
broad,0,S0,0,B_core,inner,withheld_outer,2,0,2,-3.8488756188207,-3.8488756188207,-20.933309332975533,-20.933309332975533,20.766066551038243,20.766066551038243
broad,0,S0,0,B_nfw,full,inner_third,3,0,3,0.061938237927846806,0.24280531465615865,3.9727606577336587,1.622319689812814,1.168012377150751,1.6294514640238524
broad,0,S0,0,B_nfw,full,middle_third,3,0,3,0.31960285369743235,0.19349100053262558,1.4359833749996558,1.8353959037092897,0.43165105599494324,1.8906540030047383
broad,0,S0,0,B_nfw,full,outer_third,3,0,3,-0.14696913727858602,-0.3019481920065854,-3.161034405329289,-3.644262652749065,0.577510585273514,0.9601924620556174
broad,0,S0,0,B_nfw,inner,withheld_outer,2,0,2,-1.4326842972580458,-1.4326842972580458,-7.837818458115035,-7.837818458115035,3.5844153692463823,3.5844153692463823
broad,0,S0,0,C_core,full,inner_third,3,0,3,0.16293287423261688,0.19772994357872442,2.761072525375463,2.7906003154930805,2.304478640302726,2.057984234673182
broad,0,S0,0,C_core,full,middle_third,3,0,3,0.3620549471383374,0.47644628863032884,4.628008315469103,3.0852540554158643,1.660336276273473,2.5257708624698174
broad,0,S0,0,C_core,full,outer_third,3,0,3,-0.7661265363972991,-0.8531205429163567,-12.427661437030462,-10.056053902272136,1.8717156373271775,2.2934074296351703
broad,0,S0,0,C_core,inner,withheld_outer,2,0,2,-6.676440477918559,-6.676440477918559,-29.01623426974067,-29.01623426974067,68.27312575068181,68.27312575068181
broad,0,S0,0,C_nfw,full,inner_third,3,0,3,0.061938237927846806,0.24280531465615865,3.9727606577336587,1.622319689812814,1.168012377150751,1.6294514640238524
broad,0,S0,0,C_nfw,full,middle_third,3,0,3,0.31960285369743235,0.19349100053262558,1.4359833749996558,1.8353959037092897,0.43165105599494324,1.8906540030047383
broad,0,S0,0,C_nfw,full,outer_third,3,0,3,-0.14696913727858602,-0.3019481920065854,-3.161034405329289,-3.644262652749065,0.577510585273514,0.9601924620556174
broad,0,S0,0,C_nfw,inner,withheld_outer,2,0,2,-1.4326842972580458,-1.4326842972580458,-7.837818458115035,-7.837818458115035,3.5844153692463823,3.5844153692463823
broad,1,spirals,1,A_core,full,inner_third,118,0,118,-0.7159565576410603,-0.8034298777622918,-2.8677614392092403,-3.5527241372173073,3.2635188680937888,11.847425407434852
broad,1,spirals,1,A_core,full,middle_third,118,0,118,0.47139968421019895,0.41558262769506543,1.6615152251546164,1.538754618901589,1.2176723345330878,5.898709611496032
broad,1,spirals,1,A_core,full,outer_third,118,0,118,-0.4020431953887834,-0.8862553930840418,-2.1506391536884886,-4.367119587680575,1.1174654103862864,8.894724102588249
broad,1,spirals,1,A_core,inner,withheld_outer,110,0,110,-2.6299919985218185,-3.4938749509013207,-12.023085183819976,-13.916456631934627,10.361757095727066,64.8824735872053
broad,1,spirals,1,A_nfw,full,inner_third,118,0,118,0.5625561996013146,0.9043102066913546,2.8082681374661185,4.5513628225903275,2.310311652732139,9.002463324682926
broad,1,spirals,1,A_nfw,full,middle_third,118,0,118,-0.17897090570990473,-0.15630667057387712,-0.7924158404529582,-0.4044160045005077,0.8590997267278467,2.8731419447185376
broad,1,spirals,1,A_nfw,full,outer_third,118,0,118,-0.00567333115977425,-0.08644668664111996,-0.02468886425486024,-0.47297086443475594,0.62042672082492,2.1533700422646134
broad,1,spirals,1,A_nfw,inner,withheld_outer,110,0,110,0.29819633183152117,0.49093459358892094,2.1594127035286603,1.6029875161708986,2.991424499873902,22.720371384439705
broad,1,spirals,1,B_core,full,inner_third,118,0,118,-0.23685109210978147,-0.20033275134228437,-0.8346520851533414,-0.8018614676801854,1.1554175689871549,2.7276713752036277
broad,1,spirals,1,B_core,full,middle_third,118,0,118,0.25787065625321526,0.24330818305878724,0.7425627450018633,1.1876823043294849,0.5624319108298435,1.6584618350956626
broad,1,spirals,1,B_core,full,outer_third,118,0,118,-0.141463924132196,-0.29694730183909235,-0.8347491967347125,-1.8097374709502931,0.3853083838574175,1.8241655235085201
broad,1,spirals,1,B_core,inner,withheld_outer,110,0,110,-1.5876252859552933,-2.334180036291251,-8.797923294623068,-9.29140497022888,3.9681562835004494,31.50877040402407
broad,1,spirals,1,B_nfw,full,inner_third,118,0,118,0.2430462106766379,0.3901742418013115,1.8577498277691782,1.8564465909296328,1.5962422460745773,3.7665279269165977
broad,1,spirals,1,B_nfw,full,middle_third,118,0,118,-0.15305014733655445,-0.20021978455522432,-0.7203850013829103,-0.7864218239962998,0.6780205655991929,1.396445878534177
broad,1,spirals,1,B_nfw,full,outer_third,118,0,118,0.016417468539002555,0.005083283907904964,0.049259630938035315,0.04842550720451185,0.40605539384132777,1.2972358220268747
broad,1,spirals,1,B_nfw,inner,withheld_outer,110,0,110,0.2460478321639325,0.4781068517397237,1.331697815911367,2.6055051108315332,2.337814430357828,13.457786853427045
broad,1,spirals,1,C_core,full,inner_third,118,0,118,-0.21167342964576383,-0.19874252300651962,-0.8683029842016292,-0.7942566728555025,1.1509223485223632,2.652944402846442
broad,1,spirals,1,C_core,full,middle_third,118,0,118,0.24280846131689365,0.23882604847087424,0.7731495360656055,1.1718358851840882,0.5192761756039125,1.5789052433180977
broad,1,spirals,1,C_core,full,outer_third,118,0,118,-0.1379031741244442,-0.28868426964685273,-0.850724944079569,-1.7506251734306955,0.38133875141618145,1.73229445345327
broad,1,spirals,1,C_core,inner,withheld_outer,110,0,110,-1.6774529421191273,-2.4602827675309826,-8.897893261911896,-9.932755429915787,4.073387384883338,31.895334498199386
broad,1,spirals,1,C_nfw,full,inner_third,118,0,118,0.2430462106766379,0.3901742418013115,1.8577498277691782,1.8564465909296328,1.5962422460745773,3.7665279269165977
broad,1,spirals,1,C_nfw,full,middle_third,118,0,118,-0.15305014733655445,-0.20021978455522432,-0.7203850013829103,-0.7864218239962998,0.6780205655991929,1.396445878534177
broad,1,spirals,1,C_nfw,full,outer_third,118,0,118,0.016417468539002555,0.005083283907904964,0.049259630938035315,0.04842550720451185,0.40605539384132777,1.2972358220268747
broad,1,spirals,1,C_nfw,inner,withheld_outer,110,0,110,0.2460478321639325,0.4781068517397237,1.331697815911367,2.6055051108315332,2.337814430357828,13.457786853427045
broad,2,Im/BCD,2,A_core,full,inner_third,32,0,32,-0.19573502689053918,-0.2957876510085368,-0.7414357855219686,-0.7724163681602862,0.29937249954593514,1.3492996444849887
broad,2,Im/BCD,2,A_core,full,middle_third,32,0,32,0.23534216989985904,0.3240420871110997,0.391447737894552,0.8400812878999822,0.20081220320824036,0.8975362155978672
broad,2,Im/BCD,2,A_core,full,outer_third,32,0,32,-0.1420348984639201,-0.24901824193947436,-0.5756356294687635,-0.7208918697127562,0.22901126720538498,0.6674654171275389
broad,2,Im/BCD,2,A_core,inner,withheld_outer,19,0,19,-1.4034549263182785,-1.1051903049849228,-4.093283206959335,-2.8584073806902333,3.587655002843455,7.679187360803221
broad,2,Im/BCD,2,A_nfw,full,inner_third,32,0,32,0.5977682333855565,0.9337472403529391,3.107822002224564,2.5351890504246493,0.8926469453544659,2.5967647490031114
broad,2,Im/BCD,2,A_nfw,full,middle_third,32,0,32,-0.2672968700072195,-0.252515098097654,-0.47383728609046594,-0.7206007349064005,0.25283181323710324,0.8590430080901467
broad,2,Im/BCD,2,A_nfw,full,outer_third,32,0,32,0.0007128230663771208,-0.09321883375540857,0.006444543024409555,-0.4442749088667617,0.20826584470820275,1.1618419340912287
broad,2,Im/BCD,2,A_nfw,inner,withheld_outer,19,0,19,0.2422114190170719,0.24201832100049073,1.3605459407884144,0.5245883645910497,1.1702625011498873,3.9524180309662427
broad,2,Im/BCD,2,B_core,full,inner_third,32,0,32,-0.15341448020257742,-0.21338575687016617,-0.40630290526730684,-0.5673935174911778,0.27726021505694265,0.8680883726214087
broad,2,Im/BCD,2,B_core,full,middle_third,32,0,32,0.20952395385799386,0.23683261186629867,0.3888785702290676,0.6574769466996038,0.20773089045960202,0.6822692693390386
broad,2,Im/BCD,2,B_core,full,outer_third,32,0,32,-0.11400111743999565,-0.20346408796112744,-0.39139234461387673,-0.6020869246545844,0.17951577174109068,0.5183297943495926
broad,2,Im/BCD,2,B_core,inner,withheld_outer,19,0,19,-1.3982420306866747,-1.0287668065127447,-4.0127381589174185,-2.6591590096370474,2.8600427682733236,7.0823897983080695
broad,2,Im/BCD,2,B_nfw,full,inner_third,32,0,32,0.5923492418768449,0.8517449001833557,2.536410396058285,2.357303745202403,0.841662605495929,2.182018940217633
broad,2,Im/BCD,2,B_nfw,full,middle_third,32,0,32,-0.26335880091549857,-0.24968539784849017,-0.4511497436825973,-0.7167237616366743,0.23826565283240697,0.7679289698819739
broad,2,Im/BCD,2,B_nfw,full,outer_third,32,0,32,0.021181175226465045,-0.06567396059155363,0.038295060432100465,-0.35807111415418424,0.2048892934106334,1.0512274406299724
broad,2,Im/BCD,2,B_nfw,inner,withheld_outer,19,0,19,0.2653245975354953,0.3071124569484778,1.3572030536063693,0.6906532105219538,1.1810667846097793,5.102387851759124
broad,2,Im/BCD,2,C_core,full,inner_third,32,0,32,-0.1545928352613563,-0.2093468893277311,-0.41103824291751834,-0.570338911920939,0.25001927830983617,0.8072187133030612
broad,2,Im/BCD,2,C_core,full,middle_third,32,0,32,0.20769212007057247,0.24867671970456198,0.3820679214987983,0.6822543033166546,0.17991647126231736,0.6145464553755167
broad,2,Im/BCD,2,C_core,full,outer_third,32,0,32,-0.11202836320030898,-0.21027869235714183,-0.3693519966662391,-0.6406250791870431,0.14517795375463588,0.453729294420107
broad,2,Im/BCD,2,C_core,inner,withheld_outer,19,0,19,-1.2643949927010831,-1.1102810237388343,-4.008132126862433,-2.8258712981401324,2.4895115262670724,6.9732543540588185
broad,2,Im/BCD,2,C_nfw,full,inner_third,32,0,32,0.5923492418768449,0.8517449001833557,2.536410396058285,2.357303745202403,0.841662605495929,2.182018940217633
broad,2,Im/BCD,2,C_nfw,full,middle_third,32,0,32,-0.26335880091549857,-0.24968539784849017,-0.4511497436825973,-0.7167237616366743,0.23826565283240697,0.7679289698819739
broad,2,Im/BCD,2,C_nfw,full,outer_third,32,0,32,0.021181175226465045,-0.06567396059155363,0.038295060432100465,-0.35807111415418424,0.2048892934106334,1.0512274406299724
broad,2,Im/BCD,2,C_nfw,inner,withheld_outer,19,0,19,0.2653245975354953,0.3071124569484778,1.3572030536063693,0.6906532105219538,1.1810667846097793,5.102387851759124
