r_kpc,true_v_kms,fit_v_kms,fit_se_kms
0.02,0.3463963881265527,0.3475112809428249,0.01016549504312126
0.029975,0.5191358622127571,0.5208061860180992,0.01523356691469332
0.03995,0.6918445329219612,0.6940695432391557,0.02029928153624343
0.049925,0.86451215664902,0.8672908615773774,0.02536185539992481
0.05990000000000001,1.037128495829595,1.040459656320074,0.0304205057940045
0.06987500000000001,1.209683320445955,1.213565450644908,0.03547445100346851
0.07985,1.382166409531163,1.386597777192537,0.04052291050526115
0.08982500000000002,1.554567552671428,1.559546179637161,0.04556510516914259
0.09980000000000001,1.726876551506097,1.732400214254644,0.05060025745218429
0.109775,1.899083221224942,1.90514945148788,0.05562759159909637
0.11975,2.071177392062624,2.077783477509083,0.06064633383467619
0.129725,2.243148910790046,2.250291895778497,0.06565571256370441
0.1397,2.414987642201875,2.422664328599315,0.07065495856426231
0.149675,2.586683470600187,2.594890418668459,0.07564330517987319
0.15965,2.758226301274092,2.766959830622893,0.08061998851778321
0.169625,2.929606061974825,2.938862252581136,0.08558424763756904
0.1796,3.100812704385666,3.110587397679447,0.09053532474914947
0.189575,3.271836205586853,3.282125005602524,0.09547246539614548
0.19955,3.442666569515265,3.453464844108369,0.1003949186498802
0.209525,3.613293828418002,3.624596710547022,0.1053019373004585
0.2195,3.783708044299703,3.795510433372749,0.1101927780406894
0.229475,3.953899310363683,3.966195873649202,0.1150667016531343
0.23945,4.12385775244653,4.136642926547439,0.1199229732018872
0.249425,4.293573530445094,4.306841522836426,0.1247608622111281
0.2594,4.463036839736243,4.476781630365768,0.1295796428426162
0.269375,4.632237912589277,4.646453255540198,0.1343785940893807
0.27935,4.801167019570247,4.815846444785346,0.1391569999447045
0.2893250000000001,4.969814470937515,4.984951286004773,0.1439141495989677
0.2993000000000001,5.138170618029026,5.153757910027833,0.1486493375880119
0.3092750000000001,5.306225854641064,5.322256492048175,0.1533618639920448
0.31925,5.473970618397254,5.490437253052289,0.1580510345943082
0.329225,5.64139539210797,5.658290461237775,0.1627161610712355
0.3392000000000001,5.808490705120314,5.825806433421247,0.1673565611501218
0.3491750000000001,5.975247134658248,5.992975536435513,0.171971558771571
0.3591500000000001,6.141655307151533,6.159788188515806,0.176560484265628
0.369125,6.307705899554288,6.326234860674441,0.1811226745174037
0.3791,6.473389640653028,6.492306078063636,0.1856574731258617
0.3890750000000001,6.6386973123632,6.657992421326464,0.1901642305701488
0.3990500000000001,6.803619751013622,6.823284527935512,0.1946423043607925
0.4090250000000001,6.968147848619584,6.988173093519132,0.1990910591875358
0.419,7.132272554144292,7.152648873174464,0.2035098671023
0.4289750000000001,7.295984874747151,7.316702682767239,0.2078981076438667
0.4389500000000001,7.45927587701937,7.480325400218182,0.2122551680111359
0.4489250000000001,7.622136688207164,7.64350796677569,0.2165804431814527
0.4589000000000001,7.784558497421953,7.806241388274636,0.220873336070952
0.4688750000000001,7.946532556836132,7.968516736380439,0.2251332576922642
0.4788500000000001,8.108050182865544,8.130325149818534,0.2293596272740245
0.4888250000000001,8.26910275733856,8.291657835589051,0.2335518724143354
0.4988000000000001,8.429681728650451,8.45250607016637,0.2377094291926048
0.5087750000000001,8.589778612902748,8.612861200683415,0.2418317423190153
0.51875,8.749384995028423,8.772714646099812,0.2459182652686144
0.5287250000000001,8.908492529902615,8.932057898354149,0.2499684604094686
0.5387000000000001,9.067092943437085,9.090882523500108,0.2539817991204667
0.5486750000000001,9.225178033659324,9.249180162826224,0.257957761903746
0.5586500000000001,9.382739671776546,9.406942533959018,0.2618958385109752
0.568625,9.539769803223876,9.564161431948714,0.2657955280774535
0.5786000000000001,9.696260448695281,9.720828730337875,0.2696563392283847
0.5885750000000001,9.852203705158644,9.876936382212659,0.2734777901680881
0.5985500000000001,10.00759174685495,10.03247642123651,0.2772594088021808
0.6085250000000001,10.1624168262799,10.18744096266604,0.2810007328564723
0.6185,10.31667127514812,10.34182220434826,0.2847013099567237
0.6284750000000001,10.47034750534064,10.49561242769963,0.2883606977443306
0.6384500000000001,10.62343800983561,10.6488039986667,0.2919784639721613
0.6484250000000001,10.77593536362003,10.801389368668,0.2955541865832039
0.6584000000000001,10.92783222458394,10.95336107551704,0.2990874537916448
0.6683750000000001,11.07912133439725,11.10471174432562,0.3025778642140281
0.6783500000000001,11.22979551936832,11.25543408838797,0.3060250269302394
0.6883250000000001,11.37984769128304,11.40552091004546,0.309428561544118
0.6983000000000001,11.52927084822598,11.55496510153167,0.3127880982763151
0.7082750000000001,11.67805807538352,11.70375964579743,0.3161032780329051
0.7182500000000001,11.82620254582724,11.85189761731537,0.3193737524998584
0.7282250000000001,11.97369752127775,11.99937218286449,0.3225991842004555
0.7382000000000001,12.12053635285014,12.14617660229427,0.3257792465442343
0.7481750000000001,12.26671248178052,12.2923042292684,0.3289136238796946
0.7581500000000001,12.4122194401316,12.43774851198765,0.3320020115831909
0.7681250000000001,12.5570508514791,12.58250299389142,0.3350441161171818
0.7781000000000001,12.701200431579,12.7265613143386,0.3380396550553035
0.7880750000000001,12.84466198901477,12.86991720926724,0.3409883571404881
0.7980500000000001,12.98742942582337,13.01256451183325,0.3438899623176243
0.8080250000000001,13.12949673810191,13.15449715302725,0.3467442218026396
0.8180000000000001,13.27085801659472,13.29570916226985,0.3495508981054314
0.8279750000000001,13.41150744725898,13.43619466798537,0.3523097650744405
0.8379500000000001,13.5514393118096,13.57594789815395,0.3550206079142244
0.8479250000000002,13.69064798824438,13.71496318084207,0.3576832231913303
0.8579000000000001,13.82912795134878,13.85323494471071,0.3602974189121124
0.8678750000000002,13.96687377317861,13.99075771950143,0.3628630145337232
0.8778500000000001,14.10388012352233,14.12752613650052,0.3653798409547626
0.8878250000000001,14.2401417703433,14.26353492898114,0.3678477405356569
0.8978000000000002,14.37565358020056,14.3987789326234,0.3702665671137443
0.9077750000000001,14.51041051864772,14.53325308591171,0.3726361860182512
0.9177500000000002,14.64440765061153,14.66695243050984,0.3749564740999703
0.9277250000000001,14.77764014075003,14.79987211161371,0.3772273196835554
0.9377000000000001,14.91010325378832,14.93200737828194,0.3794486225868313
0.9476750000000002,15.04179235483306,15.06335358374413,0.3816202941082026
0.9576500000000001,15.17270290966659,15.19390618568615,0.3837422570452649
0.9676250000000002,15.30283048502,15.32366074651304,0.3858144456584322
0.9776000000000001,15.43217074882356,15.45261293358964,0.3878368056826708
0.9875750000000001,15.56071947043652,15.58075851945874,0.3898092942482158
0.9975500000000002,15.68847252085638,15.70809338203702,0.3917318799244888
1.007525,15.81542587290634,15.83461350478786,0.3936045426606287
1.0175,15.94157560140068,15.96031497687198,0.3954272738044109
1.027475,16.06691788328973,16.08519399327569,0.3972000760146732
1.03745,16.19144899778426,16.20924685491697,0.398922963224572
1.047425,16.31516532645743,16.33246996872917,0.4005959606500862
1.0574,16.43806335332561,16.45485984772203,0.4022191047470537
1.067375,16.56013966490901,16.57641311102057,0.4037924431359201
1.07735,16.68139095027123,16.69712648388191,0.4053160345712794
1.087325,16.80181400103664,16.81699679769017,0.4067899488758864
1.0973,16.92140571138743,16.93602098992927,0.408214266911514
1.107275,17.04016307804058,17.0541961041334,0.4095890805290329
1.11725,17.15808320020326,17.17151928981572,0.4109144925071558
1.127225,17.27516327950705,17.28798780237555,0.4121906164789302
1.1372,17.39140061992224,17.40359900298392,0.41341757683957
1.147175,17.50679262765217,17.5183503584475,0.4145955087312694
1.15715,17.62133681100592,17.63223944105077,0.4157245579847402
1.167125,17.7350307802509,17.74526392837712,0.4168048809880354
1.1771,17.84787224744597,17.8574216031087,0.4178366446644658
1.187075,17.95985902625446,17.96871035280557,0.4188200263440274
1.19705,18.07098903173618,18.0791281696637,0.4197552137242503
1.207025,18.18126028012021,18.18867315025188,0.4206424048129606
1.217,18.29067088855878,18.29734349522839,0.421481807768404
1.226975,18.39921907486073,18.40513750903717,0.4222736408832735
1.23695,18.50690315720532,18.51205359958402,0.423018132428902
1.246925,18.61372155383746,18.61809027789238,0.4237155206183964
1.2569,18.71967278274438,18.72324615773906,0.4243660535166173
1.266875,18.82475546131212,18.82751995527051,0.4249699888959828
1.27685,18.92896830596378,18.93091048859951,0.4255275941748434
1.286825,19.0323101317798,19.03341667738283,0.426039146274678
1.2968,19.13477985209977,19.13503754237946,0.4265049315852849
1.306775,19.23637647810519,19.23577220498975,0.4269252458127563
1.31675,19.3370991183849,19.33561988677616,0.4273003938996727
1.326725,19.43694697848339,19.43457990896558,0.4276306898769588
1.3367,19.53591936043066,19.53265169193355,0.4279164567674026
1.346675,19.63401566225463,19.62983475467027,0.4281580264975774
1.35665,19.7312353774771,19.72612871422828,0.428355739790754
1.366625,19.8275780945929,19.82153328515404,0.428509945997312
1.3766,19.92304349653154,19.91604827890102,0.4286210030194602
1.386575,20.01763136010311,20.0096736032263,0.4286892771896222
1.39655,20.11134155542783,20.10240926157035,0.4287151431369614
1.406525,20.20417404534953,20.19425535242035,0.4286989836667264
1.4165,20.29612888483359,20.28521206865722,0.4286411896315317
1.426475,20.38720622034931,20.37527969688688,0.4285421598556222
1.43645,20.47740628923711,20.46445861675565,0.4284023009142187
1.446425,20.56672941906082,20.55274930025042,0.4282220271069863
1.4564,20.65517602694527,20.64015231098373,0.4280017602489942
1.466375,20.74274661889941,20.72666830346392,0.427741929592212
1.47635,20.82944178912541,20.81229802235097,0.4274429716791525
1.486325,20.9152622193138,20.89704230169792,0.4271053301885395
1.4963,21.00020867792498,20.98090206417858,0.4267294558470927
1.506275,21.08428201945756,21.0638783203015,0.4263158062459951
1.51625,21.16748318370353,21.1459721676107,0.4258648457520064
1.526225,21.24981319499075,21.22718478987341,0.4253770453340849
1.5362,21.33127316141296,21.30751745625511,0.424852882442759
1.546175,21.41186427404769,21.38697152048227,0.4242928408754673
1.55615,21.49158780616218,21.46554841999297,0.423697410627477
1.566125,21.57044511240786,21.54324967507588,0.423067087778974
1.5761,21.64843762800346,21.62007688799778,0.4224023743120451
1.586075,21.72556686790717,21.69603174212004,0.4217037780150716
1.59605,21.80183442597818,21.77111600100435,0.4209718123032116
1.606025,21.8772419741278,21.84533150750807,0.4202069961151682
1.616,21.95179126146051,21.91868018286936,0.4194098537375741
1.625975,22.02548411340534,21.99116402578274,0.4185809146805137
1.63595,22.09832243083771,22.0627851114651,0.4177207135265392
1.645925,22.17030818919221,22.13354559071266,0.4168297898135865
1.6559,22.24144343756652,22.20344768894914,0.4159086878379609
1.665875,22.31173029781689,22.27249370526559,0.4149579565794792
1.67585,22.38117096364534,22.34068601145207,0.4139781494984127
1.685825,22.44976769967904,22.40802705102158,0.4129698244094873
1.6958,22.51752284054212,22.47451933822662,0.4119335433590374
1.705775,22.58443878992023,22.54016545706854,0.4108698724738769
1.71575,22.65051801961817,22.60496806030081,0.409779381738316
1.725725,22.71576306861075,22.66892986842443,0.4086626450511326
1.7357,22.78017654208816,22.7320536686789,0.4075202397697857
1.745675,22.84376111049351,22.79434231402674,0.4063527469250269
1.75565,22.9065195085572,22.85579872213204,0.4051607507218037
1.765625,22.96845453432343,22.91642587433566,0.4039448387187595
1.7756,23.02956904817417,22.97622681462313,0.4027056013916115
1.785575,23.08986597184557,23.03520464859136,0.4014436322202554
1.79555,23.14934828744321,23.09336254240774,0.4001595273926739
1.805525,23.20801903644978,23.15070372176918,0.3988538857393831
1.8155,23.26588131873244,23.20723147085416,0.3975273085342485
1.825475,23.3229382915433,23.26294913127512,0.3961803993892319
1.83545,23.37919316852006,23.31786010102493,0.3948137640970575
1.845425,23.43464921868053,23.37196783342375,0.3934280104338441
1.8554,23.48930976541771,23.42527583606151,0.3920237481185641
1.865375,23.54317818548968,23.47778766974029,0.3906015885470802
1.87535,23.59625790801019,23.5295069474141,0.3891621447262482
1.885325,23.64855241343528,23.58043733312818,0.3877060310887439
1.8953,23.70006523255047,23.63058254095716,0.3862338633650735
1.905275,23.75079994545531,23.67994633394278,0.3847462583947205
1.91525,23.80076018054834,23.72853252303134,0.3832438340292362
1.925225,23.84994961351084,23.77634496601137,0.3817272089476752
1.9352,23.89837196629062,23.82338756645136,0.3801970025132279
1.945175,23.94603100608603,23.86966427263876,0.3786538346275144
1.95515,23.99293054433,23.91517907651905,0.3770983255566349
1.965125,24.03907443567514,23.95993601263732,0.3755310958041841
1.9751,24.08446657697929,24.00393915707979,0.3739527659536717
1.985075,24.12911090629283,24.04719262641916,0.3723639565055762
1.99505,24.17301140184679,24.08970057665974,0.3707652877214935
2.005025,24.21617208104337,24.13146720218756,0.3691573794366354
2.015,24.25859699944788,24.17249673472047,0.3675408509982495
2.024975,24.30029024978328,24.21279344226377,0.3659163209673102
2.03495,24.34125596092717,24.25236162806669,0.3642844071071639
2.044925,24.38149829691127,24.2912056295843,0.3626457260624981
2.0549,24.42102145592456,24.32932981744169,0.3610008933644647
2.064875,24.45982966931859,24.3667385944029,0.359350523085415
2.07485,24.49792720061782,24.40343639434413,0.3576952278715738
2.084825,24.53531834453167,24.43942768123037,0.3560356185645241
2.0948,24.5720074259731,24.47471694809884,0.3543723042286291
2.104775,24.60799879907822,24.50930871604421,0.3527058917919634
2.11475,24.64329684623413,24.54320753321313,0.3510369860457397
2.124725,24.67790597710692,24.5764179737991,0.3493661893175867
2.1347,24.71183062767964,24.60894463704886,0.3476941014123065
2.144675,24.74507525928962,24.64079214626801,0.3460213193692859
2.15465,24.77764435767739,24.67196514783973,0.3443484372340806
2.164625,24.80954243203424,24.70246831024253,0.342676046017176
2.1746,24.84077401406266,24.73230632308158,0.3410047333080579
2.184575,24.87134365703519,24.76148389611994,0.3393350833304231
2.19455,24.90125593486704,24.79000575832273,0.337667676422915
2.204525,24.9305154411871,24.81787665690317,0.3360030892331736
2.2145,24.95912678842331,24.84510135637984,0.3343418940967355
2.224475,24.98709460688671,24.87168463763871,0.3326846592786282
2.23445,25.01442354387015,24.89763129700379,0.3310319483110315
2.244425,25.04111826274627,24.92294614531616,0.3293843202442403
2.2544,25.06718344207993,24.94763400701853,0.3277423289626037
2.264375,25.09262377474104,24.97169971925194,0.326106523455402
2.27435,25.11744396703116,24.99514813095493,0.3244774471537325
2.284325,25.14164873781198,25.01798410197839,0.3228556380680407
2.2943,25.16524281764648,25.04021250220017,0.321241628311524
2.304275000000001,25.18823094794384,25.06183821065821,0.3196359440406599
2.31425,25.21061788011554,25.08286611468182,0.318039105155058
2.324225,25.23240837473737,25.10330110904286,0.3164516250244601
2.3342,25.25360720072099,25.12314809510498,0.3148740104251677
2.344175,25.27421913449353,25.1424119799925,0.3133067610309713
2.35415,25.29424895918499,25.16109767575896,0.3117503695261652
2.364125,25.31370146382605,25.17921009857335,0.3102053209569566
2.3741,25.33258144255172,25.19675416790914,0.3086720929717881
2.384075,25.35089369381784,25.21373480574763,0.3071511550254344
2.39405,25.36864301962123,25.23015693578833,0.3056429687361572
2.404025,25.3858342247354,25.24602548266951,0.3041479870284893
2.414,25.40247211594764,25.26134537120046,0.3026666545044645
2.423975,25.41856150131414,25.27612152559954,0.3011994065970689
2.43395,25.43410718941457,25.29035886874852,0.2997466698745527
2.443925,25.44911398862667,25.30406232144873,0.2983088613363022
2.4539,25.46358670639889,25.31723680169732,0.2968863885249998
2.463875,25.47753014854456,25.32988722396226,0.295479649036482
2.47385,25.49094911853302,25.34201849848024,0.2940890304166713
2.483825,25.50384841680342,25.3536355305515,0.2927149099047336
2.4938,25.51623284007481,25.36474321985849,0.2913576540831194
2.503775000000001,25.52810718067956,25.375346459782,0.2900176188955006
2.51375,25.53947622589292,25.38545013673956,0.2886951490568424
2.523725,25.55034475728585,25.39505912952399,0.287390578270452
2.533700000000001,25.56071755007465,25.40417830866094,0.286104228503378
2.543675,25.570599372493,25.41281253577059,0.2848364103263502
2.55365,25.57999498516202,25.42096666294392,0.2835874221244986
2.563625,25.5889091404815,25.42864553212804,0.2823575504972189
2.5736,25.59734658202074,25.43585397452105,0.2811470694419889
2.583575,25.60531204392872,25.44259680998107,0.2799562407836604
2.59355,25.61281025034609,25.44887884643992,0.2787853134471814
2.603525,25.61984591483417,25.45470487933562,0.2776345237484236
2.6135,25.62642373980827,25.46007969104516,0.2765040948601616
2.623475,25.63254841598544,25.46500805034002,0.2753942369499057
2.63345,25.63822462183921,25.46949471183879,0.274305146874981
2.643425,25.64345702306603,25.47354441548467,0.2732370080984682
2.6534,25.64825027206156,25.47716188601902,0.2721899906626926
2.663375,25.65260900740565,25.48035183247963,0.2711642508925773
2.673350000000001,25.65653785336015,25.48311894769618,0.2701599316009255
2.683325,25.66004141937244,25.48546790780824,0.2691771616424704
2.6933,25.66312429959467,25.48740337178343,0.2682160562999413
2.703275000000001,25.66579107240585,25.48892998095424,0.2672767167632596
2.71325,25.66804629995224,25.49005235855946,0.2663592305847848
2.723225,25.66989452768811,25.4907751092991,0.2654636711937926
2.733200000000001,25.67134028393702,25.49110281889927,0.2645900983683728
2.743175,25.6723880794513,25.49104005368502,0.2637385578047215
2.75315,25.67304240699385,25.49059136016834,0.2629090815847127
2.763125,25.67330774091642,25.48976126463899,0.262101687837283
2.7731,25.67318853676161,25.488554272775,0.261316381142016
2.783075,25.67268923085999,25.48697486925187,0.2605531523777662
2.79305,25.67181423995182,25.48502751737469,0.2598119789749685
2.803025,25.67056796080319,25.48271665870623,0.2590928249716188
2.813,25.66895476984683,25.48004671271951,0.2583956411476467
2.822975,25.66697902281756,25.47702207644569,0.257720365265398
2.83295,25.66464505441159,25.47364712414559,0.2570669220868316
2.842925,25.66195717794125,25.46992620697826,0.2564352237819689
2.8529,25.6589196850124,25.46586365269021,0.2558251698680433
2.862875,25.65553684519845,25.46146376530519,0.2552366477342387
2.872850000000001,25.65181290573528,25.45673082483016,0.254669532553584
2.882825,25.64775209121465,25.4516690869665,0.254123687855154
2.8928,25.6433586032961,25.44628278283211,0.2535989655004776
2.902775000000001,25.63863662041965,25.44057611869385,0.2530952062161051
2.91275,25.63359029753429,25.43455327570546,0.2526122396526503
2.922725,25.62822376582974,25.42821840966075,0.2521498849072989
2.932700000000001,25.62254113248118,25.42157565074739,0.2517079506538294
2.942675,25.61654648039989,25.41462910331995,0.2512862356101844
2.95265,25.61024386799381,25.40738284566983,0.25088452877288
2.962625000000001,25.60363732893674,25.3998409298171,0.2505026098340009
2.9726,25.59673087194445,25.39200738129713,0.2501402494981306
2.982575,25.58952848056214,25.38388619896972,0.2497972098372035
2.99255,25.58203411295579,25.37548135482328,0.2494732447168388
3.002525,25.57425170171743,25.36679679379982,0.2491681000692412
3.0125,25.5661851536715,25.35783643361713,0.2488815143882843
3.022475,25.5578383496975,25.34860416460855,0.2486132190091098
3.03245,25.54921514455118,25.33910384956342,0.2483629385779382
3.042425000000001,25.54031936670395,25.32933932358068,0.2481303913587121
3.0524,25.53115481817887,25.31931439392761,0.2479152897121501
3.062375,25.52172527440613,25.30903283990664,0.2477173403955957
3.072350000000001,25.51203448407372,25.298498412732,0.2475362450315819
3.082325,25.50208616899852,25.28771483540951,0.2473717004290286
3.0923,25.49188402399135,25.27668580263044,0.2472233990202344
3.102275000000001,25.48143171674305,25.26541498066426,0.2470910292147416
3.11225,25.47073288770397,25.25390600726882,0.2469742757919051
3.122225,25.45979114998423,25.24216249159629,0.2468728202744955
3.132200000000001,25.44861008924758,25.23018801411838,0.2467863412968452
3.142175,25.43719326362522,25.2179861265461,0.2467145149681601
3.15215,25.42554420362393,25.20556035176859,0.2466570152467715
3.162125000000001,25.41366641205271,25.19291418378718,0.2466135142647026
3.1721,25.40156336394513,25.18005108766657,0.2465836827121797
3.182075,25.38923850649818,25.16697449948355,0.2465671901247425
3.19205,25.37669525900856,25.15368782628951,0.2465637052745869
3.202025,25.36393701282329,25.14019444607383,0.2465728964230798
3.212,25.35096713128963,25.12649770773698,0.2465944317109844
3.221975,25.33778894971691,25.11260093106837,0.2466279793691325
3.23195,25.32440577533988,25.09850740672953,0.2466732081177384
3.241925000000001,25.31082088729124,25.08422039624603,0.2467297873366877
3.2519,25.29703753657801,25.06974313200036,0.2467973874543513
3.261875,25.2830589460645,25.05507881723729,0.2468756801085578
3.271850000000001,25.26888831046119,25.04023062606653,0.2469643384848245
3.281825,25.25452879631776,25.02520170348038,0.247063037488846
3.2918,25.23998354202411,25.00999516536653,0.2471714540336614
3.301775000000001,25.22525565781312,24.99461409853688,0.2472892672442094
3.31175,25.21034822577331,24.97906156075078,0.2474161586401148
3.321725,25.19526429986104,24.96334058075381,0.247551812408135
3.331700000000001,25.18000690592429,24.9474541583119,0.2476959154890617
3.341675,25.16457904172409,24.93140526425889,0.2478481578966949
3.35165,25.14898367696888,24.91519684054172,0.2480082327194219
3.361625000000001,25.13322375334493,24.89883180027592,0.248175836475132
3.3716,25.11730218456069,24.88231302780181,0.2483506690525825
3.381575,25.10122185638606,24.86564337874729,0.2485324340692699
3.391550000000001,25.08498562670616,24.84882568009478,0.2487208387910647
3.401525,25.06859632556922,24.83186273025086,0.2489155944558148
3.411500000000001,25.0520567552492,24.81475729912354,0.2491164161894017
3.421475,25.03536969030222,24.79751212819848,0.2493230233076274
3.43145,25.01853787763732,24.7801299306259,0.2495351392248305
3.441425000000001,25.00156403658133,24.76261339130352,0.2497524916934833
3.4514,24.98445085895725,24.74496516697205,0.2499748127907441
3.461375,24.96720100915731,24.72718788630521,0.250201839008433
3.471350000000001,24.94981712422842,24.70928415001267,0.2504333113581955
3.481325,24.93230181395333,24.69125653093751,0.2506689753381865
3.4913,24.91465766094253,24.67310757416553,0.250908581110875
3.501275000000001,24.89688722072333,24.65483979713044,0.2511518833812146
3.51125,24.87899302183778,24.63645568972868,0.2513986416173969
3.521225,24.86097756593935,24.61795771443229,0.2516486198690948
3.531200000000001,24.84284332789653,24.59934830640861,0.2519015870351495
3.541175,24.82459275589671,24.58062987364077,0.2521573165963736
3.55115,24.80622827155517,24.56180479705176,0.252415586926324
3.561125000000001,24.78775227002586,24.54287543063212,0.2526761810068089
3.5711,24.7691671201154,24.52384410156822,0.2529388866906734
3.581075000000001,24.75047516440035,24.50471311037665,0.2532034964626652
3.591050000000001,24.73167871934604,24.48548473103654,0.2534698076369784
3.601025,24.71278007542996,24.46616121113006,0.2537376221686012
3.611000000000001,24.69378149726505,24.44674477197884,0.254006746763569
3.620975,24.67468522372888,24.42723760878974,0.2542769927887747
3.63095,24.65549346809121,24.40764189079562,0.2545481762490093
3.640925000000001,24.63620841814853,24.38795976140553,0.2548201178194185
3.6509,24.61683223635563,24.36819333835,0.2550926426920176
3.660875,24.59736705996514,24.34834471383488,0.2553655807123287
3.670850000000001,24.57781500116298,24.32841595469129,0.2556387661224064
3.680825,24.55817814721235,24.30840910253237,0.2559120377799012
3.6908,24.53845856059295,24.28832617390803,0.2561852388217056
3.700775000000001,24.5186582791491,24.26816916046394,0.2564582169350469
3.71075,24.49877931623249,24.24794002910097,0.2567308239935401
3.720725,24.4788236608539,24.22764072213621,0.2570029162877354
3.730700000000001,24.45879327782956,24.20727315746663,0.2572743542328734
3.740675,24.43869010793597,24.186839228732,0.2575450025392897
3.75065,24.41851606805965,24.16634080548237,0.2578147299363313
3.760625000000001,24.39827305135475,24.14577973334284,0.2580834093304298
3.7706,24.37796292739608,24.12515783418427,0.2583509175667672
3.780575000000001,24.35758754233903,24.10447690628996,0.2586171354840335
3.790550000000001,24.33714871907583,24.08373872452905,0.2588819478216014
3.800525,24.31664825739741,24.06294504052524,0.2591452431228845
3.810500000000001,24.29608793415263,24.04209758283208,0.2594069137752621
3.820475000000001,24.27546950341194,24.02119805710406,0.2596668557856945
3.83045,24.25479469662924,24.00024814627312,0.2599249689269125
3.840425000000001,24.23406522280712,23.97924951072214,0.2601811564362226
3.8504,24.2132827686612,23.95820378846225,0.2604353252218127
3.860375,24.19244899878661,23.93711259530867,0.2606873855110149
3.870350000000001,24.17156555582463,23.91597752505843,0.2609372510678036
3.880325,24.15063406063022,23.8948001496684,0.261184838868372
3.8903,24.1296561124407,23.87358201943332,0.2614300692845795
3.900275000000001,24.10863328904416,23.85232466316562,0.2616728657823986
3.91025,24.08756714694987,23.83102958837367,0.2619131550858548
3.920225,24.06645922155747,23.80969828144308,0.2621508669126538
3.930200000000001,24.04531102732889,23.78833220781516,0.2623859340715542
3.940175,24.02412405795812,23.76693281216926,0.2626182922820037
3.950150000000001,24.00289978654435,23.74550151860149,0.2628478801873839
3.960125000000001,23.98163966576227,23.72403973080769,0.2630746392764515
3.9701,23.96034512803615,23.70254883226242,0.263298513758143
3.980075000000001,23.93901758571051,23.68103018640212,0.2635194506391778
3.990050000000001,23.91765843122493,23.65948513680461,0.2637373994877308
4.000025,23.89626903728505,23.63791500737179,0.2639523125578916
4.010000000000001,23.87485075703773,23.61632110250978,0.2641641445283214
4.019975000000001,23.85340492424232,23.59470470731095,0.264372852678106
4.02995,23.83193285344601,23.57306708773449,0.2645783965774154
4.039925,23.81043584015521,23.55140949078757,0.264780738268784
4.0499,23.78891516101083,23.52973314470627,0.2649798419848873
4.059875,23.76737207395981,23.50803925913572,0.2651756743207107
4.06985,23.74580781842998,23.48632902531117,0.2653682039529729
4.079825,23.72422361550166,23.46460361623704,0.2655574017773618
4.0898,23.702620668082,23.44286418686783,0.2657432407118145
4.099775,23.68100016107646,23.42111187428625,0.2659256957454992
4.10975,23.65936326156249,23.39934779788351,0.2661047438134131
4.119725,23.63771111896078,23.37757305953657,0.2662803637785266
4.1297,23.6160448652081,23.35578874378816,0.2664525364490291
4.139675,23.59436561492825,23.33399591802059,0.2666212442009388
4.14965,23.57267446560389,23.3121956326399,0.2667864715628269
4.159625,23.55097249774705,23.2903889212434,0.2669482045921607
4.1696,23.52926077507009,23.26857680080228,0.2671064309211543
4.179575,23.50754034465575,23.2467602718374,0.2672611398551202
4.18955,23.48581223712436,23.2249403185903,0.2674123225271254
4.199525,23.46407746680647,23.2031179091971,0.2675599713597632
4.2095,23.4423370319115,23.18129399586605,0.2677040802428751
4.219475,23.42059191469309,23.15946951504989,0.2678446445868946
4.22945,23.39884308161549,23.13764538761395,0.2679816613789633
4.239425,23.37709148352392,23.1158225190094,0.2681151287197401
4.249400000000001,23.35533805581074,23.09400179944637,0.2682450460466134
4.259375,23.33358371857923,23.07218410406277,0.2683714141858899
4.26935,23.3118293768066,23.05037029308983,0.2684942352734195
4.279325,23.29007592051147,23.02856121202333,0.2686135124566098
4.2893,23.26832422491763,23.00675769179229,0.2687292500512226
4.299275,23.24657515061553,22.98496054892381,0.2688414536768428
4.30925,23.22482954372206,22.96317058570646,0.2689501299647369
4.319225,23.20308823604459,22.94138859035828,0.2690552864963514
4.3292,23.18135204524195,22.9196153371909,0.2691569318851189
4.339175,23.1596217749832,22.89785158677037,0.2692550759053147
4.34915,23.13789821510417,22.87609808607847,0.2693497291358761
4.359125,23.1161821417677,22.85435556867628,0.2694409030175556
4.3691,23.09447431762137,22.83262475486396,0.2695286099301412
4.379075,23.07277549195335,22.81090635183763,0.2696128632173145
4.38905,23.05108640084556,22.78920105384807,0.2696936768839102
4.399025,23.0294077673297,22.76750954235934,0.2697710657254357
4.409,23.00774030154173,22.74583248620435,0.2698450453578403
4.418975000000001,22.98608470087411,22.72417054173778,0.2699156321842415
4.42895,22.96444165012572,22.70252435299152,0.2699828431735598
4.438925,22.94281182165354,22.68089455182832,0.2700466959864653
4.4489,22.9211958755233,22.65928175809281,0.2701072090109849
4.458875,22.89959445965818,22.63768657976091,0.2701644012316249
4.46885,22.8780082099852,22.61610961309108,0.2702182921607432
4.478825000000001,22.85643775058233,22.59455144277307,0.2702689018955392
4.4888,22.83488369382541,22.57301264207442,0.2703162511319658
4.498775,22.81334664053273,22.55149377298632,0.2703603610532358
4.50875,22.79182718010787,22.52999538637006,0.2704012532978489
4.518725,22.77032589068233,22.508518022101,0.2704389499848357
4.5287,22.74884333925825,22.48706220921067,0.2704734737504467
4.538675,22.72738008184894,22.46562846602871,0.2705048475927403
4.54865,22.70593666361786,22.44421730032431,0.270533094905738
4.558625,22.68451361901684,22.42282920944549,0.2705582394999718
4.5686,22.66311147192441,22.4014646804568,0.2705803055545241
4.578575,22.64173073578213,22.3801241902771,0.2705993175703622
4.588550000000001,22.62037191372958,22.3588082058158,0.2706153003625021
4.598525,22.59903549873816,22.33751718410752,0.2706282790826618
4.6085,22.57772197374496,22.31625157244563,0.2706382791590621
4.618475,22.55643181178475,22.29501180851517,0.2706453262814683
4.62845,22.53516547612078,22.27379832052421,0.2706494463919019
4.638425,22.51392342037435,22.252611527334,0.2706506656792849
4.648400000000001,22.49270608865398,22.23145183858801,0.2706490105430608
4.658375,22.4715139156831,22.21031965484004,0.2706445075869003
4.66835,22.45034732692648,22.18921536768068,0.2706371836073991
4.678325,22.42920673871555,22.16813935986302,0.2706270655589297
4.6883,22.408092558373,22.14709200542715,0.2706141805649566
4.698275,22.38700518433596,22.12607366982316,0.2705985559046291
4.70825,22.36594500627803,22.10508471003308,0.2705802189703853
4.718225,22.34491240523041,22.08412547469209,0.2705591972580288
4.7282,22.32390775370188,22.06319630420821,0.2705355183883164
4.738175,22.30293141579742,22.04229753088044,0.2705092100916674
4.74815,22.28198374733591,22.02142947901608,0.2704803001410078
4.758125,22.26106509596689,22.00059246504767,0.2704488163584686
4.7681,22.24017580128608,21.97978679764751,0.2704147866797955
4.778075,22.21931619494951,21.95901277784118,0.2703782390672063
4.78805,22.19848660078667,21.93827069912049,0.2703392014837443
4.798025,22.17768733491302,21.91756084755576,0.2702977019181286
4.808,22.15691870584113,21.89688350190542,0.2702537684140202
4.817975000000001,22.13618101459024,21.87623893372493,0.2702074290222839
4.82795,22.115474554795,21.85562740747557,0.2701587116971573
4.837925,22.09479961281355,21.83504918063179,0.2701076444420692
4.8479,22.07415646783455,21.81450450378607,0.2700542552670706
4.857875,22.05354539198208,21.7939936207534,0.2699985721238232
4.86785,22.03296665042003,21.77351676867599,0.2699406228421501
4.877825000000001,22.01242050145576,21.75307417812545,0.2698804352921803
4.8878,21.99190719664308,21.73266607320323,0.2698180372944029
4.897775,21.97142698088261,21.71229267164079,0.2697534565806349
4.90775,21.95098009252179,21.69195418490014,0.2696867207251802
4.917725,21.93056676345421,21.67165081827089,0.2696178573423626
4.9277,21.9101872192185,21.65138277096642,0.2695468939610781
4.937675,21.88984167909441,21.63115023622003,0.2694738579322567
4.94765,21.86953035619834,21.61095340138098,0.2693987765083931
4.957625,21.84925345757851,21.5907924480067,0.2693216769228457
4.9676,21.82901118430966,21.57066755195482,0.269242586296333
4.977575,21.8088037315851,21.55057888347548,0.2691615315121605
4.987550000000001,21.78863128880782,21.53052660730261,0.2690785393983718
4.997525,21.76849403968142,21.51051088274166,0.2689936367263345
5.0075,21.74839216230089,21.49053186375757,0.2689068501079905
5.017475,21.72832582924053,21.47058969906341,0.2688182058874612
5.02745,21.70829520764093,21.45068453220669,0.2687277303896084
5.037425,21.68830045929559,21.43081650165289,0.2686354498251905
5.047400000000001,21.66834174073781,21.41098574086967,0.2685413902178886
5.057375,21.64841920332479,21.39119237841176,0.2684455773230635
5.06735,21.62853299332036,21.37143653800215,0.2683480368791046
5.077325,21.60868325197759,21.35171833861198,0.2682487944945205
5.0873,21.58887011562159,21.33203789454098,0.268147875504388
5.097275,21.56909371573015,21.31239531549848,0.2680453050377982
5.107250000000001,21.54935417901222,21.29279070667977,0.2679411081997829
5.117225,21.52965162748661,21.27322416884242,0.2678353099125841
5.1272,21.50998617856082,21.25369579838337,0.2677279347760174
5.137175,21.4903579451082,21.23420568741552,0.2676190072735334
5.14715,21.4707670355425,21.21475392383984,0.2675085518042952
5.157125000000001,21.45121355389263,21.19534059141825,0.2673965925575498
5.1671,21.43169759987756,21.17596576984746,0.2672831533721803
5.177075,21.41221926898028,21.15662953483088,0.2671682580435564
5.18705,21.39277865251836,21.13733195814701,0.2670519302171858
5.197025,21.37337583771503,21.11807310771898,0.26693419331288
5.207,21.35401090777017,21.09885304768517,0.2668150703991136
5.216975000000001,21.33468394193109,21.07967183846632,0.2666945845227044
5.22695,21.31539501555941,21.06052953683073,0.2665727585746372
5.236925,21.29614420019844,21.04142619596045,0.2664496151362738
5.2469,21.27693156364049,21.02236186551868,0.2663251765147402
5.256875,21.25775716999432,21.00333659171221,0.2661994649924112
5.26685,21.23862107974876,20.98435041735361,0.2660725026689352
5.276825000000001,21.21952334983639,20.96540338192458,0.2659443112600566
5.2868,21.20046403369719,20.94649552163943,0.2658149123144444
5.296775,21.18144318134291,20.92762686950352,0.2656843273316891
5.30675,21.16246083941746,20.90879745537261,0.2655525775728752
5.316725,21.14351705125701,20.89000730601347,0.2654196839040114
5.326700000000001,21.12461185695026,20.87125644516307,0.2652856671176947
5.336675000000001,21.10574529339954,20.85254489358377,0.2651505478848862
5.34665,21.08691739437828,20.83387266911974,0.2650143466326056
5.356625,21.06812819058773,20.81523978675494,0.2648770833848931
5.3666,21.04937770971384,20.79664625866799,0.2647387781546144
5.376575,21.03066597648509,20.77809209428438,0.2645994508033866
5.386550000000001,21.01199301272744,20.75957730033032,0.2644591208798108
5.396525,20.99335883741755,20.74110188088788,0.2643178076011996
5.4065,20.97476346673654,20.72266583744552,0.2641755302000357
5.416475,20.95620691412462,20.70426916894796,0.2640323077040374
5.42645,20.93768919033354,20.68591187184741,0.2638881587760177
5.436425,20.91921030347657,20.66759394015561,0.2637431018748149
5.446400000000001,20.90077025907924,20.64931536549053,0.2635971554182936
5.456375,20.88236906013078,20.63107613712397,0.2634503376182333
5.46635,20.86400670713425,20.61287624203047,0.2633026662575986
5.476325,20.84568319815343,20.59471566493575,0.2631541590449802
5.4863,20.82739852886066,20.57659438836031,0.2630048336017578
5.496275000000001,20.80915269258516,20.55851239266468,0.2628547072856728
5.506250000000001,20.79094568036089,20.54046965609635,0.2627037970545519
5.516225,20.77277748097065,20.52246615483405,0.2625521198766096
5.5262,20.75464808099099,20.50450186302909,0.2623996925532379
5.536175,20.73655746483763,20.48657675284834,0.262246531612331
5.54615,20.71850561481101,20.4686907945188,0.2620926532316931
5.556125000000001,20.70049251113782,20.45084395636816,0.2619380736062721
5.5661,20.68251813201317,20.43303620486404,0.2617828087624224
5.576075,20.6645824536431,20.41526750465483,0.2616268743819224
5.58605,20.64668545028791,20.39753781861184,0.2614702859036743
5.596025,20.62882709430137,20.37984710786627,0.2613130587596526
5.606,20.61100735617013,20.36219533184662,0.261155208212104
5.615975000000001,20.59322620455363,20.34458244831771,0.2609967490924319
5.62595,20.575483606325,20.32700841341983,0.2608376961555107
5.635925,20.5577795266083,20.3094731817028,0.2606780640823449
5.6459,20.54011392881526,20.29197670616161,0.2605178673420272
5.655875,20.52248677468268,20.27451893827383,0.2603571200034495
5.66585,20.50489802431095,20.25709982803519,0.2601958361116509
5.675825000000001,20.48734763619948,20.23971932399165,0.2600340296128237
5.6858,20.46983556728087,20.22237737327319,0.2598717142133861
5.695775,20.45236177295597,20.20507392162946,0.2597089032378897
5.70575,20.43492620712999,20.18780891346197,0.2595456100505231
5.715725,20.41752882224629,20.17058229185444,0.2593818478856064
5.725700000000001,20.40016956931817,20.15339399860487,0.2592176296712685
5.735675000000001,20.3828483979616,20.13624397425934,0.2590529680524236
5.74565,20.36556525642904,20.1191321581409,0.2588878757267273
5.755625,20.34832009164171,20.1020584883785,0.2587223652210317
5.7656,20.33111284921903,20.08502290193764,0.2585564486899086
5.775575,20.31394347350934,20.06802533465171,0.2583901381644096
5.785550000000001,20.29681190762127,20.05106572124826,0.2582234456702658
5.795525,20.27971809345467,20.03414399537658,0.2580563830414036
5.8055,20.26266197172792,20.01726008963704,0.2578889617143948
5.815475,20.24564348200661,20.00041393560961,0.2577211931163693
5.82545,20.22866256273267,19.98360546387813,0.2575530886112641
5.835425,20.21171915125384,19.96683460405655,0.2573846593597536
5.845400000000001,20.19481318384922,19.95010128481705,0.2572159161191487
5.855375,20.17794459575581,19.93340543391542,0.2570468697369225
5.86535,20.16111332119569,19.916746978214,0.256877530935158
5.875325,20.14431929340387,19.90012584370659,0.2567079101860761
5.8853,20.12756244465232,19.88354195554513,0.2565380176608517
5.895275000000001,20.11084270627454,19.86699523806213,0.2563678636073852
5.905250000000001,20.09416000869075,19.85048561479258,0.2561974581410503
5.915225,20.07751428143424,19.83401300849766,0.2560268110567006
5.9252,20.060905453174,19.81757734118961,0.2558559319780874
5.935175,20.04433345173736,19.80117853415166,0.2556848305840225
5.94515,20.02779820413346,19.78481650795905,0.2555135163793489
5.955125000000001,20.01129963657788,19.76849118250168,0.2553419985190681
5.965100000000001,19.99483767451418,19.75220247700669,0.2551702861164774
5.975075,19.97841224263468,19.73595031005665,0.2549983882867328
5.98505,19.96202326490225,19.71973459960949,0.2548263139400717
5.995025,19.9456706645733,19.70355526302033,0.2546540716412941
6.005,19.92935436421829,19.68741221706144,0.2544816700209745
6.014975000000001,19.91307428574083,19.67130537793913,0.25430911762763
6.02495,19.89683035039784,19.65523466131286,0.2541364227993561
6.034925,19.8806224788209,19.63919998231593,0.253963593574468
6.0449,19.86445059103588,19.62320125557283,0.2537906380752375
6.054875,19.84831460648044,19.60723839521546,0.2536175643449421
6.064850000000001,19.83221444402268,19.5913113149011,0.2534443801260222
6.074825000000001,19.81615002198084,19.57541992783199,0.2532710929977773
6.0848,19.80012125814214,19.55956414677031,0.2530977105978932
6.094775,19.78412806977882,19.54374388405373,0.2529242404584006
6.10475,19.76817037366534,19.52795905161267,0.2527506897639853
6.114725,19.75224808609651,19.51220956098808,0.2525770656639957
6.124700000000001,19.73636112290553,19.49649532334476,0.2524033753275219
6.134675000000001,19.72050939947873,19.48081624948616,0.2522296257895579
6.14465,19.70469283077139,19.46517224987116,0.2520558237110731
6.154625,19.68891133132443,19.44956323462953,0.2518819758429468
6.1646,19.67316481528152,19.43398911357423,0.2517080888994692
6.174575,19.65745319640276,19.41844979621558,0.2515341694072757
6.184550000000001,19.6417763880792,19.40294519177722,0.2513602235831746
6.194525000000001,19.62613430334811,19.38747520920946,0.2511862577836182
6.2045,19.61052685490916,19.37203975720079,0.2510122782656502
6.214475,19.59495395513723,19.35663874419144,0.2508382910777481
6.22445,19.57941551609564,19.34127207838852,0.250664302043884
6.234425000000001,19.56391144955012,19.32593966777709,0.2504903171080251
6.244400000000001,19.54844166698399,19.31064142013145,0.2503163421249832
6.254375,19.53300607961031,19.29537724302802,0.2501423826521009
6.26435,19.51760459838378,19.28014704385921,0.2499684441664043
6.274325,19.50223713401363,19.2649507298429,0.2497945322249926
6.2843,19.48690359697767,19.24978820803328,0.2496206522752156
6.294275000000001,19.47160389753389,19.23465938533339,0.2494468094172117
6.304250000000001,19.45633794573123,19.21956416850714,0.2492730088231163
6.314225,19.44110565142132,19.20450246418792,0.2490992556597886
6.3242,19.42590692427145,19.18947417888887,0.2489255549603435
6.334175,19.41074167377575,19.17447921901505,0.2487519114446456
6.34415,19.39560980926482,19.15951749087354,0.2485783299646365
6.354125000000001,19.38051123991651,19.14458890068143,0.2484048153357648
6.364100000000001,19.3654458747677,19.12969335457574,0.2482313721618372
6.374075,19.3504136227252,19.11483075862492,0.2480580048603463
6.38405,19.33541439257428,19.10000101883711,0.2478847179439348
6.394025,19.32044809298857,19.08520404116791,0.2477115158796512
6.404,19.30551463254072,19.07043973152977,0.2475384028911804
6.413975000000001,19.29061391971294,19.05570799580279,0.2473653830971204
6.42395,19.27574586290465,19.04100873984126,0.2471924607014111
6.433925,19.26091037044149,19.02634186948133,0.2470196398372459
6.4439,19.24610735058492,19.01170729055016,0.2468469243471605
6.453875,19.23133671154238,18.99710490887527,0.2466743180929548
6.463850000000001,19.21659836147419,18.98253463029023,0.2465018249837214
6.473825000000001,19.2018922085017,18.96799636064201,0.2463294488218062
6.4838,19.18721816071597,18.95349000579993,0.2461571931068865
6.493775,19.17257612618732,18.93901547166338,0.2459850614629648
6.50375,19.15796601297185,18.92457266416703,0.2458130575062783
6.513725,19.14338772911859,18.91016148928786,0.2456411846980545
6.523700000000001,19.1288411826774,18.89578185305386,0.2454694462679034
6.533675000000001,19.11432628170789,18.88143366155001,0.2452978455955457
6.54365,19.09984293428559,18.86711682092339,0.2451263860133071
6.553625,19.08539104850823,18.85283123738989,0.2449550706556911
6.5636,19.07097053250287,18.83857681724236,0.2447839025154731
6.573575,19.05658129443418,18.82435346685517,0.2446128847381067
6.583550000000001,19.04222324251033,18.81016109268925,0.2444420203762921
6.593525000000001,19.0278962849885,18.79599960129866,0.2442713122561091
6.6035,19.01360033018128,18.78186889933774,0.2441007631765051
6.613475,18.99933528646421,18.76776889356474,0.243930376023966
6.62345,18.98510106228157,18.75369949084671,0.2437601536031107
6.633425000000001,18.97089756615112,18.73966059816608,0.2435900984437284
6.643400000000001,18.95672470666985,18.72565212262644,0.2434202131836239
6.653375,18.94258239252073,18.71167397145569,0.243250500454872
6.66335,18.92847053247852,18.6977260520108,0.2430809627988341
6.673325,18.91438903541368,18.68380827178427,0.2429116025203679
6.6833,18.90033781029764,18.66992053840845,0.2427424220585909
6.693275000000001,18.88631676620877,18.65606275965856,0.2425734238379832
6.703250000000001,18.87232581233805,18.64223484345736,0.2424046101218106
6.713225,18.85836485799249,18.62843669788119,0.2422359830322628
6.7232,18.84443381259975,18.61466823116303,0.2420675448191978
6.733175,18.83053258571343,18.60092935169559,0.2418992976932409
6.74315,18.81666108701862,18.58721996803579,0.2417312436571327
6.753125000000001,18.80281922633485,18.57353998891027,0.2415633846895186
6.763100000000001,18.78900691362016,18.55988932321742,0.2413957228294475
6.773075,18.77522405897569,18.54626788003052,0.2412282601066188
6.78305,18.76147057265111,18.53267556860223,0.2410609982732534
6.793025,18.74774636504718,18.5191122983691,0.2408939391606136
6.803000000000001,18.73405134671928,18.50557797895305,0.2407270846593317
6.812975000000001,18.72038542838145,18.49207252016454,0.2405604365472366
6.822950000000001,18.70674852091147,18.47859583200707,0.2403939964040384
6.832925,18.69314053535328,18.4651478246804,0.2402277659293169
6.8429,18.67956138291993,18.45172840858201,0.2400617468166601
6.852875,18.66601097499716,18.43833749431008,0.2398959406599319
6.862850000000001,18.652489223148,18.42497499266802,0.2397303488633122
6.872825000000001,18.63899603911522,18.41164081466636,0.2395649729909963
6.8828,18.62553133482373,18.39833487152435,0.2393998145770127
6.892775,18.6120950223836,18.38505707467293,0.2392348749937599
6.90275,18.59868701409438,18.37180733575885,0.2390701555381568
6.912725,18.58530722244745,18.35858556664558,0.238905657615275
6.922700000000001,18.57195556012795,18.34539167941512,0.2387413826194625
6.932675000000001,18.5586319400174,18.33222558637095,0.2385773317024541
6.94265,18.54533627519751,18.31908720004143,0.2384135060760014
6.952625,18.53206847895266,18.30597643318023,0.2382499070137955
6.9626,18.51882846477126,18.2928931987681,0.2380865357315406
6.972575000000001,18.50561614634813,18.27983741001604,0.2379233932230182
6.982550000000001,18.4924314375877,18.26680898036758,0.2377604806004432
6.992525000000001,18.47927425260664,18.25380782349914,0.2375977990037184
7.0025,18.46614450573479,18.2408338533218,0.2374353494809772
7.012475,18.45304211151722,18.22788698398444,0.2372731328931632
7.02245,18.43996698471691,18.21496712987507,0.2371111502608773
7.032425000000001,18.42691904031744,18.20207420562111,0.2369494025986491
7.042400000000001,18.41389819352366,18.18920812609133,0.2367878907705313
7.052375000000001,18.40090435976334,18.17636880639877,0.2366266155609095
7.06235,18.38793745468942,18.16355616190108,0.2364655778788162
7.072325,18.37499739418275,18.15077010820109,0.2363047786121049
7.0823,18.36208409435245,18.13801056114877,0.2361442184641211
7.092275000000001,18.34919747153732,18.12527743684365,0.2359838981508095
7.102250000000001,18.33633744230764,18.11257065163462,0.2358238184741419
7.112225,18.32350392346778,18.09989012212061,0.2356639801950498
7.1222,18.3106968320566,18.0872357651527,0.2355043838794632
7.132175,18.29791608534836,18.0746074978358,0.2353450301831584
7.142150000000001,18.28516160085426,18.06200523752814,0.2351859198027569
7.152125000000001,18.27243329632486,18.04942890184214,0.2350270533729524
7.162100000000001,18.25973108975048,18.03687840864663,0.2348684313455868
7.172075,18.2470548993618,18.02435367606747,0.2347100543105476
7.18205,18.23440464363103,18.01185462248728,0.2345519228683043
7.192025,18.22178024127416,17.9993811665463,0.234394037520433
7.202000000000001,18.20918161125141,17.98693322714451,0.2342363986460543
7.211975000000001,18.19660867276751,17.97451072344155,0.2340790067567813
7.221950000000001,18.18406134527261,17.96211357485649,0.2339218623697571
7.231925,18.17153954846422,17.94974170106887,0.2337649658440061
7.2419,18.15904320228782,17.93739502202054,0.2336083175048161
7.251875,18.14657222693682,17.9250734579149,0.2334519178057042
7.261850000000001,18.13412654285326,17.91277692921694,0.2332957671609141
7.271825000000001,18.12170607072938,17.90050535665441,0.2331398657961595
7.2818,18.10931073150847,17.88825866121909,0.2329842140172455
7.291775,18.09694044638448,17.87603676416574,0.2328288121983658
7.30175,18.08459513680256,17.86383958701228,0.2326736606466147
7.311725,18.07227472446029,17.85166705154116,0.232518759497624
7.321700000000001,18.05997913130865,17.83951907979983,0.232364109034135
7.331675000000001,18.04770827955148,17.82739559409971,0.2322097095344303
7.34165,18.03546209164577,17.81529651701648,0.2320555612081188
7.351625,18.02324049030257,17.80322177139157,0.231901664141945
7.3616,18.0110433984881,17.7911712803317,0.2317480185568876
7.371575000000001,17.99887073942307,17.77914496720819,0.2315946246675148
7.381550000000001,17.98672243658276,17.76714275565731,0.2314414825796661
7.391525000000001,17.97459841369762,17.75516456958161,0.2312885923316295
7.4015,17.96249859475447,17.74321033314888,0.2311359541002889
7.411475,17.95042290399572,17.73127997079166,0.2309835680389799
7.42145,17.93837126591927,17.71937340720775,0.2308314341360486
7.431425000000001,17.92634360527889,17.70749056736118,0.2306795524242257
7.441400000000001,17.91433984708532,17.69563137648077,0.2305279230248984
7.451375000000001,17.90235991660559,17.6837957600599,0.2303765460030716
7.46135,17.89040373936266,17.67198364385719,0.2302254212800898
7.471325,17.87847124113561,17.66019495389678,0.2300745488728997
7.4813,17.86656234796064,17.64842961646697,0.2299239288341959
7.491275000000001,17.85467698613049,17.63668755812001,0.2297735611610405
7.501250000000001,17.84281508219389,17.624968705673,0.229623445724964
7.511225,17.83097656295554,17.61327298620744,0.2294735825081506
7.5212,17.81916135547696,17.60160032706799,0.2293239715170624
7.531175,17.80736938707609,17.58995065586246,0.2291746126649318
7.541150000000001,17.79560058532653,17.57832390046267,0.2290255057837153
7.551125000000001,17.78385487805734,17.56671998900332,0.2288766508413728
7.561100000000001,17.77213219335373,17.5551388498811,0.228728047782255
7.571075,17.76043245955686,17.54358041175475,0.2285796964346781
7.58105,17.74875560526282,17.5320446035457,0.2284315966380878
7.591025,17.73710155932241,17.52053135443658,0.2282837483011297
7.601000000000001,17.7254702508415,17.5090405938705,0.2281361513359828
7.610975000000001,17.71386160918111,17.49757225155138,0.2279888054888315
7.620950000000001,17.70227556395621,17.48612625744095,0.2278417107700697
7.630925,17.69071204503537,17.47470254176811,0.2276948666049368
7.6409,17.67917098254089,17.46330103501553,0.2275482730367582
7.650875,17.66765230684908,17.45192166792536,0.2274019299231652
7.660850000000001,17.65615594858895,17.44056437149758,0.2272558371215769
7.670825000000001,17.64468183864174,17.42922907698942,0.2271099944753043
7.680800000000001,17.63322990814084,17.41791571591519,0.2269644016926592
7.690775,17.62180008847218,17.4066242200479,0.2268190583195215
7.70075,17.61039231126896,17.39535452141757,0.2266739641500218
7.710725000000001,17.59900650842608,17.38410655230932,0.2265291189981624
7.720700000000001,17.58764261207984,17.37288024526287,0.2263845226580303
7.730675000000001,17.57630055461864,17.3616755330719,0.2262401749341851
7.74065,17.5649802686801,17.35049234878356,0.2260960756139654
7.750625,17.55368168715063,17.33933062569778,0.2259522244528273
7.7606,17.54240474316515,17.32819029736787,0.2258086209558358
7.770575000000001,17.53114937010836,17.31707129760115,0.2256652647498825
7.780550000000001,17.51991550161302,17.30597356045625,0.2255221556024851
7.790525000000001,17.50870307155859,17.29489702024209,0.2253792932566025
7.8005,17.49751201407065,17.28384161151728,0.225236677453294
7.810475,17.48634226352045,17.27280726908941,0.225094307934416
7.82045,17.47519375452425,17.26179392801449,0.2249521844258942
7.830425000000001,17.46406642194282,17.25080152359638,0.2248103065648374
7.840400000000001,17.45296020088092,17.23982999138807,0.2246686737701281
7.850375000000001,17.44187502668815,17.22887926719033,0.2245272857476717
7.86035,17.43081083495811,17.21794928704949,0.2243861421853705
7.870325,17.41976756152659,17.20703998725681,0.224245242796782
7.880300000000001,17.4087451424708,17.19615130434776,0.2241045872639241
7.890275000000001,17.39774351410881,17.18528317510129,0.223964175288039
7.900250000000001,17.38676261299893,17.17443553653913,0.223824006539861
7.910225000000001,17.37580237593901,17.16360832592587,0.2236840804709831
7.9202,17.36486273996587,17.1528014807698,0.2235443965965069
7.930175,17.35394364235554,17.14201493882013,0.2234049545906855
7.940150000000001,17.34304502062339,17.13124863806585,0.2232657541101671
7.950125000000001,17.33216681252184,17.12050251673503,0.2231267948244784
7.960100000000001,17.32130895603959,17.10977651329403,0.2229880763824361
7.970075,17.31047138940085,17.09907056644673,0.22284959843301
7.98005,17.29965405106472,17.08838461513392,0.2227113605596235
7.990025,17.28885687972448,17.07771859853418,0.2225733621248776
8,17.27807981430691,17.06707245606282,0.2224356027359208
