augmented,baseline,fit_mode,region,sample,n_total,n_galaxies,original_baseline_failures,original_augmented_failures,augmented_median_loss,baseline_median_loss,augmented_mean_loss,baseline_mean_loss,augmented_median_rms_kms,baseline_median_rms_kms,n_informative,augmented_wins,baseline_wins,finite_ties,augmented_failures,baseline_failures,joint_failures,direction,win_fraction,win_ci_low,win_ci_high,mean_loss_reduction,median_loss_reduction,mean_rms_reduction,median_rms_reduction,ratio_of_medians_reduction,mean_fractional_loss_reduction,median_fractional_loss_reduction,mean_loss_reduction_ci_low,mean_loss_reduction_ci_high,median_loss_reduction_ci_low,median_loss_reduction_ci_high,mean_rms_reduction_ci_low,mean_rms_reduction_ci_high,median_rms_reduction_ci_low,median_rms_reduction_ci_high,ratio_of_medians_reduction_ci_low,ratio_of_medians_reduction_ci_high,mean_fractional_loss_reduction_ci_low,mean_fractional_loss_reduction_ci_high,median_fractional_loss_reduction_ci_low,median_fractional_loss_reduction_ci_high
A_core,bar_fixed,full,all,all_selected,153,153,1,0,1.7541520691962953,117.02816464029519,7.404798114224053,inf,6.185467560299424,42.48873191442031,153,153,0,0,0,1,0,augmented,1.0,0.9761780087065645,1.0,inf,112.12177312889675,inf,34.05171469569417,0.9850108555099709,,,321.12675475353916,inf,78.02240024506483,148.34311993593195,33.643581980868504,inf,29.617866848971715,37.20021326785682,0.9786356188671043,0.9910503101909242,,,,
A_core,bar_fixed,full,all,common_finite,153,152,1,0,1.7464485863367192,115.14418874069341,7.360445997148543,432.54073167055697,6.166269572317775,42.319314120452304,152,152,0,0,0,0,0,augmented,1.0,0.9760231790962084,1.0,425.1802856734083,111.8233091962845,36.009276115723594,33.650060173832,0.9848325077849153,0.9591963458583174,0.9842184120250732,293.6779568779795,579.6891528958568,76.35116009112886,145.42275546157424,32.88298813153727,39.276361502512586,29.487139658121407,37.12612777084683,0.9788629383013252,0.9909174659120479,0.9431322398371123,0.9722701476562065,0.982323139898982,0.987433799718139
A_nfw,bar_fixed,full,all,all_selected,153,153,1,0,1.2347906098175268,117.02816464029519,4.074732929895304,inf,4.794214288604163,42.48873191442031,153,153,0,0,0,1,0,augmented,1.0,0.9761780087065645,1.0,inf,113.35389308579926,inf,35.25193436834535,0.989448774031338,,,323.6723201842353,inf,77.77347983609178,147.76617796529547,34.94940268143261,inf,30.044509757996316,40.69185481735231,0.984247549218072,0.9922014265317416,,,,
A_nfw,bar_fixed,full,all,common_finite,153,152,1,0,1.2484887310112098,115.14418874069341,4.0959247927746905,432.54073167055697,4.821350973146732,42.319314120452304,152,152,0,0,0,0,0,augmented,1.0,0.9760231790962084,1.0,428.44480687778224,112.93792665187424,37.83564802199824,35.02489312206788,0.9891571711550043,0.9516049101232923,0.9898573623913951,295.7263566385872,584.0776277150642,76.70101514685572,146.79912466016253,34.05755195798207,41.8126941649788,29.722160287783524,40.1944250252253,0.9839198959196973,0.9919204536961251,0.9305925058347791,0.9687818877501687,0.9851420470693246,0.993598574732938
B_core,bar_profiled,full,all,all_selected,153,153,1,0,0.8040196699154318,9.908459575109404,1.804994311440682,inf,4.274642549554617,14.654765714536095,153,152,1,0,0,1,0,augmented,0.9934640522875817,0.9641234546453468,0.9998345378211981,inf,8.287319084579384,inf,9.558461198597108,0.918855230339217,,,34.01761467885628,inf,5.91419121352516,12.63897486367734,11.194215792582696,inf,7.312258580647086,11.47263583069256,0.8849489466279827,0.9432957464985292,,,,
B_core,bar_profiled,full,all,common_finite,153,152,1,0,0.802698586981373,9.724236056044381,1.777470435674374,63.410786626193314,4.179354750629088,14.644558958899449,152,151,1,0,0,0,0,augmented,0.993421052631579,0.963890966262534,0.9998334493448882,61.63331619051895,8.240326955797416,12.553616910521663,9.557832644913702,0.9174538151526636,0.831097978461437,0.9228421734027761,29.27204178273393,109.40891713957721,5.795424109423397,12.303538695369232,10.81051004292761,14.367618355233997,7.254664822792648,11.344753818440692,0.8848784322949954,0.9430059558348479,0.7909967530262282,0.8663306598894941,0.8986100383149465,0.9422562652369546
C_core,bar_profiled,full,all,all_selected,153,153,1,0,0.7559944340386111,9.908459575109404,1.7271644769337398,inf,4.227063441679524,14.654765714536095,153,151,2,0,0,1,0,augmented,0.9869281045751634,0.9535792292148784,0.9984129938379555,inf,8.43296768135921,inf,9.877808950121741,0.923702122584452,,,34.08981394442117,inf,6.025604574981337,12.639110548850763,11.300849542465999,inf,7.358147532577324,11.88736910398413,0.8903410940351648,0.94750709346149,,,,
C_core,bar_profiled,full,all,common_finite,153,152,1,0,0.7530143189733333,9.724236056044381,1.6991281899102113,63.410786626193314,4.161887238317134,14.644558958899449,152,150,2,0,0,0,0,augmented,0.9868421052631579,0.9532790780277762,0.998402526798388,61.7116584362831,8.336290969369063,12.665056835566675,9.730762485075036,0.9225631386739861,0.8387077615608803,0.92514820495376,29.330701800038984,109.4784490013549,5.851172751160394,12.303336455087498,10.917632115007956,14.482762722468557,7.345131172598231,11.6662014036144,0.8905658837757566,0.9471751916160928,0.8002451782664771,0.8723722508148951,0.9068231797002639,0.9465822398522266
B_nfw,bar_profiled,full,all,all_selected,153,153,1,0,0.8986150084234727,9.908459575109404,2.015187438705552,inf,4.455959016806354,14.654765714536095,153,151,2,0,0,1,0,augmented,0.9869281045751634,0.9535792292148784,0.9984129938379555,inf,8.219304447766739,inf,8.376953328765168,0.9093083035146207,,,33.707560867688514,inf,5.120856433999492,11.53934313817015,10.944475866627913,inf,7.1607123039262355,10.009583230156704,0.8553046307431149,0.9320177268263707,,,,
B_nfw,bar_profiled,full,all,common_finite,153,152,1,0,0.9004611209033222,9.724236056044381,2.022863135108292,63.410786626193314,4.504327601806599,14.644558958899449,152,150,2,0,0,0,0,augmented,0.9868421052631579,0.9532790780277762,0.998402526798388,61.387923491085026,7.955634409632085,12.391715154747667,8.348384420728195,0.907400322687188,0.7894224705557705,0.8920644385985352,28.93439111212402,109.19543994503293,5.117686472528382,11.49647335647732,10.524036947913999,14.336773009540874,6.920723799905375,9.797247754161859,0.8514927109270787,0.9309766707486932,0.7453369118478679,0.8295556505789636,0.8497525765871371,0.9206809554443017
A_core,bar_fixed,inner,outer,all_selected,131,131,0,0,8.798196176682513,141.6429426273066,59.12074934039965,557.5934313520029,12.998451833231812,56.741418356952124,131,130,1,0,0,0,0,augmented,0.9923664122137404,0.9582031369357673,0.9998067529648105,498.4726820116032,128.56872277878142,44.474301901655956,39.22758838087357,0.9378846837443043,0.8779594526853153,0.9398538960905891,355.80970073022684,662.8432283157814,95.90077598324218,193.5104797069403,40.139990804620325,49.03757034950126,34.67291734322803,44.3013596363446,0.915423291337064,0.9641549189881696,0.8421178106847999,0.9092049784271085,0.9303139793294386,0.9548633832962385
A_core,bar_fixed,inner,outer,common_finite,131,131,0,0,8.798196176682513,141.6429426273066,59.12074934039965,557.5934313520029,12.998451833231812,56.741418356952124,131,130,1,0,0,0,0,augmented,0.9923664122137404,0.9582031369357673,0.9998067529648105,498.4726820116032,128.56872277878142,44.474301901655956,39.22758838087357,0.9378846837443043,0.8779594526853153,0.9398538960905891,355.80970073022684,662.8432283157814,95.90077598324218,193.5104797069403,40.139990804620325,49.03757034950126,34.67291734322803,44.3013596363446,0.915423291337064,0.9641549189881696,0.8421178106847999,0.9092049784271085,0.9303139793294386,0.9548633832962385
A_nfw,bar_fixed,inner,outer,all_selected,131,131,0,0,2.2129571485200974,141.6429426273066,19.699822104356166,557.5934313520029,6.554981599601531,56.741418356952124,131,131,0,0,0,0,0,augmented,1.0,0.9722333948899635,1.0,537.8936092476467,130.7231411757375,53.659038227300535,47.1054523695901,0.9843765096412684,0.9391805576094114,0.985401880399603,389.5924409174577,703.5093157315448,102.92597101382312,204.61133113681123,48.219503814669864,59.34443208126311,42.23403517458127,52.76398255202358,0.9756631101443074,0.9904357018396184,0.911902517538174,0.9618488010917237,0.980359651089458,0.9909383213396507
A_nfw,bar_fixed,inner,outer,common_finite,131,131,0,0,2.2129571485200974,141.6429426273066,19.699822104356166,557.5934313520029,6.554981599601531,56.741418356952124,131,131,0,0,0,0,0,augmented,1.0,0.9722333948899635,1.0,537.8936092476467,130.7231411757375,53.659038227300535,47.1054523695901,0.9843765096412684,0.9391805576094114,0.985401880399603,389.5924409174577,703.5093157315448,102.92597101382312,204.61133113681123,48.219503814669864,59.34443208126311,42.23403517458127,52.76398255202358,0.9756631101443074,0.9904357018396184,0.911902517538174,0.9618488010917237,0.980359651089458,0.9909383213396507
B_core,bar_profiled,inner,outer,all_selected,131,131,1,0,3.890046802356268,24.45755265993821,27.802002165744863,inf,10.112435615439525,24.18496106523722,131,101,30,0,0,1,0,augmented,0.7709923664122137,0.6894959557686435,0.8398425105992696,inf,14.446015993630597,inf,11.431524426037008,0.8409470131192556,,,70.86566902536569,inf,7.670400344257375,24.231891077992106,12.73873645119136,inf,8.283866524656698,17.91288455599732,0.759320777142695,0.9080729173390376,,,,
B_core,bar_profiled,inner,outer,common_finite,131,130,1,0,3.8427995977769305,24.435334227504338,27.800352172716693,145.5973471988108,9.99164480854732,24.05069672425609,130,100,30,0,0,0,0,augmented,0.7692307692307693,0.6872385805103358,0.8385624543974659,117.79699502609412,13.750401108459933,15.123089330277029,11.325478911267762,0.842735951061742,-0.23447001337490583,0.8207924853526086,61.79470716738661,196.2850320430599,7.210433733000653,23.601868212999307,12.07043420623147,18.232927680801104,8.14336142542434,17.81015151281992,0.7606793082451843,0.9061649334830959,-0.9991377945795077,0.31654611932051113,0.5945961973031745,0.8708665321397585
C_core,bar_profiled,inner,outer,all_selected,131,131,1,0,4.038984884112868,24.45755265993821,28.836067778858123,inf,9.723032066741927,24.18496106523722,131,99,32,0,0,1,0,augmented,0.7557251908396947,0.6730062715193219,0.8265262400750777,inf,13.137682653648547,inf,11.58167594643192,0.8348573571415108,,,69.63983352923925,inf,7.832587324666115,22.989004176132887,12.730717630248874,inf,7.755028514056557,18.59515064081898,0.7612435317583282,0.9098012805206388,,,,
C_core,bar_profiled,inner,outer,common_finite,131,130,1,0,3.9790634159842386,24.435334227504338,28.842371592371602,145.5973471988108,9.530842062023698,24.05069672425609,130,98,32,0,0,0,0,augmented,0.7538461538461538,0.670634072599966,0.8251370669753683,116.75497560643923,13.049051537491156,15.05500007099316,11.323099957488406,0.8371594438227321,-0.18316362879507278,0.8344993502614462,60.770207406214844,195.44895215012656,7.202767988948312,20.81639789768203,12.070703686716444,18.06313846118471,7.23008599384795,18.5416724609077,0.7594919942761005,0.9085799751610376,-0.8763162319620823,0.3267689411609798,0.6419082132330107,0.8811082397938164
B_nfw,bar_profiled,inner,outer,all_selected,131,131,1,0,1.9707533744308783,24.45755265993821,12.095196593884666,inf,5.31644200856263,24.18496106523722,131,116,15,0,0,1,0,augmented,0.8854961832061069,0.818182975063905,0.9344777145451553,inf,19.299006840009696,inf,15.917684784817233,0.9194214808884374,,,82.71294263457621,inf,12.20550099420705,38.670816593224224,17.351873988066295,inf,10.993971371714341,20.5027314873096,0.86422503037203,0.9569669336776369,,,,
B_nfw,bar_profiled,inner,outer,common_finite,131,130,1,0,2.08531800810915,24.435334227504338,12.181971490518222,145.5973471988108,5.4731825906234075,24.05069672425609,130,115,15,0,0,0,0,augmented,0.8846153846153846,0.8168391407147355,0.9339620342185204,133.4153757082926,19.1595902309222,19.983563370823237,15.658764202499007,0.9146597305077202,-0.017555921572058635,0.9223183941465439,72.86447216707664,218.9122398210542,11.938452777057332,36.49033389918387,16.573436587084306,23.445338963413935,10.87867159191706,20.35547022738593,0.8597910226658807,0.9546550219357405,-1.1693080609343085,0.6713615998463279,0.8686932843210234,0.948094741384335
