galaxy,n_outer,reliable_outer,positive_outer,negative_outer,force_gap_positive,force_gap_negative,observed_2sigma_need_addition,observed_2sigma_need_reduction,median_enclosed_mass_ratio,median_rms_amplitude_ratio,median_local_amplitude_ratio,median_relative_speed_kms,median_effective_winding,max_mass_floor_eV,median_orthogonal_density_fraction,median_orthogonal_mode_angle_rad,envelope_active,median_lift_support_residual_fraction,median_target_force_gap,median_required_support,max_derivative_relative_error
CamB,2,2,2,0,0,0,2,0,1.00165799327461,1.0008286477255095,1.0011911054059563,26.51240285774423,0.011861411953374194,5.830481465587083e-29,0.0,0.0,False,0.49851961457166,0.047258132316568155,168.8058545337362,3.426536942647283e-13
D631-7,4,4,0,4,0,4,0,3,0.7755408569448575,0.8805589477086799,0.7441205004563873,,,4.596872690400406e-24,0.0,0.0,False,0.9844277542273945,-1087.3994629018107,-258638.05327272025,7.33266287455576e-10
DDO064,3,3,0,3,0,3,0,1,0.7019680049416208,0.8378353089609084,0.6353005814128128,,,2.3080664884949136e-23,0.042402622401281204,0.20740271083070988,True,0.9774952447824119,-807.797959420128,-3715307.403025006,1.4870874245607099e-08
DDO154,3,3,0,3,0,3,0,3,0.4978106604338611,0.7055569859578041,0.35431965774316426,,,1.922730197312043e-23,0.026510272425206007,0.16354787382859498,True,0.9790083683478511,-1813.0601626223774,-2437363.376123564,5.073840571106795e-08
DDO161,7,7,0,7,0,7,0,6,0.6116858306552716,0.7821034654412877,0.4951106886821713,,,4.932644124843501e-24,0.00869479502056191,0.09338154183329199,True,0.9791803867791135,-1909.5073922517313,-293050.1157743376,2.1557462945636057e-08
DDO168,2,2,0,2,0,2,0,2,0.7470370982345302,0.8640585107454712,0.7142281033756852,,,7.797013594015654e-24,0.0,0.0,False,0.9947710057332277,-1306.3941657180355,-843860.8995318377,2.6974011844002014e-10
DDO170,2,2,2,0,0,2,0,2,0.4200890947894139,0.6467033467044262,0.32483723896501204,849.2666319341048,3.0601328005973025,0.0,0.8360716813670221,1.1587084466919295,True,1.3058788537875126,-3292.085305642233,188408.0888882177,9.526581114949111e-07
ESO079-G014,3,3,0,3,0,3,0,3,0.5918865594274852,0.7693416402532007,0.4197440555716668,,,2.2415403968760817e-24,0.0,0.0,False,0.9367801674524358,-14426.159320988607,-427228.03919367597,2.3620616938122e-09
ESO116-G012,3,3,0,3,0,3,0,3,0.5676025861636904,0.7533940444174552,0.37393205808093505,,,4.181967726599971e-24,0.06051398708129142,0.24854704108998796,True,0.9208897203610862,-6247.581511971998,-618203.3740848583,1.492368358336029e-08
ESO563-G021,6,6,6,0,0,6,0,6,0.4604881349929988,0.6785927186761691,0.6103021742472384,941.248819281873,6.2262678308493555,0.0,0.9839803034550035,1.4450064958188695,True,0.2305905657708468,-78819.80219279818,213664.55913752262,1.8296074764807147e-06
F568-3,4,4,0,4,0,4,0,4,0.26660951466768995,0.5153170587656599,0.1553612499192561,,,3.718830257207467e-24,0.0,0.0,False,0.9776024808550519,-29963.909951073998,-586152.8502950353,9.029302312329723e-10
F568-V1,3,3,3,0,0,3,0,3,0.23059005950759162,0.4801979378418775,0.20693375368829675,1638.5798298670818,4.5983556348897885,0.0,0.9344118028370539,1.311808850733342,True,0.11911322887954359,-29500.24847569126,644386.5261233363,8.156357422035788e-06
F571-8,3,3,0,3,0,3,0,3,0.4869733594391806,0.6978347651408466,0.4173367856624844,,,5.518629221152007e-24,0.0,0.0,False,0.988489360026095,-18423.19703707542,-1578022.2795217498,2.5411816144319436e-09
F574-1,3,3,3,0,0,3,0,3,0.4092300683739713,0.6397109256327981,0.26166443227706637,1533.6962048873136,5.32327476027937,0.0,0.7486379659454988,1.0456262326550079,True,0.47348440422907206,-8926.746296752064,564533.7717325797,2.734119312129925e-06
F583-1,5,5,0,5,0,5,0,3,0.2630637745777854,0.5128974308551227,0.17407832930289113,,,7.829406718835485e-24,0.0,0.0,False,0.9948084371925986,-12236.817755521368,-1082998.584553185,7.883994248678552e-10
F583-4,3,3,3,0,0,3,0,1,0.5977518990134091,0.7731441644437401,0.4729342171727091,1212.293627348383,2.561805983128109,0.0,0.9550273999122587,1.3571062901801747,True,0.5442884104233822,-1825.0291503012027,352717.4013382801,9.036120387941251e-07
IC2574,7,7,0,7,0,7,0,0,0.7758345417217823,0.8808147033978159,0.7496845833388458,,,3.007392491233221e-24,0.04356322553529332,0.21026395908851964,True,0.9843571530694195,-738.9366830391149,-98128.22531651647,2.04487891026024e-08
IC4202,7,7,7,0,0,7,0,7,0.22958385046575144,0.4791490900187033,0.20814116435261976,478.7078796800472,2.093572542827369,2.049361040644062e-25,0.9996687560056825,1.5525952121319222,True,0.3157040881530155,-56944.03466856608,54998.69617626397,8.598135941988658e-06
KK98-251,3,3,3,0,3,0,0,2,1.0079830187052239,1.0039835749180481,1.0081028163776131,82.15402301743538,0.06339452741911397,4.4589609125276645e-28,0.0,0.0,False,0.499845557933228,9.713694249527954,1619.8280395078325,9.002860870495395e-13
NGC0024,6,6,0,6,0,6,0,6,0.05341364988423259,0.23040657782616,0.11925935185336875,,,1.5475787860729482e-23,0.9999755119647523,1.5668272018858924,True,0.8550523178115399,-89506.06227314632,-23812.702014509756,8.206549901335643e-07
NGC0055,5,5,0,5,0,5,0,5,0.4333936367506421,0.6583263907444711,0.355347754960117,,,4.531775197167532e-24,0.0,0.0,False,0.9847139901691093,-6726.167168836627,-472466.5044141665,8.986678927628763e-10
NGC0100,5,5,0,5,0,5,0,4,0.4749375432520699,0.6891571252276725,0.34207855096767126,,,6.590768579420354e-24,0.08580073080389354,0.297276879474258,True,0.9098008435192488,-5859.637104822828,-925483.1842836887,1.8644384822817587e-08
NGC0247,6,6,6,0,6,0,0,0,1.08647609113285,1.0423377986332916,1.0893502952060816,200.69971616412153,0.8588570513838563,0.0,0.00696777006326486,0.08355294068882621,True,0.4824983021772865,141.5137328869409,9667.455024321469,2.4011241340042035e-08
NGC0289,6,6,6,0,6,0,5,0,1.89034299357257,1.374873452591796,5.532849654232711,238.41018372362754,5.567433597472791,4.0454591639621044e-25,0.3819998670907302,0.66611021950365,True,0.3714841149706793,7149.518066721421,13649.029971901386,1.8204746319825428e-08
NGC0300,5,5,1,4,0,5,0,4,0.4014666283192094,0.6336139426489993,0.2840315196846499,607.8025992690909,2.0917376479884124,5.9018323848558855e-24,0.555856479729589,0.8413714799472329,True,1.6669993552612852,-4804.473193591725,-241664.20625067112,2.9342291399921197e-06
NGC0801,3,3,3,0,3,0,3,0,1.721301497977386,1.3119838024828607,5.704149963870278,406.12944623005865,6.432576375113076,2.0592072949901815e-25,0.9075856927928588,1.2619106752768439,True,0.4483606005069986,6802.986917253058,39585.870502832186,9.295569738471377e-09
NGC0891,4,4,0,4,0,4,0,4,0.6044958381038978,0.7772839669019475,0.3256994884318584,,,1.8740820335636905e-24,0.0,0.0,False,0.910336284667706,-18513.46103847272,-435306.5951405853,3.3971079684447957e-10
NGC1003,8,8,0,8,0,8,0,5,0.7217614890070351,0.8495538758189995,0.6124462463287864,,,1.076378894880811e-24,0.048272402774408835,0.22149417396915277,True,0.6969729260322595,-3034.698103651466,-28206.434646107344,4.6069173656730154e-08
NGC1090,5,5,0,5,0,5,0,0,0.8959061240213236,0.9465231766952796,0.8203562738132621,,,8.120131566685926e-25,0.26432863192329936,0.5399918521939884,True,0.3539847664088333,-1578.7241321384763,-28496.574055320703,3.932425655944763e-08
NGC2403,15,15,0,15,0,15,0,15,0.31895043062475914,0.5647569659816151,0.13822033950773882,,,3.2295791208401224e-24,3.805605699404767e-17,6.1689591499739785e-09,False,0.9701689721634302,-15417.244509691816,-362890.7520385279,2.110527601715086e-09
NGC2683,3,3,3,0,0,3,0,3,0.3911919341726159,0.6254533828932544,0.33440052941058435,525.1510526029487,4.853187099485306,0.0,0.9896432901447811,1.4688519180132351,True,0.1581074266861236,-17941.560778239967,66188.07073199638,2.1664039319369486e-06
NGC2841,10,10,10,0,10,0,10,0,1.9050302634069016,1.3802261618077867,32.22966759324571,336.3389684774354,5.839265934647592,4.163718617622535e-25,0.070895816513326,0.2692273658874878,True,0.3204669771474781,17498.134382794342,27150.237913894664,3.932775914634935e-07
NGC2903,7,7,7,0,0,7,0,7,0.41791389603849716,0.6464626021963662,0.3534116750456999,907.354868175728,5.270940662219784,0.0,0.8413919276606026,1.1611812364913643,True,0.14585808696710528,-27881.584508421114,197590.28563252627,6.125369560908115e-07
NGC2915,6,6,0,6,0,6,0,6,0.3442781537858239,0.5865716050064608,0.06335582954363232,,,1.1270530512390767e-23,6.972860134360451e-16,2.6317833119912566e-08,False,0.9975785275190978,-8817.555010068947,-2111284.7386061884,4.3867356908692757e-10
NGC2955,5,5,3,2,5,0,0,0,1.4128468684046085,1.1886323520772133,1.4249429844730679,215.14706185397046,1.4962210938953922,5.802080013987451e-25,1.9086821203317116e-18,1.3815506217043628e-09,False,0.09308549979846374,17068.50522718449,3727.350152289917,5.04188866427513e-10
NGC2976,6,6,0,6,0,6,0,1,0.8712818085471313,0.9333684422865547,0.8639443088140678,,,6.1373365934706566e-24,0.0,0.0,False,0.9891942441483873,-566.171037253109,-706262.2288501973,1.7756073774376117e-09
NGC2998,3,3,3,0,3,0,3,0,1.965307381128783,1.4018942118179898,3.546717584163967,396.3242778219017,4.924619882031738,2.715898059504447e-25,0.0,0.0,False,0.4432467601115588,12295.814682502913,37697.50396585246,1.2809616925557069e-11
NGC3109,5,5,0,5,0,5,0,5,0.5960010990311418,0.772011074422603,0.4789006753257209,,,1.0865484057425551e-23,0.0602117885233653,0.24791259075080274,True,0.9385536821939506,-2327.9390221055237,-1435514.3150202811,1.1126728104887005e-08
NGC3198,9,9,3,6,0,9,0,9,0.5314076364542766,0.7289771165504968,0.27883097700864484,571.9619044354196,7.487978160673594,1.2766800788344108e-24,0.2128237170624887,0.47949164737585825,True,0.7564651042296986,-9765.094163741354,-49666.735139360535,3.917573838596465e-06
NGC3521,9,9,9,0,9,0,5,0,1.2251760206930262,1.106876696246256,1.1932522185421421,404.5518331783879,1.073965352914943,2.6381299805425662e-28,0.0,0.0,False,0.4999935871261423,1301.5893671829901,39278.92457471861,8.829785959920561e-15
NGC3726,3,3,0,3,0,3,0,0,0.9125716122218545,0.955286141541818,0.8431751849066069,,,8.68869674425793e-25,0.020102054593731437,0.14226108099037893,True,0.5472904949158363,-1281.9526045643745,-28114.908480314658,2.411160578477276e-08
NGC3741,5,5,0,5,0,5,0,5,0.3130338502330805,0.5594942807867481,0.20588146384932632,,,2.1447146726973042e-23,0.10089197089893842,0.32323423964518255,True,0.9568637832621534,-3213.4984018829045,-2526390.659099817,4.936523107722485e-07
NGC3769,3,3,3,0,0,3,0,3,0.14148430221232197,0.37614399132821724,0.14526872685726272,206.2285117173746,1.976637590023964,1.129830818681916e-25,0.9996710942442777,1.552659573454939,True,0.2820693762377815,-29206.60410067921,10207.247770839196,1.0663647256044795e-05
NGC3877,3,3,1,2,0,3,0,3,0.3909002680712266,0.6252201756751189,0.15139367264003242,2388.1157309434398,6.443469903890711,4.308902370857201e-24,0.3545653279722951,0.6378304918333463,True,0.9976758737446454,-21793.587428391784,-463694.31355165696,5.451621009271446e-06
NGC3893,2,2,2,0,0,2,0,2,0.4679125325691208,0.683746327322734,0.3921844423890908,850.1700419636061,4.457482747718888,0.0,0.8624724835925309,1.1940605666986914,True,0.18645530762761092,-21056.875217553294,174250.54808524778,3.794558608425285e-07
NGC3917,4,4,3,1,0,4,0,4,0.46730044786393354,0.683346975408639,0.3482110553290404,1059.1534504362999,4.0479230396017964,1.2876721299348014e-24,0.7838343355923224,1.0882230459524065,True,0.8590035644773115,-14184.678623883141,201357.4919429808,3.68317925631168e-07
NGC3953,2,2,2,0,0,2,0,2,0.4544763322642676,0.6732866881860884,0.22835919796865817,1778.6904073730057,7.8357913680682145,0.0,0.7515622066475833,1.0561143499783558,True,0.21256390794904456,-16232.657567135662,765688.8720481605,6.454219662821897e-08
NGC3972,2,2,0,2,0,2,0,2,0.623338633331305,0.7890724801171243,0.5707516637629368,,,1.151773812415248e-24,1.0,1.5707963267948966,True,0.7187591637309707,-6692.960930385987,-44223.627933865915,7.707404628062629e-09
NGC3992,2,2,2,0,2,0,2,0,2.3009880091835275,1.5158867732689387,7.961768476346698,411.96997047632544,5.7338563354973715,2.7978761885964616e-25,0.06555305610567498,0.2588833348035794,True,0.43718332442764574,14182.028433779542,40754.26180078299,4.649277880908395e-09
NGC4010,3,3,0,3,0,3,0,3,0.9209791653612674,0.9596765941510023,0.9017646537558331,,,9.60547882224271e-25,0.0016848627466761218,0.04105861483360573,True,0.6410374769626842,-1308.830652318499,-36536.93457121783,1.0135707435451571e-08
NGC4013,8,8,3,5,8,0,4,0,1.1211925146005792,1.0588625240666745,1.1614529886266443,82.27406902947025,0.6932772791564031,5.856557330264536e-25,0.01170077575720023,0.10838117002437753,True,0.056450159119216116,2249.6974077874547,-729.5000824643957,4.899767354365243e-09
NGC4088,3,3,0,3,0,3,0,0,0.911307965257679,0.9546245153240508,0.8668119101276245,,,8.98412702709307e-25,0.022420238477914623,0.1502991252860998,True,0.547648021872712,-1229.622861094606,-32931.345679086546,2.1555017793505113e-08
NGC4100,5,5,0,5,0,5,0,5,0.646045457140389,0.8037695298656132,0.5155094861348165,,,1.1789026732611853e-24,0.46726061086166265,0.7526353341461012,True,0.6580104909775681,-8149.421030934203,-73556.75009192189,3.2806064551025693e-08
NGC4157,4,4,0,4,4,0,0,0,1.013867233667399,1.0069090754051548,0.980213231307532,,,7.371386582929656e-25,0.0063410805029096295,0.07970676602621743,True,0.37557047906144647,288.3981423484993,-20093.34662318016,2.5384716860406692e-08
NGC4183,5,5,5,0,0,5,0,5,0.5246914740506126,0.7243559028893273,0.4658572840483964,389.2890121656087,2.3709689313112525,0.0,0.9952470475284786,1.5017999370045376,True,0.09925245193590483,-6704.748698631725,36371.0243982901,8.123222824461935e-07
NGC4217,4,4,0,4,0,4,0,4,0.46133434840711096,0.6788486208938505,0.2258191017002968,,,4.050512076455872e-24,0.0,0.0,False,0.9810814228884294,-27738.553122150028,-1539842.7687239759,5.407226085508789e-10
NGC4559,7,7,0,7,0,7,0,7,0.7056290575670577,0.8400172959928014,0.5823499649590679,,,1.5140743174714513e-24,0.00861054073807268,0.09292668436469845,True,0.8503855070192513,-4021.104875889835,-95378.02456222162,2.1612684853379982e-08
NGC5005,4,4,0,4,0,4,0,0,0.5624155778787114,0.7496000285352833,0.42393643582969387,,,2.0070465805394816e-24,0.1525106636671284,0.40018053517554475,True,0.7854893303198738,-17029.705460650468,-772030.0306027752,1.563360503206639e-08
NGC5033,5,5,5,0,0,5,0,2,0.9436608554945642,0.9714220789618507,1.1970146504015247,557.9651825173662,6.729577601616267,0.0,0.8970017475670834,1.2440814623447316,True,0.2328395028813975,-1580.0104664431549,74718.03477639306,5.263604059139515e-07
NGC5055,6,6,2,4,0,6,3,0,0.6882875224389272,0.8296251969896822,0.327092385189028,613.4521052817566,9.448104164568473,9.869948540650766e-25,0.18764092987924016,0.445859078006678,True,0.6665325061132374,-6680.390019482227,-18162.235993368893,8.200786145098076e-07
NGC5371,4,4,4,0,4,0,4,0,1.2345208837684227,1.110989424245862,13.51282788356281,346.01995872532973,6.984577931953954,7.96669179066641e-26,1.0,1.5707963267948966,True,0.49581092812814764,503.33956417332126,28747.139532653433,2.0265038388244567e-06
NGC5585,5,5,0,5,0,5,0,5,0.4971159359247773,0.7050644906139986,0.40090482209758727,,,4.662820098680134e-24,0.0,0.0,False,0.985009749773889,-6301.50703125046,-546518.5439191564,2.266468820356122e-08
NGC5907,4,4,4,0,4,0,4,0,2.0082234069294955,1.4168821170938948,4.83754977221065,355.9572301494502,4.920857667652614,3.2015195913720426e-25,3.2830365862082295e-19,5.729513914332726e-10,False,0.40926989696082533,11510.976435393852,30412.96860331891,1.541047553894742e-11
NGC5985,7,7,7,0,0,7,5,0,0.7309107638104546,0.854933192600717,1.198394083582329,538.1567892655995,6.301346532843275,8.702488746303618e-26,0.9999138208003343,1.5615129181861125,True,0.48593000622916377,-4988.3632511735705,69507.05515983811,1.283338070211611e-06
NGC6015,9,9,9,0,9,0,2,0,2.0644395992497975,1.4368157847301781,2.2273289678666197,388.9699420515709,3.9583996932702665,1.612969271053283e-28,0.0,0.0,False,0.4999930958166208,14081.426680303257,36311.427796704585,1.0649804644264902e-14
NGC6195,5,5,5,0,0,5,1,1,0.2621776937772118,0.5120329030220732,0.5519184687844277,395.2277053330749,3.374333715764604,3.1910271678584165e-25,1.0,1.5707963267948966,True,0.44064190350967014,-12319.755033950438,37489.185375083485,1.1007592119942379e-05
NGC6503,7,7,6,1,0,7,0,7,0.46235550218655874,0.679967280232335,0.34357983206274023,676.4209290305891,4.290848944249207,6.0653282553041295e-25,0.8166895220989717,1.1283541800155028,True,0.396837035914724,-10283.459987755134,101038.70307449187,1.6280470629937142e-06
NGC6674,3,3,3,0,3,0,3,0,3.607445943202356,1.8993277608676065,1440.3070633562513,448.44409370258694,11.730626666639964,9.874310286948592e-26,0.004418916423707542,0.06652398626202281,True,0.49262809934914537,21583.09754664411,48264.50524241629,2.0253024175999946e-09
NGC6946,12,12,0,12,0,12,0,5,0.5970304506989625,0.7726621663841479,0.48518264632415076,,,1.6899026290696134e-24,0.005469414180852158,0.07401563863325424,True,0.878623213277835,-8746.85617443277,-186703.9592482014,1.4135384377890156e-08
NGC7331,8,8,0,8,8,0,8,0,1.0203634887702164,1.010130378902761,1.0364259193731562,,,6.842744214439493e-25,0.3388866453624257,0.6212979224165269,True,0.14657625665399054,636.7113687440685,-24122.75180057363,3.0051053788263647e-08
NGC7793,10,10,10,0,10,0,0,3,1.0493591990333822,1.0243775572326923,1.0468896455872772,220.54967057470057,0.3543668064829054,4.858773080037502e-28,0.0,0.0,False,0.49997842548389104,311.32657988947096,11678.117265654317,2.0225829091801226e-13
NGC7814,4,4,4,0,0,4,0,4,0.6625108406744495,0.8138743915350083,0.5636010165893555,601.0195737524591,3.124897768865912,3.7293824992714086e-25,0.8772608936432358,1.2137101605904643,True,0.09889068258023018,-14516.000315602323,87308.16499221597,4.248947011358537e-07
UGC00128,5,5,5,0,5,0,5,0,1.4801084616639841,1.216597082712261,1.725940910372684,98.72700277963118,2.074238527635554,5.182457337204145e-25,0.014582921264270883,0.12105521473219788,True,0.1824817675614127,1954.9343670377273,2339.285058683832,1.642392538827754e-08
UGC00191,2,2,2,0,0,2,0,2,0.22120766304957687,0.46207058955863634,0.07955816888977393,3177.503994084014,8.294866455122532,0.0,0.8632657475454772,1.253341415418096,True,0.09211434769413765,-9970.937063076355,2940491.042453284,1.1273733919088726e-05
UGC00731,3,3,3,0,0,3,0,3,0.3523518970308057,0.5935923660482888,0.28012470390941113,936.15632795622,4.290829126718184,0.0,0.9812264246234004,1.433347250975043,True,0.10279658095662049,-5168.956036770604,210333.2808893937,1.51380994113524e-06
UGC01281,5,5,0,5,0,5,0,5,0.013810911002659366,0.11751983238015347,0.09155929957633803,,,9.112285237773871e-24,1.0,1.5707963267948966,True,0.9929782707116356,-76755.67671188286,-313607.9322138714,5.667809363589229e-06
UGC02259,2,2,2,0,0,2,0,2,0.4197562647451839,0.6464037526735524,0.3168272408836112,1393.7666638321348,4.443509002972629,0.0,0.9556823356849729,1.366196353779622,True,0.15397492599208293,-5666.648115601803,475545.0699272458,1.208093432452327e-06
UGC02487,4,4,4,0,4,0,4,0,1.6125852978896433,1.2698527272285516,10946.585684159341,537.1806580917666,13.329175880080214,1.760055232035875e-25,0.6317868947914551,0.9195278548392247,True,0.4340516334261166,14672.54693390426,69266.03312367118,8.982504175883853e-08
UGC02885,4,4,4,0,4,0,4,0,3.094890207435447,1.7590954495464053,231.11198766668622,532.7532962892312,11.427872080410564,2.0353978764380936e-25,0.5164126579505033,0.8018346694994808,True,0.4793794926352202,31769.645015259288,68118.27438490982,3.51503519099812e-09
UGC02916,9,9,9,0,0,9,0,8,0.10012693873128052,0.3164284101203312,0.09719072113732635,343.44570417621287,3.1878894242128726,5.234453757915055e-25,1.0,1.5707963267948966,True,0.470266754398254,-12618.045241142374,28309.188412102736,3.518442831659101e-05
UGC02953,23,23,23,0,23,0,23,0,2.150994464793896,1.4666269003376067,8.841352080740824,263.4118457684653,3.821335616269754,4.75399705768752e-25,0.032286806843854605,0.18066653459406493,True,0.23130054412308226,18292.2071406083,16652.592117875938,9.335451654177595e-07
UGC03205,10,10,10,0,10,0,9,0,2.7396727827158687,1.6528067523900312,3.3785540198803004,468.33440496344076,4.545641654690662,0.0,0.01159147642178809,0.10771979795761538,True,0.4986089693447381,18184.0981629009,52652.163069980146,1.926031144937044e-08
UGC03546,6,6,1,5,0,6,0,4,0.6218973649570547,0.7883631667044686,0.45757252175597707,856.8142600653659,6.7022378163839464,1.3648646393685302e-24,0.32164156358770146,0.6021594939919241,True,0.6819801805220536,-12983.348488985876,-147717.8445163491,8.820911569074093e-08
UGC03580,10,10,3,7,0,10,0,10,0.2976396485709808,0.5449822974471195,0.20764149119883335,1897.0188744044517,9.305108614817852,4.9139962352489156e-24,0.23345759877213115,0.5028002739706986,True,0.9059267879330746,-19151.539928409136,-723102.5984469235,4.584835993334124e-06
UGC04278,5,5,5,0,0,5,0,1,0.9954404661517929,0.9977176284659869,1.0038690583644578,208.2593682833595,0.5402919121598685,4.168505676755527e-26,0.023679040204968475,0.15449380584938985,True,0.3166324926683554,-32.48726861493742,10409.271474668149,3.6716773425538084e-08
UGC04325,2,2,2,0,0,2,0,2,0.3265677074275428,0.5694384777088768,0.18204775673605783,4403.7199941128665,7.204928494706115,0.0,0.8051606053882288,1.1236382424801128,True,0.25961691750273375,-10582.93266274172,4660332.57365144,2.4553390718466667e-07
UGC04483,2,2,0,2,0,2,0,2,0.3894722818182188,0.6215406286627772,0.23900870485678413,,,2.226251770042552e-22,0.0,0.0,False,0.9999938162283091,-505.6369386201832,-78608247.04583232,3.283040539916937e-10
UGC04499,2,2,1,1,0,2,0,2,0.5348705586668066,0.7305879899025111,0.4868341371163847,276.4255236196885,0.664886953642978,1.7796921565222584e-24,0.9732491267231265,1.4079947040590484,True,2.4690269442887454,-3478.0273955378107,-16386.761053313738,8.874001799786536e-08
UGC05005,3,3,0,3,0,3,0,3,0.479962849534833,0.6927935114699278,0.3544067039173541,,,2.4463206538373938e-24,0.15117046212249832,0.3993357681912987,True,0.8454634542392521,-7165.5919414578875,-156763.3283667037,7.90155041124368e-07
UGC05253,15,15,13,2,9,6,3,0,1.0725354123395259,1.0356328559579044,1.4720461600908166,466.10648801648404,4.899175734702238,6.485268982951243e-25,0.9916390126661967,1.4792299910577615,True,0.4246336546959021,2507.703975803125,51881.75886074397,5.1408985041738335e-08
UGC05716,3,3,0,3,0,3,0,3,0.3941358194949218,0.6278023729605694,0.28069377287752767,,,4.855035213178452e-24,0.0641120674924035,0.2559903485985402,True,0.932797067235577,-3000.2331281404545,-274334.4379715533,2.145238785123724e-08
UGC05721,5,5,5,0,0,5,0,5,0.2312713309725711,0.48090677991952985,0.12242531293376414,3349.790317078997,7.173946108494125,0.0,0.939601051405381,1.3224906279636022,True,0.09045183926442524,-11539.63585950626,2693062.8404150894,2.3787912042176848e-06
UGC05750,3,3,0,3,0,3,0,2,0.5329709307238492,0.7300485810710471,0.49665749984547003,,,4.248987008683687e-24,0.0,0.0,False,0.9816903244592943,-4072.170792446791,-297438.05346448574,1.348009632377576e-09
UGC05764,2,2,1,1,0,2,0,2,0.341635195052332,0.5832351682546763,0.21686740891087578,3607.0602300541013,4.9397151015295995,1.2148927238444904e-23,0.6011438132216356,0.8887275813181197,True,1.7532470226731633,-3524.228158601948,962908.6365615294,5.626054409530595e-07
UGC05829,3,3,2,1,0,3,0,3,0.4798159601648413,0.6926874909833736,0.4523289542774284,848.3472219323905,1.704030142582908,2.7884072333884785e-24,0.9512443774237196,1.348154763149783,True,1.6728309092336,-2140.9024969510588,144745.31212779364,2.3451385775816695e-07
UGC05918,2,2,2,0,0,2,0,2,0.37644730802441717,0.6115444841865441,0.2576175633302434,2600.5937391861958,3.309757664643842,0.0,0.7186382694419324,1.016642116737347,True,7.878986039827251,-2057.1831157051884,2298665.7357745906,9.020601563941469e-07
UGC05986,3,3,0,3,0,3,0,3,0.46293192267332106,0.6803910071960982,0.28696213966024847,,,5.231098312375282e-24,0.43111937102176834,0.7162977811515793,True,1.1516732423145644,-11402.20672364626,-705638.8203601574,6.959014226536577e-07
UGC06399,2,2,0,2,0,2,0,2,0.507775070155556,0.7116265590012758,0.431213169364482,,,5.087372705354718e-24,0.7326527439222034,1.0287819890603735,True,1.5789540400894002,-5661.646504980396,-386744.3398952693,3.204714147507956e-08
UGC06446,4,4,4,0,0,4,0,4,0.4453422384298492,0.6671038542957191,0.41866542174827326,488.8165214647779,1.9240567808481623,0.0,0.99284593970424,1.4870137122857985,True,0.16846118458885928,-5777.35238031782,57761.61006245097,3.636313954795415e-07
UGC06614,3,3,3,0,3,0,2,0,1.4408798380632486,1.2003665432122175,1.6504613289845051,147.94914244577376,1.788014464959299,5.401518674094764e-25,0.03641692803695877,0.19200985532335896,True,0.12357376387777408,8619.044356294153,5253.347700105565,2.4271161343225146e-08
UGC06667,2,2,0,2,0,2,0,2,0.44822403470216776,0.6680789002216777,0.30019686807214374,,,8.81137527578661e-24,0.31303967057040616,0.5916829989446079,True,0.9892876684858228,-7220.1392514047275,-1383682.8801073444,1.0208070552124097e-08
UGC06786,9,9,1,8,6,3,6,0,1.0111584915079312,1.0055637679968046,0.9216007865544332,178.83923983357434,2.2904244541812155,7.574339794208651e-25,0.10057307833654128,0.32270447225754934,True,0.36788673553585177,328.29363277394606,-29645.300041898903,4.7244604519630986e-07
UGC06787,15,15,0,15,0,15,0,15,0.2779980567164484,0.5272552102316755,0.034166320977070556,,,2.2966592305763316e-24,0.0,0.0,False,0.9411699265397165,-63363.20697149152,-524687.6668271194,9.061451489136585e-10
UGC06818,2,2,2,0,2,0,0,0,1.0383347358179662,1.0189781810922098,1.0411893422812621,170.02868916842215,0.30542127920010587,4.4472349561734405e-28,0.0,0.0,False,0.4999634572839836,229.07817898163097,6960.989833238011,7.474624217141815e-14
UGC06917,3,3,1,2,0,3,0,3,0.448560948702,0.6697469288485017,0.2989999904968786,1308.762109454435,4.034035076419545,4.525334918822087e-24,0.5871835315950148,0.8730296372677249,True,1.0267224506319792,-8603.777443540279,-130536.26261532604,1.0066062319185532e-07
UGC06930,2,2,2,0,0,2,0,2,0.4313026751445428,0.6565018326319794,0.32184927600584357,1063.3852325038677,5.164722655222871,0.0,0.9425237219905401,1.3303117278025685,True,0.13008256526342454,-7052.119413260651,272062.8956589544,1.259083219640076e-06
UGC06983,4,4,4,0,0,4,0,4,0.4638555385260764,0.6808539749712923,0.39368698411472847,818.7213509714438,3.9451371187553055,0.0,0.9349241339243533,1.3143294613217205,True,0.19169099420976304,-9446.674489066656,160919.68555069942,5.917710846133866e-07
UGC07089,3,3,0,3,0,3,0,0,0.5358810768032624,0.7320389858492936,0.4538274927578676,,,6.3141297769651345e-24,0.2735536372584344,0.5503945517190366,True,0.7943510642945285,-2842.265924553098,-658655.6494198053,3.1519598375542365e-08
UGC07125,3,3,2,1,0,3,0,3,0.377579191922273,0.6144747284651119,0.21327227737549984,938.0362830998979,5.479886843141459,2.650676557143261e-24,0.6207215866473432,0.9073245373320405,True,1.0275149455292014,-3102.8419980585204,134805.59949998645,1.986473430642128e-06
UGC07151,3,3,3,0,0,3,0,3,0.3256687148702766,0.5706739129049764,0.23404399466034617,3721.7736421246664,5.687347347382738,0.0,0.8557585575043853,1.1812256292156145,True,0.26419671226944236,-5755.1514421251595,3324383.770371337,5.420575862792964e-07
UGC07323,2,2,0,2,0,2,0,1,0.745837757519931,0.8632860256350781,0.689529058290012,,,4.383855790940181e-24,0.07996654416314243,0.28668136874477856,True,0.9509751680804279,-1341.9413210078771,-416687.35137590615,1.1218136313013533e-08
UGC07399,2,2,2,0,0,2,0,2,0.40213302218014135,0.633303428771373,0.3296334564560542,1618.0149854769109,4.12575718565829,0.0,0.8883192721669844,1.2341430458573,True,0.4003082413694661,-9999.470982548126,629384.0192180915,7.940330362244256e-07
UGC07524,7,7,2,5,0,7,0,7,0.4618124495165014,0.6795678402606331,0.30197478007939516,566.5394558799157,1.7598685274412125,6.942174370772343e-24,0.49740512935036185,0.7828032810995477,True,1.4344099290773629,-4359.486459888108,-420555.84750279214,2.254514299318125e-06
UGC07577,2,2,0,2,0,2,0,0,0.44474907320800117,0.6664116613568407,0.4934029480489533,,,8.542696694072387e-23,0.9999999652173032,1.5706385696069007,True,1.0001039861584629,-34.96025242896742,-3948051.3857325055,6.716815679914727e-07
UGC07603,3,3,0,3,0,3,0,3,0.3997838271106499,0.6322846092628303,0.22056886505904505,,,2.662260874280462e-23,0.04353021451894646,0.21018308315575315,True,0.9560819775979436,-4204.887988098873,-7731717.972793777,9.12007230522839e-08
UGC08286,4,4,4,0,0,4,0,4,0.47169323796873347,0.6865533253873097,0.43334714974266736,348.49792450286566,0.7384312283976675,0.0,0.997697836964416,1.5232173388230383,True,1.053404497735873,-6746.42339573883,29422.27036885244,6.875123278975821e-07
UGC08490,6,6,1,5,0,6,0,6,0.4378472256231252,0.6615457368596795,0.2410787204790012,623.6116286429192,2.1720453491118334,6.575869704307215e-24,0.4475091161841874,0.7327507484756591,True,1.5487614665265184,-4490.591534820551,-370030.96312852646,1.9016445103477342e-06
UGC08550,3,3,0,3,0,3,0,3,0.45353561841257023,0.6734505315259394,0.32033470757596405,,,1.160996513578926e-23,0.3282664520845103,0.6100951146793748,True,0.8637955043456758,-2283.102031848553,-1144113.6434164185,4.145411396626242e-08
UGC08699,9,9,0,9,0,9,0,8,0.32371341537786413,0.568958184208527,0.16328746462508836,,,2.161321397277718e-24,3.1441863501663804e-17,5.607304477345938e-09,False,0.9328601160959588,-18546.06871849406,-310172.6899002308,6.131943769454241e-10
UGC08837,2,2,2,0,2,0,0,0,1.0133146776507491,1.0066344240289988,1.0135387431716039,98.12035220991766,0.11150796186568494,3.0921720761085964e-28,0.0,0.0,False,0.4998908065661749,20.62153228819495,2317.32153526373,4.146884399141873e-13
UGC09037,5,5,0,5,0,5,0,5,0.5844793690223545,0.7645125041635058,0.43563002466865053,,,1.4400376897673263e-24,0.32392908445086777,0.6054688969702597,True,0.7216484936830524,-11580.1456029306,-115481.79617705429,3.358364673605184e-08
UGC09133,14,14,14,0,14,0,14,0,4.686960574129184,2.164814138613283,101090.11790076393,418.92129315179744,16.061091087533637,1.3719103359061265e-25,0.08395733462907853,0.2939604654624228,True,0.488323627321231,22414.289170509583,42118.86564467067,4.100026620160204e-09
UGC11455,8,8,8,0,0,8,0,5,0.731943058994466,0.8555293184092487,1.1068188901156097,695.453576332719,5.618122461756701,0.0,0.9791624718000503,1.427319750692177,True,0.32734809063792225,-17734.314429811253,116291.93918530058,1.863322051844608e-07
UGC11557,3,3,3,0,3,0,0,3,1.1293551813808738,1.062711240827382,1.1302590803122323,359.2746807863005,0.8456199471439437,7.206445375357676e-28,0.0,0.0,False,0.49999153068155777,3032.67741959799,30978.79110098355,6.045629543176207e-13
UGC11820,2,2,1,1,0,2,0,2,0.5654755321625389,0.7502111201317871,0.49647526094055894,49.8388917412794,0.3583659623714993,6.363523355148362e-25,1.0,1.5707963267948966,True,0.19410954113597734,-1008.914955952284,-297.7925141036751,5.2755862545458836e-09
UGC11914,13,13,2,11,0,13,2,4,0.3594842035762537,0.5995700155747065,0.0986522562414698,235.44237416581507,0.7023815360598948,8.855586858279677e-25,0.9999999867932532,1.5706814061842693,True,0.5173375065369515,-9087.943238895909,-74650.90182031268,8.102832976830316e-05
UGC12506,7,7,7,0,7,0,3,0,3.622768779414161,1.9033572390421514,13.947061166539031,494.9225645896957,7.744229884573473,1.219994735748175e-25,0.04778955202347842,0.22038795999608307,True,0.4883759144416118,19667.014988463514,58787.60278560995,1.0601538262648459e-08
UGC12632,3,3,3,0,0,3,0,3,0.4309086306302164,0.656436311175895,0.2894455040737065,1477.8730943265616,5.175080416462873,0.0,0.8409570587134158,1.1605863620343757,True,0.32294353981619156,-4150.169822410682,524186.1319042478,5.033448503686146e-07
UGC12732,4,4,4,0,0,4,0,4,0.4919145676573005,0.7011307305337809,0.45657973137926483,252.9266007534322,1.5883210949471283,0.0,0.981785727905679,1.4361838585156947,True,0.1609967834916663,-2738.16050058774,15360.417474575366,4.502148179357791e-07
UGCA442,2,2,0,2,0,2,0,2,0.39917368265980735,0.6300495207366875,0.334795446004463,,,1.3693583250332606e-23,0.5301690154468621,0.8158782015954343,True,1.0384247175107622,-3726.733856451674,-1277589.6635420793,4.179060838267132e-08
UGCA444,8,8,0,8,0,8,0,2,0.531679017514415,0.7291228969191781,0.5268680565888968,,,2.1292915504154353e-23,1.0,1.5707963261739732,True,0.9989788310481822,-803.7619076941153,-1142290.2411090068,4.7769978598842554e-09
